version,name,fold,feature_set,n_features,r2_uniform,mae_mean_pp
V5_arch,model,-1,unknown,633,0.7667310833930969,2.839513123035431
V5_arch,model,-1,unknown,633,0.7573006749153137,2.7621233835816383
V5_arch,model,-1,unknown,633,0.7666341662406921,2.860846929252148
V5_arch,model,-1,unknown,633,0.7979912161827087,2.7293620631098747
V5_arch,model,-1,unknown,633,0.7788717150688171,2.8134427964687347
V5_arch,model,-1,unknown,633,0.7655026316642761,2.8423747047781944
V5_arch,model,-1,unknown,633,0.8158103823661804,2.778836339712143
V5_arch,model,-1,unknown,633,0.8054816126823425,2.858993224799633
V5_arch,model,-1,unknown,813,0.7919204831123352,2.644898556172848
V5_arch,model,-1,unknown,813,0.7867164611816406,2.709985338151455
V5_arch,model,-1,unknown,813,0.793389618396759,2.630598284304142
V5_arch,model,-1,unknown,813,0.7683551907539368,2.6577824726700783
V5_arch,model,-1,unknown,813,0.7868995666503906,2.685161493718624
V5_arch,model,-1,unknown,813,0.7697529196739197,2.6704102754592896
V5_arch,model,-1,unknown,813,0.7765498757362366,2.630765736103058
V5_arch,model,-1,unknown,813,0.771571159362793,2.712601236999035
V5_arch,model,-1,unknown,633,0.7417653203010559,3.634730353951454
V5_arch,model,-1,unknown,633,0.7462324500083923,3.548992425203324
V5_arch,model,-1,unknown,633,0.7448489665985107,3.633834049105644
V5_arch,model,-1,unknown,633,0.738983154296875,3.742439672350884
V5_arch,model,-1,unknown,633,0.7500246167182922,3.722237423062325
V5_arch,model,-1,unknown,633,0.7243908047676086,3.8342472165822974
V5_arch,model,-1,unknown,633,0.7312042713165283,4.040936008095741
V5_arch,model,-1,unknown,633,0.7509041428565979,3.634767234325409
V5_arch,model,-1,unknown,813,0.7474164962768555,3.6378201097249994
V5_arch,model,-1,unknown,813,0.7532641291618347,3.620724380016327
V5_arch,model,-1,unknown,813,0.7541379332542419,3.524479642510414
V5_arch,model,-1,unknown,813,0.7453739047050476,3.478617593646049
V5_arch,model,-1,unknown,813,0.7522987723350525,3.469674289226532
V5_arch,model,-1,unknown,813,0.761358916759491,3.5324931144714355
V5_arch,model,-1,unknown,813,0.7363267540931702,3.619181737303734
V5_arch,model,-1,unknown,813,0.7316483855247498,3.7733878940343857
V5_arch,model,-1,unknown,633,0.6452034115791321,1.7747912555933
V5_arch,model,-1,unknown,633,0.6950711607933044,1.7069652676582336
V5_arch,model,-1,unknown,633,0.6331523060798645,1.7781933769583702
V5_arch,model,-1,unknown,633,0.6802130341529846,1.6894182190299034
V5_arch,model,-1,unknown,633,0.7201667428016663,1.7477413639426231
V5_arch,model,-1,unknown,633,0.6396543383598328,1.805173233151436
V5_arch,model,-1,unknown,633,0.6589153409004211,1.849265955388546
V5_arch,model,-1,unknown,633,0.6799092888832092,1.803048513829708
V5_arch,model,-1,unknown,813,0.6984153389930725,1.7443008720874786
V5_arch,model,-1,unknown,813,0.7065659165382385,1.7124785110354424
V5_arch,model,-1,unknown,813,0.7095246911048889,1.7612768337130549
V5_arch,model,-1,unknown,813,0.7102649807929993,1.7516380175948143
V5_arch,model,-1,unknown,813,0.6959772109985352,1.7344512045383451
V5_arch,model,-1,unknown,813,0.699567973613739,1.721109263598919
V5_arch,model,-1,unknown,813,0.6915223598480225,1.7677705734968183
V5_arch,model,-1,unknown,813,0.6783210635185242,1.743361912667751
V5_arch,model,-1,unknown,633,0.717268168926239,4.384293779730797
V5_arch,model,-1,unknown,633,0.6165311932563782,4.355625435709953
V5_arch,model,-1,unknown,633,0.6636112928390503,4.094156995415688
V5_arch,model,-1,unknown,633,0.6052055358886719,4.291660711169243
V5_arch,model,-1,unknown,633,0.561812162399292,4.242268204689026
V5_arch,model,-1,unknown,633,0.6908516883850098,4.297493398189545
V5_arch,model,-1,unknown,633,0.6996026635169983,4.04859334230423
V5_arch,model,-1,unknown,633,0.7211322784423828,4.3176185339689255
V5_arch,model,-1,unknown,813,0.6865273118019104,3.9170417934656143
V5_arch,model,-1,unknown,813,0.5407275557518005,3.925686702132225
V5_arch,model,-1,unknown,813,0.6010046601295471,3.82763110101223
V5_arch,model,-1,unknown,813,0.5406946539878845,3.956829383969307
V5_arch,model,-1,unknown,813,0.5833547711372375,4.004988074302673
V5_arch,model,-1,unknown,813,0.7055760025978088,4.070549458265305
V5_arch,model,-1,unknown,813,0.0364350490272045,4.100755229592323
V5_arch,model,-1,unknown,813,0.5732119679450989,4.029048979282379
V5_arch,model,-1,unknown,633,0.7403738498687744,1.19429724290967
V5_arch,model,-1,unknown,633,0.7551953196525574,1.173830684274435
V5_arch,model,-1,unknown,633,0.5624783635139465,1.2318044900894165
V5_arch,model,-1,unknown,633,0.7807446122169495,1.1525467038154602
V5_arch,model,-1,unknown,633,0.6858275532722473,1.1692340485751629
V5_arch,model,-1,unknown,633,0.7236862778663635,1.188726257532835
V5_arch,model,-1,unknown,633,0.781586229801178,1.1924815364181995
V5_arch,model,-1,unknown,633,0.74640291929245,1.143521722406149
V5_arch,model,-1,unknown,813,0.7697380185127258,1.1919931508600712
V5_arch,model,-1,unknown,813,0.6119257807731628,1.1972177773714066
V5_arch,model,-1,unknown,813,0.7923710942268372,1.148353796452284
V5_arch,model,-1,unknown,813,0.7875001430511475,1.1512835510075092
V5_arch,model,-1,unknown,813,0.7819443345069885,1.1682044714689257
V5_arch,model,-1,unknown,813,0.7498307228088379,1.177111268043518
V5_arch,model,-1,unknown,813,0.7838131785392761,1.1796764098107817
V5_arch,model,-1,unknown,813,0.7919468283653259,1.150012668222189
V5_deep,model,-1,unknown,798,0.8312017321586609,2.570935897529125
V5_deep,model,-1,unknown,798,0.8608360290527344,2.6001282036304474
V5_deep,model,-1,unknown,798,0.8226262927055359,2.6071086525917053
V5_deep,model,-1,unknown,798,0.7886099815368652,2.566664665937424
V5_deep,model,-1,unknown,798,0.821721076965332,2.644112706184387
V5_deep,model,-1,unknown,798,0.8007466793060303,2.616599760949612
V5_deep,model,-1,unknown,798,0.8331052660942078,2.661028318107128
V5_deep,model,-1,unknown,798,0.8388057351112366,2.612181566655636
V5_deep,model,-1,unknown,798,0.861024796962738,2.59218942373991
V5_deep,model,-1,unknown,798,0.8323709964752197,2.6416366919875145
V5_deep,model,-1,unknown,798,-5.0425124168396,23.938606679439545
V5_deep,model,-1,unknown,798,-4.828451633453369,23.59517365694046
V5_deep,model,-1,unknown,798,0.2085697501897812,7.093734294176102
V5_deep,model,-1,unknown,798,-0.0416534133255481,8.13497081398964
V5_deep,model,-1,unknown,798,0.5811511874198914,4.412093386054039
V5_deep,model,-1,unknown,798,0.2355270236730575,6.406238675117493
V5_deep,model,-1,unknown,798,0.8147404789924622,2.7042271569371223
V5_deep,model,-1,unknown,798,0.7822861075401306,2.63314675539732
V5_deep,model,-1,unknown,798,0.8160498142242432,2.625430189073086
V5_deep,model,-1,unknown,798,0.8531444668769836,2.6001622900366783
V5_deep,model,-1,unknown,924,0.855187714099884,2.6770785450935364
V5_deep,model,-1,unknown,924,0.8006371855735779,2.730797231197357
V5_deep,model,-1,unknown,924,0.7983601689338684,2.6467010378837585
V5_deep,model,-1,unknown,924,0.8560657501220703,2.577936463057995
V5_deep,model,-1,unknown,924,0.7740724086761475,2.6458365842700005
V5_deep,model,-1,unknown,924,0.8226339221000671,2.698556892573833
V5_deep,model,-1,unknown,924,0.7686260342597961,2.7350232005119324
V5_deep,model,-1,unknown,924,0.7850642204284668,2.614164911210537
V5_deep,model,-1,unknown,924,0.819616973400116,2.6555871590971947
V5_deep,model,-1,unknown,924,0.7867206931114197,2.627798914909363
V5_deep,model,-1,unknown,924,-5.165484428405762,23.53471964597702
V5_deep,model,-1,unknown,924,-4.927955150604248,23.662491142749783
V5_deep,model,-1,unknown,924,0.4556317329406738,6.064042821526527
V5_deep,model,-1,unknown,924,-0.0072345933876931,8.187755942344666
V5_deep,model,-1,unknown,924,0.5917525887489319,4.281867668032646
V5_deep,model,-1,unknown,924,0.1433673053979873,7.505454123020172
V5_deep,model,-1,unknown,924,0.767587423324585,2.70687285810709
V5_deep,model,-1,unknown,924,0.8566548228263855,2.656472288072109
V5_deep,model,-1,unknown,924,0.7661369442939758,2.74178683757782
V5_deep,model,-1,unknown,924,0.8570817112922668,2.673131041228771
V5_deep,model,-1,unknown,1428,0.8063113689422607,2.7097515761852264
V5_deep,model,-1,unknown,1428,0.7622613310813904,2.859614044427872
V5_deep,model,-1,unknown,1428,0.7948975563049316,2.8714893385767937
V5_deep,model,-1,unknown,1428,0.8271262645721436,2.6998795568943024
V5_deep,model,-1,unknown,1428,0.7530439496040344,2.853553928434849
V5_deep,model,-1,unknown,1428,0.7519962787628174,2.8837544843554497
V5_deep,model,-1,unknown,1428,0.746002197265625,2.837546728551388
V5_deep,model,-1,unknown,1428,0.785023033618927,3.019196353852749
V5_deep,model,-1,unknown,1428,0.7914876937866211,2.9428163543343544
V5_deep,model,-1,unknown,1428,0.7746589779853821,2.8784267604351044
V5_deep,model,-1,unknown,1428,-5.282993793487549,23.847822844982147
V5_deep,model,-1,unknown,1428,-4.908951282501221,23.651187121868134
V5_deep,model,-1,unknown,1428,0.4433103501796722,5.424467846751213
V5_deep,model,-1,unknown,1428,0.5129469037055969,5.860507860779762
V5_deep,model,-1,unknown,1428,0.5036211609840393,4.934779182076454
V5_deep,model,-1,unknown,1428,-0.238793134689331,8.898615837097168
V5_deep,model,-1,unknown,1428,0.7696945071220398,2.9212407767772675
V5_deep,model,-1,unknown,1428,0.801961362361908,2.791406400501728
V5_deep,model,-1,unknown,1428,0.7541049122810364,2.854139916598797
V5_deep,model,-1,unknown,1428,0.8027267456054688,2.8319476172327995
V5_deep,model,-1,unknown,798,0.7522532343864441,3.3514734357595444
V5_deep,model,-1,unknown,798,0.7632389664649963,3.4323077648878098
V5_deep,model,-1,unknown,798,0.7684810757637024,3.331989049911499
V5_deep,model,-1,unknown,798,0.7691323757171631,3.274964913725853
V5_deep,model,-1,unknown,798,0.7651972770690918,3.400114178657532
V5_deep,model,-1,unknown,798,0.7549588680267334,3.388800099492073
V5_deep,model,-1,unknown,798,0.7537815570831299,3.4637633711099625
V5_deep,model,-1,unknown,798,0.7507750391960144,3.7875209003686905
V5_deep,model,-1,unknown,798,0.7680942416191101,3.3521488308906555
V5_deep,model,-1,unknown,798,0.7615518569946289,3.375114500522613
V5_deep,model,-1,unknown,798,-16.111480712890625,23.33512157201767
V5_deep,model,-1,unknown,798,-15.496222496032717,23.228561878204346
V5_deep,model,-1,unknown,798,-0.2396219223737716,10.235831886529922
V5_deep,model,-1,unknown,798,0.369562953710556,6.926219165325165
V5_deep,model,-1,unknown,798,0.4434455633163452,6.475827097892761
V5_deep,model,-1,unknown,798,0.754408061504364,3.4920964390039444
V5_deep,model,-1,unknown,798,0.7503566145896912,3.526512905955314
V5_deep,model,-1,unknown,798,0.7591121792793274,3.429964557290077
V5_deep,model,-1,unknown,798,0.7690919041633606,3.43964546918869
V5_deep,model,-1,unknown,924,0.7258296012878418,3.46570648252964
V5_deep,model,-1,unknown,924,0.7533540725708008,3.692365065217018
V5_deep,model,-1,unknown,924,0.7629428505897522,3.4024231135845184
V5_deep,model,-1,unknown,924,0.7635860443115234,3.405250236392021
V5_deep,model,-1,unknown,924,0.7557277679443359,3.5636425018310547
V5_deep,model,-1,unknown,924,0.7640833854675293,3.454000875353813
V5_deep,model,-1,unknown,924,0.7193109393119812,3.607673570513725
V5_deep,model,-1,unknown,924,0.7558889985084534,3.5596799105405807
V5_deep,model,-1,unknown,924,0.760784387588501,3.497160598635673
V5_deep,model,-1,unknown,924,0.7496356964111328,3.499898314476013
V5_deep,model,-1,unknown,924,0.7517313361167908,3.5655785351991653
V5_deep,model,-1,unknown,924,0.7688276171684265,3.334297612309456
V5_deep,model,-1,unknown,924,0.7331427931785583,3.4357067197561264
V5_deep,model,-1,unknown,924,0.7522060871124268,3.544307127594948
V5_deep,model,-1,unknown,1428,0.7479836344718933,3.716539964079857
V5_deep,model,-1,unknown,1428,0.7323362231254578,3.773742914199829
V5_deep,model,-1,unknown,1428,0.7433486580848694,3.833051398396492
V5_deep,model,-1,unknown,1428,0.7486376762390137,3.598390892148018
V5_deep,model,-1,unknown,1428,0.7557377219200134,3.706909343600273
V5_deep,model,-1,unknown,1428,0.7191872000694275,4.019549861550331
V5_deep,model,-1,unknown,1428,0.7343206405639648,3.810084611177445
V5_deep,model,-1,unknown,1428,0.7309566140174866,3.815928846597672
V5_deep,model,-1,unknown,1428,0.7488322257995605,3.612390905618668
V5_deep,model,-1,unknown,1428,0.7251790165901184,3.794253244996071
V5_deep,model,-1,unknown,1428,0.7326653599739075,3.861089050769806
V5_deep,model,-1,unknown,1428,0.7404109835624695,3.6539454013109207
V5_deep,model,-1,unknown,1428,0.7280864715576172,3.783727809786797
V5_deep,model,-1,unknown,1428,0.7413382530212402,3.652539476752281
V5_deep,model,-1,unknown,798,0.7263557314872742,1.6341187059879303
V5_deep,model,-1,unknown,798,0.7204709053039551,1.707005500793457
V5_deep,model,-1,unknown,798,0.6636536121368408,1.7060596495866776
V5_deep,model,-1,unknown,798,0.7525172829627991,1.6164954751729963
V5_deep,model,-1,unknown,798,0.6848744750022888,1.6800960525870323
V5_deep,model,-1,unknown,798,0.6963099837303162,1.7366552725434303
V5_deep,model,-1,unknown,798,0.6882238388061523,1.7408667132258415
V5_deep,model,-1,unknown,798,0.6504594683647156,1.7388341948390007
V5_deep,model,-1,unknown,798,0.6849408745765686,1.685514114797115
V5_deep,model,-1,unknown,798,0.7091208100318909,1.6910554841160774
V5_deep,model,-1,unknown,798,0.662355899810791,1.7496133223176005
V5_deep,model,-1,unknown,798,0.6891947388648987,1.7060643061995506
V5_deep,model,-1,unknown,798,0.6648971438407898,1.6776477918028831
V5_deep,model,-1,unknown,798,0.7121939063072205,1.7330264672636986
V5_deep,model,-1,unknown,924,0.724590003490448,1.734866015613079
V5_deep,model,-1,unknown,924,0.7250404357910156,1.699960045516491
V5_deep,model,-1,unknown,924,0.7391194701194763,1.7008617520332336
V5_deep,model,-1,unknown,924,0.767128050327301,1.69305969029665
V5_deep,model,-1,unknown,924,0.7067074775695801,1.7390839755535126
V5_deep,model,-1,unknown,924,0.7341341972351074,1.704921014606953
V5_deep,model,-1,unknown,924,0.5837805867195129,1.744815893471241
V5_deep,model,-1,unknown,924,0.7195615768432617,1.7297005280852318
V5_deep,model,-1,unknown,924,0.7141034007072449,1.708722859621048
V5_deep,model,-1,unknown,924,0.7400528788566589,1.6961432993412018
V5_deep,model,-1,unknown,924,0.6635871529579163,1.775776408612728
V5_deep,model,-1,unknown,924,0.7588677406311035,1.6585951671004295
V5_deep,model,-1,unknown,924,0.6625463366508484,1.720140315592289
V5_deep,model,-1,unknown,924,0.6696116328239441,1.793789304792881
V5_deep,model,-1,unknown,1428,0.7094828486442566,1.7518801614642143
V5_deep,model,-1,unknown,1428,0.6405732035636902,1.773708313703537
V5_deep,model,-1,unknown,1428,0.6901378631591797,1.7543967813253405
V5_deep,model,-1,unknown,1428,0.727078914642334,1.678781770169735
V5_deep,model,-1,unknown,1428,0.6540586948394775,1.810733787715435
V5_deep,model,-1,unknown,1428,0.7028892040252686,1.7882360145449638
V5_deep,model,-1,unknown,1428,0.6501606106758118,1.817885972559452
V5_deep,model,-1,unknown,1428,0.7304697036743164,1.7074516043066978
V5_deep,model,-1,unknown,1428,0.6790215373039246,1.7657198011875153
V5_deep,model,-1,unknown,1428,0.6608219146728516,1.783968321979046
V5_deep,model,-1,unknown,1428,0.6676128506660461,1.8075516447424889
V5_deep,model,-1,unknown,1428,0.7153964638710022,1.717657409608364
V5_deep,model,-1,unknown,1428,0.6461079120635986,1.836804486811161
V5_deep,model,-1,unknown,1428,0.6625823378562927,1.823679357767105
V5_deep,model,-1,unknown,798,0.694240391254425,3.762558102607727
V5_deep,model,-1,unknown,798,0.741528332233429,3.6767303943634033
V5_deep,model,-1,unknown,798,0.4128658771514892,4.046474024653435
V5_deep,model,-1,unknown,798,0.497403472661972,3.61076220870018
V5_deep,model,-1,unknown,798,0.7585843205451965,3.9031527936458583
V5_deep,model,-1,unknown,798,0.6995334029197693,3.6383334547281274
V5_deep,model,-1,unknown,798,0.5229977965354919,3.8844481110572815
V5_deep,model,-1,unknown,798,0.7385228276252747,3.804546967148781
V5_deep,model,-1,unknown,798,0.7071564197540283,3.7102308124303818
V5_deep,model,-1,unknown,798,0.667041540145874,3.722043707966805
V5_deep,model,-1,unknown,798,0.6742191314697266,3.996590524911881
V5_deep,model,-1,unknown,798,0.7128322124481201,3.809724003076553
V5_deep,model,-1,unknown,798,0.7372779846191406,3.888101503252983
V5_deep,model,-1,unknown,798,0.6061916351318359,3.866416588425636
V5_deep,model,-1,unknown,924,0.5859966278076172,3.566882014274597
V5_deep,model,-1,unknown,924,0.5209717750549316,3.7540990859270096
V5_deep,model,-1,unknown,924,0.4158815443515777,3.782181441783905
V5_deep,model,-1,unknown,924,0.4651178121566772,3.6568593233823776
V5_deep,model,-1,unknown,924,0.7594756484031677,3.788758814334869
V5_deep,model,-1,unknown,924,0.7382623553276062,3.803567215800285
V5_deep,model,-1,unknown,924,0.7283645272254944,3.509790077805519
V5_deep,model,-1,unknown,924,0.6547310948371887,3.681715205311775
V5_deep,model,-1,unknown,924,0.7675606608390808,3.764693066477776
V5_deep,model,-1,unknown,924,0.6802499890327454,3.7678323686122894
V5_deep,model,-1,unknown,924,0.6915525794029236,3.767058625817299
V5_deep,model,-1,unknown,924,0.7602753639221191,3.7105221301317215
V5_deep,model,-1,unknown,924,0.6043277978897095,3.7519697099924088
V5_deep,model,-1,unknown,924,0.7411454319953918,3.816498816013336
V5_deep,model,-1,unknown,1428,0.7467243671417236,3.9556603878736496
V5_deep,model,-1,unknown,1428,0.7160224914550781,4.031949862837791
V5_deep,model,-1,unknown,1428,0.3336068093776703,4.125487059354782
V5_deep,model,-1,unknown,1428,0.7007269263267517,4.047420993447304
V5_deep,model,-1,unknown,1428,0.7381908893585205,4.1100818663835526
V5_deep,model,-1,unknown,1428,0.738245964050293,3.941714391112328
V5_deep,model,-1,unknown,1428,0.7323732376098633,3.842718154191971
V5_deep,model,-1,unknown,1428,0.7359254956245422,4.052906110882759
V5_deep,model,-1,unknown,1428,0.7291103005409241,4.200080409646034
V5_deep,model,-1,unknown,1428,0.7060149312019348,3.9646629244089127
V5_deep,model,-1,unknown,1428,0.5832570195198059,4.126153141260147
V5_deep,model,-1,unknown,1428,0.7019057273864746,3.9787624031305313
V5_deep,model,-1,unknown,1428,0.6626283526420593,4.212392866611481
V5_deep,model,-1,unknown,1428,0.7539727091789246,4.2075201869010925
V5_deep,model,-1,unknown,798,0.842843770980835,1.1076168157160282
V5_deep,model,-1,unknown,798,0.7524970173835754,1.1526436544954777
V5_deep,model,-1,unknown,798,0.7978400588035583,1.1096108704805374
V5_deep,model,-1,unknown,798,0.8295819163322449,1.1075184680521488
V5_deep,model,-1,unknown,798,0.6423929333686829,1.111797709017992
V5_deep,model,-1,unknown,798,0.8321688175201416,1.158688124269247
V5_deep,model,-1,unknown,798,0.7391672730445862,1.1705289594829082
V5_deep,model,-1,unknown,798,0.6031952500343323,1.1907809413969517
V5_deep,model,-1,unknown,798,0.6842515468597412,1.1844477616250515
V5_deep,model,-1,unknown,798,0.7900839447975159,1.1083018966019154
V5_deep,model,-1,unknown,798,0.8041215538978577,1.1516387574374676
V5_deep,model,-1,unknown,798,0.7976728081703186,1.119799166917801
V5_deep,model,-1,unknown,798,0.6926358342170715,1.1606580577790735
V5_deep,model,-1,unknown,798,0.7179004549980164,1.1405736207962036
V5_deep,model,-1,unknown,924,0.7692313194274902,1.12695237621665
V5_deep,model,-1,unknown,924,0.7713561058044434,1.1889939196407795
V5_deep,model,-1,unknown,924,0.744480311870575,1.1529679410159588
V5_deep,model,-1,unknown,924,0.7943100929260254,1.1843559332191944
V5_deep,model,-1,unknown,924,0.6882927417755127,1.1663307435810566
V5_deep,model,-1,unknown,924,0.7821356654167175,1.1656682007014751
V5_deep,model,-1,unknown,924,0.7848322987556458,1.143431756645441
V5_deep,model,-1,unknown,924,0.5805536508560181,1.168655697256327
V5_deep,model,-1,unknown,924,0.7500360608100891,1.163520012050867
V5_deep,model,-1,unknown,924,0.7350730299949646,1.152955275028944
V5_deep,model,-1,unknown,924,0.7822617888450623,1.1860801838338375
V5_deep,model,-1,unknown,924,0.7911152839660645,1.2016038410365582
V5_deep,model,-1,unknown,924,0.6743733286857605,1.173622626811266
V5_deep,model,-1,unknown,924,0.722482442855835,1.1326219886541369
V5_deep,model,-1,unknown,1428,0.7976272702217102,1.1946226470172403
V5_deep,model,-1,unknown,1428,0.7609734535217285,1.2084214948117733
V5_deep,model,-1,unknown,1428,0.7780756950378418,1.1634382419288158
V5_deep,model,-1,unknown,1428,0.78779536485672,1.2370902113616469
V5_deep,model,-1,unknown,1428,0.7152060866355896,1.302469987422228
V5_deep,model,-1,unknown,1428,0.7496976852416992,1.2702100910246372
V5_deep,model,-1,unknown,1428,0.7429873943328857,1.2423950247466564
V5_deep,model,-1,unknown,1428,0.7323644161224365,1.199568901211023
V5_deep,model,-1,unknown,1428,0.7516694664955139,1.2180102057754991
V5_deep,model,-1,unknown,1428,0.7634081840515137,1.1834502220153809
V5_deep,model,-1,unknown,1428,0.7584179043769836,1.2175548821687698
V5_deep,model,-1,unknown,1428,0.7645263671875,1.2337553314864635
V5_deep,model,-1,unknown,1428,0.7051995396614075,1.263353880494833
V5_deep,model,-1,unknown,1428,0.7205397486686707,1.2558091431856155
V6_arch,model,-1,unknown,1083,0.8106179237365723,2.6684321463108063
V6_arch,model,-1,unknown,1083,0.7875630259513855,2.625648491084576
V6_arch,model,-1,unknown,1083,0.7995249629020691,2.7503391727805138
V6_arch,model,-1,unknown,1083,0.7670871615409851,2.631098218262196
V6_arch,model,-1,unknown,1083,0.8146246075630188,2.623879350721836
V6_arch,model,-1,unknown,1083,0.8213266730308533,2.6662014424800877
V6_arch,model,-1,unknown,1083,0.8088786005973816,2.7264511212706566
V6_arch,model,-1,unknown,1083,0.8264610767364502,2.784387953579426
V6_arch,model,-1,unknown,1083,0.8264955878257751,2.5920813903212547
V6_arch,model,-1,unknown,1083,0.7727014422416687,2.7532288804650307
V6_arch,model,-1,unknown,1083,0.7557585835456848,3.387388959527016
V6_arch,model,-1,unknown,1083,0.7514168620109558,3.5733450204133987
V6_arch,model,-1,unknown,1083,0.7105560898780823,3.633046522736549
V6_arch,model,-1,unknown,1083,0.7634034752845764,3.372790291905403
V6_arch,model,-1,unknown,1083,0.7598748207092285,3.592165559530258
V6_arch,model,-1,unknown,1083,0.7558343410491943,3.477790951728821
V6_arch,model,-1,unknown,1083,0.7634773254394531,3.55738066136837
V6_arch,model,-1,unknown,1083,0.7512712478637695,3.5258088260889053
V6_arch,model,-1,unknown,1083,0.756260871887207,3.4703154116868973
V6_arch,model,-1,unknown,1083,0.7523655295372009,3.513086214661598
V6_arch,model,-1,unknown,1083,0.7080793380737305,1.6889868304133415
V6_arch,model,-1,unknown,1083,0.7228824496269226,1.663406752049923
V6_arch,model,-1,unknown,1083,0.6791413426399231,1.7221318557858467
V6_arch,model,-1,unknown,1083,0.6584217548370361,1.7015675082802773
V6_arch,model,-1,unknown,1083,0.6907661557197571,1.7183316871523855
V6_arch,model,-1,unknown,1083,0.6863260269165039,1.703844964504242
V6_arch,model,-1,unknown,1083,0.7323196530342102,1.6803372651338575
V6_arch,model,-1,unknown,1083,0.7120111584663391,1.688036136329174
V6_arch,model,-1,unknown,1083,0.6826968193054199,1.6858888790011406
V6_arch,model,-1,unknown,1083,0.6521557569503784,1.7428617924451828
V6_arch,model,-1,unknown,1083,0.5090539455413818,3.880100697278976
V6_arch,model,-1,unknown,1083,0.5023614168167114,3.7331808358430862
V6_arch,model,-1,unknown,1083,0.591160237789154,3.7764061242342
V6_arch,model,-1,unknown,1083,0.6930575966835022,3.906971588730812
V6_arch,model,-1,unknown,1083,0.7115724682807922,3.746761381626129
V6_arch,model,-1,unknown,1083,0.7290499210357666,3.7991411983966823
V6_arch,model,-1,unknown,1083,0.5003767609596252,3.7621986120939255
V6_arch,model,-1,unknown,1083,0.6854121685028076,3.995597735047341
V6_arch,model,-1,unknown,1083,0.6811075806617737,3.941967338323593
V6_arch,model,-1,unknown,1083,0.6130523085594177,3.859817609190941
V6_arch,model,-1,unknown,1083,0.7537901997566223,1.1561387218534946
V6_arch,model,-1,unknown,1083,0.7326493859291077,1.1094916611909866
V6_arch,model,-1,unknown,1083,0.7216941714286804,1.1068657040596008
V6_arch,model,-1,unknown,1083,0.7851305603981018,1.1308311484754086
V6_arch,model,-1,unknown,1083,0.7473624348640442,1.1544324457645416
V6_arch,model,-1,unknown,1083,0.8023760914802551,1.1238306760787964
V6_arch,model,-1,unknown,1083,0.7610637545585632,1.1271911673247814
V6_arch,model,-1,unknown,1083,0.7411885857582092,1.1718965135514736
V6_arch,model,-1,unknown,1083,0.6488979458808899,1.138067897409201
V6_arch,model,-1,unknown,1083,0.6872069835662842,1.2038052082061768
V7_arch,model,-1,unknown,1173,0.8300431370735168,2.716362662613392
V7_arch,model,-1,unknown,1173,0.8437713980674744,2.6422932744026184
V7_arch,model,-1,unknown,1173,0.7921679615974426,2.755661867558956
V7_arch,model,-1,unknown,1173,0.7844817638397217,2.664787322282791
V7_arch,model,-1,unknown,1173,0.8115242123603821,2.661960013210773
V7_arch,model,-1,unknown,1173,0.8144132494926453,2.629176527261734
V7_arch,model,-1,unknown,1173,0.8107207417488098,2.6165619492530823
V7_arch,model,-1,unknown,1173,0.7906747460365295,2.901851385831833
V7_arch,model,-1,unknown,1173,0.7721691131591797,2.680366486310959
V7_arch,model,-1,unknown,1173,0.7802472114562988,2.68878061324358
V7_arch,model,-1,unknown,1173,0.7429599761962891,3.4561846405267715
V7_arch,model,-1,unknown,1173,0.730516254901886,3.4827832132577896
V7_arch,model,-1,unknown,1173,0.7595685124397278,3.3803358674049377
V7_arch,model,-1,unknown,1173,0.7434794306755066,3.544129803776741
V7_arch,model,-1,unknown,1173,0.7526721358299255,3.474537655711174
V7_arch,model,-1,unknown,1173,0.7429897785186768,3.681571409106255
V7_arch,model,-1,unknown,1173,0.6966543793678284,3.560379520058632
V7_arch,model,-1,unknown,1173,0.7522128224372864,3.548827767372132
V7_arch,model,-1,unknown,1173,0.7551329731941223,3.5619303584098816
V7_arch,model,-1,unknown,1173,0.7260865569114685,3.800787404179573
V7_arch,model,-1,unknown,1173,0.694232165813446,1.6797028481960297
V7_arch,model,-1,unknown,1173,0.7350710034370422,1.688050664961338
V7_arch,model,-1,unknown,1173,0.7207126617431641,1.7101740464568138
V7_arch,model,-1,unknown,1173,0.6480336785316467,1.6417454928159714
V7_arch,model,-1,unknown,1173,0.6796000003814697,1.700399070978165
V7_arch,model,-1,unknown,1173,0.6786556243896484,1.7880752682685852
V7_arch,model,-1,unknown,1173,0.7466195225715637,1.6555849462747574
V7_arch,model,-1,unknown,1173,0.6341781616210938,1.7314724624156952
V7_arch,model,-1,unknown,1173,0.7056023478507996,1.7690731212496758
V7_arch,model,-1,unknown,1173,0.7143355011940002,1.734793744981289
V7_arch,model,-1,unknown,1173,0.0804138407111167,3.8386426866054535
V7_arch,model,-1,unknown,1173,0.6542533040046692,3.71435321867466
V7_arch,model,-1,unknown,1173,0.669639527797699,3.8490891456604
V7_arch,model,-1,unknown,1173,0.6893129944801331,3.677494451403618
V7_arch,model,-1,unknown,1173,0.0385883450508117,3.8831349462270737
V7_arch,model,-1,unknown,1173,0.667774498462677,3.845144435763359
V7_arch,model,-1,unknown,1173,0.4173672199249267,3.67320068180561
V7_arch,model,-1,unknown,1173,0.5535569787025452,3.857985511422157
V7_arch,model,-1,unknown,1173,0.7166211009025574,3.861786425113678
V7_arch,model,-1,unknown,1173,0.1368319988250732,3.919180855154991
V7_arch,model,-1,unknown,1173,0.8216521739959717,1.1272847652435305
V7_arch,model,-1,unknown,1173,0.7849739193916321,1.1213227175176144
V7_arch,model,-1,unknown,1173,0.750697672367096,1.129329577088356
V7_arch,model,-1,unknown,1173,0.6863009929656982,1.1469709686934948
V7_arch,model,-1,unknown,1173,0.5862869620323181,1.1419146321713924
V7_arch,model,-1,unknown,1173,0.7934578061103821,1.19268661364913
V7_arch,model,-1,unknown,1173,0.8401252627372742,1.0923784226179123
V7_arch,model,-1,unknown,1173,0.7654765248298645,1.1065777391195295
V7_arch,model,-1,unknown,1173,0.4930931329727173,1.1462525464594364
V7_arch,model,-1,unknown,1173,0.5443540215492249,1.1611022986471653
V9_texture,model,-1,unknown,858,0.8472285270690918,2.744478546082973
V9_texture,model,-1,unknown,864,0.8439252972602844,2.6434922590851784
V9_texture,model,-1,unknown,852,0.7998653054237366,2.5658318772912025
V9_texture,model,-1,unknown,1002,0.8191759586334229,2.7256133034825325
V9_texture,model,-1,unknown,942,0.7983588576316833,2.7119146659970284
V9_texture,model,-1,unknown,840,0.845245361328125,2.595653384923935
V9_texture,model,-1,unknown,924,0.8474231362342834,2.657475881278515
V9_texture,model,-1,unknown,912,0.8172934055328369,2.605551481246948
V9_texture,model,-1,unknown,1062,0.7724697589874268,2.829061448574066
V9_texture,model,-1,unknown,1002,0.8485890030860901,2.644181437790394
V9_texture,model,-1,unknown,900,0.777280867099762,2.712862752377987
V9_texture,model,-1,unknown,918,0.8301869034767151,2.568490616977215
V9_texture,model,-1,unknown,1068,0.8183066844940186,2.7721120044589043
V9_texture,model,-1,unknown,1008,0.8565633893013,2.6479991152882576
V9_texture,model,-1,unknown,906,0.8267015814781189,2.727697789669037
V9_texture,model,-1,unknown,1056,0.7838904857635498,2.6616310700774197
V9_texture,model,-1,unknown,996,0.8521416187286377,2.602887339890003
V9_texture,model,-1,unknown,894,0.8304617404937744,2.634268067777157
V9_texture,model,-1,unknown,1146,0.7742738723754883,2.781816013157368
V9_texture,model,-1,unknown,1044,0.7682616710662842,2.937760762870312
V9_texture,model,-1,unknown,984,0.7989358305931091,2.6529477909207344
V9_texture,model,-1,unknown,978,0.846270740032196,2.664949931204319
V9_texture,model,-1,unknown,1128,0.7637903094291687,2.764607034623623
V9_texture,model,-1,unknown,1068,0.8305408954620361,2.632930316030979
V9_texture,model,-1,unknown,966,0.816044270992279,2.697325684130192
V9_texture,model,-1,unknown,1116,0.6342614889144897,2.899857424199581
V9_texture,model,-1,unknown,1056,0.8317961692810059,2.6006674394011497
V9_texture,model,-1,unknown,954,0.8124805092811584,2.6687970384955406
V9_texture,model,-1,unknown,1206,0.8302435874938965,2.8295740485191345
V9_texture,model,-1,unknown,1104,0.8354437947273254,2.756857313215733
V9_texture,model,-1,unknown,1044,0.8446879386901855,2.590414695441723
V9_texture,model,-1,unknown,1122,0.7915747165679932,2.8014125302433968
V9_texture,model,-1,unknown,1062,0.8677904009819031,2.6447780430316925
V9_texture,model,-1,unknown,960,0.8533557057380676,2.649112045764923
V9_texture,model,-1,unknown,1212,0.791564404964447,2.8662867844104767
V9_texture,model,-1,unknown,1110,0.796603262424469,2.7817124500870705
V9_texture,model,-1,unknown,1050,0.8314631581306458,2.6796353980898857
V9_texture,model,-1,unknown,1200,0.7782785296440125,2.7573561295866966
V9_texture,model,-1,unknown,1098,0.8250324726104736,2.778366208076477
V9_texture,model,-1,unknown,1038,0.8418055176734924,2.6644891127943997
V9_texture,model,-1,unknown,1188,0.7659327387809753,2.939648739993572
V9_texture,model,-1,unknown,858,0.7474877238273621,1.6674153506755829
V9_texture,model,-1,unknown,864,0.7722749710083008,1.676860824227333
V9_texture,model,-1,unknown,852,0.710093080997467,1.705600880086422
V9_texture,model,-1,unknown,1002,0.7473098635673523,1.7529666423797607
V9_texture,model,-1,unknown,942,0.7216467261314392,1.654348522424698
V9_texture,model,-1,unknown,840,0.7253191471099854,1.740405522286892
V9_texture,model,-1,unknown,924,0.7442813515663147,1.6809014603495598
V9_texture,model,-1,unknown,912,0.7577474117279053,1.614430919289589
V9_texture,model,-1,unknown,1062,0.722714364528656,1.7552489414811134
V9_texture,model,-1,unknown,1002,0.7521879076957703,1.6303805634379387
V9_texture,model,-1,unknown,900,0.6971274018287659,1.6847776249051094
V9_texture,model,-1,unknown,918,0.7391141057014465,1.664196141064167
V9_texture,model,-1,unknown,1068,0.6907983422279358,1.7520135268568993
V9_texture,model,-1,unknown,1008,0.7435248494148254,1.6577096655964851
V9_texture,model,-1,unknown,906,0.7368271350860596,1.7019929364323616
V9_texture,model,-1,unknown,1056,0.7337732315063477,1.7511047422885897
V9_texture,model,-1,unknown,996,0.7541254162788391,1.634667068719864
V9_texture,model,-1,unknown,894,0.7265646457672119,1.6923904418945312
V9_texture,model,-1,unknown,1146,0.6935629844665527,1.7784835770726204
V9_texture,model,-1,unknown,1044,0.6853383183479309,1.8021190539002416
V9_texture,model,-1,unknown,984,0.7077962756156921,1.6915997490286827
V9_texture,model,-1,unknown,978,0.6566571593284607,1.7280405387282372
V9_texture,model,-1,unknown,1128,0.714085042476654,1.731700263917446
V9_texture,model,-1,unknown,1068,0.7189760208129883,1.7163367941975594
V9_texture,model,-1,unknown,966,0.6945252418518066,1.6915662214159966
V9_texture,model,-1,unknown,1116,0.7240179181098938,1.778753474354744
V9_texture,model,-1,unknown,1056,0.7213948369026184,1.6210118308663368
V9_texture,model,-1,unknown,954,0.6959431171417236,1.742509938776493
V9_texture,model,-1,unknown,1206,0.7075089812278748,1.7389750108122826
V9_texture,model,-1,unknown,1104,0.6871218085289001,1.7718330025672913
V9_texture,model,-1,unknown,1044,0.7197371125221252,1.6737528145313263
V9_texture,model,-1,unknown,1122,0.7528705596923828,1.759420707821846
V9_texture,model,-1,unknown,1062,0.7374973893165588,1.657288521528244
V9_texture,model,-1,unknown,960,0.7264670729637146,1.685379445552826
V9_texture,model,-1,unknown,1212,0.6526435017585754,1.7637234181165695
V9_texture,model,-1,unknown,1110,0.6727792620658875,1.8269475549459455
V9_texture,model,-1,unknown,1050,0.7294332385063171,1.6974540427327156
V9_texture,model,-1,unknown,1200,0.7145662307739258,1.738419570028782
V9_texture,model,-1,unknown,1098,0.7292346954345703,1.7604799941182137
V9_texture,model,-1,unknown,1038,0.7362769246101379,1.6496969386935234
V9_texture,model,-1,unknown,1188,0.7252869009971619,1.7922814935445786
V10,model,-1,unknown,864,0.8439252972602844,2.6434922590851784
V10,model,-1,unknown,864,0.809958279132843,2.6362327858805656
V10,model,-1,unknown,864,0.8666256070137024,2.6143429800868034
V10,model,-1,unknown,996,0.8521416187286377,2.602887339890003
V10,model,-1,unknown,996,0.8683009743690491,2.614172734320164
V10,model,-1,unknown,996,0.8452465534210205,2.6692813262343407
V10,model,-1,unknown,1062,0.8677904009819031,2.6447780430316925
V10,model,-1,unknown,1062,0.8425464630126953,2.6690438389778137
V10,model,-1,unknown,1062,0.7917999625205994,2.7275919914245605
V10,model,-1,unknown,864,0.840925931930542,2.717680297791958
V10,model,-1,unknown,864,0.5987587571144104,3.7482351064682007
V10,model,-1,unknown,996,0.766768753528595,2.841877192258835
V10,model,-1,unknown,996,0.7091009020805359,3.6194700747728343
V10,model,-1,unknown,1062,0.8252530097961426,2.7540767565369606
V10,model,-1,unknown,1062,0.5944023132324219,3.69894839823246
V10,model,-1,unknown,864,0.7608363032341003,3.36780808866024
V10,model,-1,unknown,864,0.7579991817474365,3.363245725631714
V10,model,-1,unknown,864,0.7635847926139832,3.570720925927162
V10,model,-1,unknown,996,0.7552132606506348,3.469801321625709
V10,model,-1,unknown,996,0.7615850567817688,3.527955338358879
V10,model,-1,unknown,996,0.7539141178131104,3.5162486135959625
V10,model,-1,unknown,1062,0.7629080414772034,3.434794768691063
V10,model,-1,unknown,1062,0.7694792747497559,3.391682356595993
V10,model,-1,unknown,1062,0.7537612318992615,3.53386290371418
V10,model,-1,unknown,864,0.752162754535675,3.4347090870141983
V10,model,-1,unknown,864,0.3281667530536651,4.679115489125252
V10,model,-1,unknown,996,0.6537628769874573,3.6667611449956894
V10,model,-1,unknown,996,0.2683498561382293,4.652426764369011
V10,model,-1,unknown,1062,0.7379510998725891,3.66126261651516
V10,model,-1,unknown,1062,0.2999475002288818,4.955591261386871
V10,model,-1,unknown,864,0.7722749710083008,1.676860824227333
V10,model,-1,unknown,864,0.7207788825035095,1.7011933028697968
V10,model,-1,unknown,864,0.7083311676979065,1.7704043537378311
V10,model,-1,unknown,996,0.7541254162788391,1.634667068719864
V10,model,-1,unknown,996,0.77557373046875,1.657428778707981
V10,model,-1,unknown,996,0.6854036450386047,1.718771643936634
V10,model,-1,unknown,1062,0.7374973893165588,1.657288521528244
V10,model,-1,unknown,1062,0.736453115940094,1.6442971304059029
V10,model,-1,unknown,1062,0.7160193920135498,1.6961289569735527
V10,model,-1,unknown,864,0.6371154189109802,1.755046285688877
V10,model,-1,unknown,864,0.5009563565254211,2.627141773700714
V10,model,-1,unknown,996,0.6596231460571289,1.733657531440258
V10,model,-1,unknown,996,0.5357980132102966,2.6805302128195763
V10,model,-1,unknown,1062,0.6923660635948181,1.7965273931622503
V10,model,-1,unknown,1062,0.4922283589839935,2.6506332680583
V10,model,-1,unknown,864,0.7529826164245605,3.6051813513040543
V10,model,-1,unknown,864,0.6413293480873108,3.604783862829208
V10,model,-1,unknown,864,0.7155256867408752,3.903725370764733
V10,model,-1,unknown,996,0.6856102347373962,3.802896663546562
V10,model,-1,unknown,996,0.6464397311210632,3.777850419282913
V10,model,-1,unknown,996,0.7443068623542786,3.687189519405365
V10,model,-1,unknown,1062,0.7337352633476257,3.748353198170662
V10,model,-1,unknown,1062,0.619731605052948,3.680207207798958
V10,model,-1,unknown,1062,0.7454343438148499,3.892286494374275
V10,model,-1,unknown,864,0.658839762210846,3.996624052524567
V10,model,-1,unknown,864,0.2296662330627441,4.698570445179939
V10,model,-1,unknown,996,0.4784556627273559,4.103787615895271
V10,model,-1,unknown,996,-0.9463486671447754,5.76753057539463
V10,model,-1,unknown,1062,0.4187612533569336,3.8326669484376903
V10,model,-1,unknown,1062,-0.2014980912208557,5.025077238678932
V10,model,-1,unknown,864,0.8060192465782166,1.1841858737170696
V10,model,-1,unknown,864,0.8220836520195007,1.1257176287472248
V10,model,-1,unknown,864,0.8056978583335876,1.1520353145897388
V10,model,-1,unknown,996,0.8046660423278809,1.0898392647504809
V10,model,-1,unknown,996,0.7561668753623962,1.1132079176604748
V10,model,-1,unknown,996,0.7186031937599182,1.1700861155986786
V10,model,-1,unknown,1062,0.7325592041015625,1.2183601967990398
V10,model,-1,unknown,1062,0.7728610634803772,1.1726432479918003
V10,model,-1,unknown,1062,0.620268702507019,1.1720524169504642
V10,model,-1,unknown,864,0.7406315207481384,1.2140724807977676
V10,model,-1,unknown,864,0.3564696311950683,2.478478103876114
V10,model,-1,unknown,996,0.7685787677764893,1.2486969120800495
V10,model,-1,unknown,996,0.4059618413448334,2.5637345388531685
V10,model,-1,unknown,1062,0.7253260016441345,1.2545897625386715
V10,model,-1,unknown,1062,0.3213122189044952,2.5992022827267647
V11,bi_Gab2_DMP_plain_silu_L5_d1024_bn,0,bi_Gab2_DMP,1566,0.8377177119255066,2.6849372312426567
V11,bi_Gab2_DMP_plain_silu_L5_d1024_bn_dirichlet,0,bi_Gab2_DMP,1566,-6.5332465171813965,27.718552947044373
V11,bi_Gab2_DMP_plain_silu_L5_d1536_bn,0,bi_Gab2_DMP,1566,0.8497005105018616,2.6553528383374214
V11,bi_Gab2_DMP_plain_silu_L7_d1024_bn,0,bi_Gab2_DMP,1566,0.8017187714576721,2.705039829015732
V11,bi_Gab2_DMP_plain_silu_L5_d1536_bn_dirichlet,0,bi_Gab2_DMP,1566,-9.336976051330566,26.806363463401794
V11,bi_LBP_Gab2_DMP_plain_silu_L5_d1024_bn,0,bi_LBP_Gab2_DMP,1632,0.8377370834350586,2.6999490335583687
V11,bi_LBP_Gab2_DMP_plain_silu_L5_d1536_bn,0,bi_LBP_Gab2_DMP,1632,0.814176619052887,2.6544034481048584
V11,bi_Gab2_DMP_plain_silu_L5_d2048_bn,0,bi_Gab2_DMP,1566,0.829624354839325,2.777261845767498
V11,bi_Gab2_DMP_plain_silu_L7_d1536_bn,0,bi_Gab2_DMP,1566,0.7877799868583679,2.8468677774071693
V11,bi_LBP_Gab2_DMP_plain_silu_L5_d2048_bn,0,bi_LBP_Gab2_DMP,1632,0.8280337452888489,2.721362002193928
V11,bi_Gab2_DMP_plain_silu_L5_d1024_bn,1,bi_Gab2_DMP,1566,0.7462337017059326,3.478602692484856
V11,bi_Gab2_DMP_plain_silu_L5_d1536_bn,1,bi_Gab2_DMP,1566,0.7468717098236084,3.5589057952165604
V11,bi_Gab2_DMP_plain_silu_L5_d2048_bn,1,bi_Gab2_DMP,1566,0.7384662628173828,3.703153505921364
V11,bi_Gab2_DMP_plain_silu_L7_d1024_bn,1,bi_Gab2_DMP,1566,0.7549352049827576,3.4985139966011047
V11,bi_Gab2_DMP_plain_silu_L7_d1536_bn,1,bi_Gab2_DMP,1566,0.7504558563232422,3.529147431254387
V11,bi_LBP_Gab2_DMP_plain_silu_L5_d1024_bn,1,bi_LBP_Gab2_DMP,1632,0.7377920150756836,3.5875502973794937
V11,bi_LBP_Gab2_DMP_plain_silu_L5_d1536_bn,1,bi_LBP_Gab2_DMP,1632,0.7584071755409241,3.5047393292188644
V11,bi_LBP_Gab2_DMP_plain_silu_L5_d2048_bn,1,bi_LBP_Gab2_DMP,1632,0.7413337230682373,3.583570197224617
V11,bi_Gab2_DMP_plain_silu_L5_d1024_bn,2,bi_Gab2_DMP,1566,0.7607459425926208,1.6488637775182724
V11,bi_Gab2_DMP_plain_silu_L5_d1536_bn,2,bi_Gab2_DMP,1566,0.7348822951316833,1.707688719034195
V11,bi_Gab2_DMP_plain_silu_L5_d2048_bn,2,bi_Gab2_DMP,1566,0.6621814370155334,1.7719754949212074
V11,bi_Gab2_DMP_plain_silu_L7_d1024_bn,2,bi_Gab2_DMP,1566,0.6865691542625427,1.7136214300990105
V11,bi_Gab2_DMP_plain_silu_L7_d1536_bn,2,bi_Gab2_DMP,1566,0.6832852363586426,1.758061721920967
V11,bi_LBP_Gab2_DMP_plain_silu_L5_d1024_bn,2,bi_LBP_Gab2_DMP,1632,0.7224254608154297,1.7490698024630549
V11,bi_LBP_Gab2_DMP_plain_silu_L5_d1536_bn,2,bi_LBP_Gab2_DMP,1632,0.717009961605072,1.7971441149711609
V11,bi_LBP_Gab2_DMP_plain_silu_L5_d2048_bn,2,bi_LBP_Gab2_DMP,1632,0.6734445095062256,1.752268709242344
V11,bi_Gab2_DMP_plain_silu_L5_d1024_bn,3,bi_Gab2_DMP,1566,0.6641002893447876,3.752117231488228
V11,bi_Gab2_DMP_plain_silu_L5_d1536_bn,3,bi_Gab2_DMP,1566,0.5669199824333191,3.889847919344902
V11,bi_Gab2_DMP_plain_silu_L5_d2048_bn,3,bi_Gab2_DMP,1566,0.6583473682403564,4.015029221773148
V11,bi_Gab2_DMP_plain_silu_L7_d1024_bn,3,bi_Gab2_DMP,1566,0.4936391413211822,3.9487507194280624
V11,bi_Gab2_DMP_plain_silu_L7_d1536_bn,3,bi_Gab2_DMP,1566,0.6501378417015076,3.9653263986110687
V11,bi_LBP_Gab2_DMP_plain_silu_L5_d1024_bn,3,bi_LBP_Gab2_DMP,1632,0.4121735095977783,3.9728913456201553
V11,bi_LBP_Gab2_DMP_plain_silu_L5_d1536_bn,3,bi_LBP_Gab2_DMP,1632,0.6579843759536743,3.9977993816137314
V11,bi_LBP_Gab2_DMP_plain_silu_L5_d2048_bn,3,bi_LBP_Gab2_DMP,1632,0.6783750653266907,3.985626623034477
V11,bi_Gab2_DMP_plain_silu_L5_d1024_bn,4,bi_Gab2_DMP,1566,0.782102108001709,1.198766753077507
V11,bi_Gab2_DMP_plain_silu_L5_d1536_bn,4,bi_Gab2_DMP,1566,0.7451305389404297,1.1704499833285809
V11,bi_Gab2_DMP_plain_silu_L5_d2048_bn,4,bi_Gab2_DMP,1566,0.7742490172386169,1.1880826205015182
V11,bi_Gab2_DMP_plain_silu_L7_d1024_bn,4,bi_Gab2_DMP,1566,0.7353737354278564,1.22476601973176
V11,bi_Gab2_DMP_plain_silu_L7_d1536_bn,4,bi_Gab2_DMP,1566,0.7468284964561462,1.159349549561739
V11,bi_LBP_Gab2_DMP_plain_silu_L5_d1024_bn,4,bi_LBP_Gab2_DMP,1632,0.7038626670837402,1.1806625872850418
V11,bi_LBP_Gab2_DMP_plain_silu_L5_d1536_bn,4,bi_LBP_Gab2_DMP,1632,0.7758450508117676,1.251650881022215
V11,bi_LBP_Gab2_DMP_plain_silu_L5_d2048_bn,4,bi_LBP_Gab2_DMP,1632,0.7471166253089905,1.2218479067087171
V12,bi_mLBP_only_plain_silu_L5_d1024_bn,0,bi_mLBP_only,1278,0.8643295168876648,2.660598605871201
V12,bi_mLBP_only_plain_silu_L5_d1536_bn,0,bi_mLBP_only,1278,0.7928388118743896,2.600748836994171
V12,bi_LBP_mLBP_plain_silu_L5_d1024_bn,0,bi_LBP_mLBP,1344,0.791450023651123,2.7168823406100278
V12,bi_LBP_mLBP_plain_silu_L5_d1536_bn,0,bi_LBP_mLBP,1344,0.7867867350578308,2.6415936648845677
V12,bi_mLBP_only_plain_silu_L5_d1024_bn,1,bi_mLBP_only,1278,0.7531044483184814,3.5818777978420258
V12,bi_mLBP_only_plain_silu_L5_d1536_bn,1,bi_mLBP_only,1278,0.7651920318603516,3.555114939808845
V12,bi_LBP_mLBP_plain_silu_L5_d1024_bn,1,bi_LBP_mLBP,1344,0.7469837665557861,3.667904809117317
V12,bi_LBP_mLBP_plain_silu_L5_d1536_bn,1,bi_LBP_mLBP,1344,0.7639588713645935,3.537224233150482
V12,bi_mLBP_only_plain_silu_L5_d1024_bn,2,bi_mLBP_only,1278,0.7340264916419983,1.7812136560678482
V12,bi_mLBP_only_plain_silu_L5_d1536_bn,2,bi_mLBP_only,1278,0.721157968044281,1.7080863937735558
V12,bi_LBP_mLBP_plain_silu_L5_d1024_bn,2,bi_LBP_mLBP,1344,0.7253246307373047,1.7984665930271149
V12,bi_LBP_mLBP_plain_silu_L5_d1536_bn,2,bi_LBP_mLBP,1344,0.739574134349823,1.745976321399212
V12,bi_mLBP_only_plain_silu_L5_d1024_bn,3,bi_mLBP_only,1278,-0.202250063419342,3.6019135266542435
V12,bi_mLBP_only_plain_silu_L5_d1536_bn,3,bi_mLBP_only,1278,0.0624104738235473,3.678660467267037
V12,bi_LBP_mLBP_plain_silu_L5_d1024_bn,3,bi_LBP_mLBP,1344,0.6952300667762756,3.8263969123363495
V12,bi_LBP_mLBP_plain_silu_L5_d1536_bn,3,bi_LBP_mLBP,1344,0.7017176747322083,3.646334633231163
V12,bi_mLBP_only_plain_silu_L5_d1024_bn,4,bi_mLBP_only,1278,0.687690258026123,1.1897086165845394
V12,bi_mLBP_only_plain_silu_L5_d1536_bn,4,bi_mLBP_only,1278,0.7707805633544922,1.176014170050621
V12,bi_LBP_mLBP_plain_silu_L5_d1024_bn,4,bi_LBP_mLBP,1344,0.7581565976142883,1.2157944031059742
V12,bi_LBP_mLBP_plain_silu_L5_d1536_bn,4,bi_LBP_mLBP,1344,0.8144887089729309,1.1846903711557388
V12b,plain_silu_L5_d2048_bn,0,unknown,1344,0.8087160587310791,2.673792652785778
V12b,plain_silu_L7_d1024_bn,0,unknown,1344,0.7705419659614563,2.7246737852692604
V12b,plain_silu_L7_d1536_bn,0,unknown,1344,0.8303897976875305,2.6468338444828987
V12b,residual_silu_L10_d512_bn_lr5e-4,0,unknown,1344,0.8022410869598389,2.857140451669693
V12b,residual_silu_L20_d256_bn_lr5e-4,0,unknown,1344,0.777290403842926,2.8537942096591
V12b,residual_silu_L20_d512_bn_lr5e-4,0,unknown,1344,0.7817757725715637,2.8808971866965294
V12b,plain_silu_L5_d2048_bn,1,unknown,1344,0.726961076259613,3.725278005003929
V12b,plain_silu_L7_d1024_bn,1,unknown,1344,0.7350944876670837,3.763770684599877
V12b,plain_silu_L7_d1536_bn,1,unknown,1344,0.744213879108429,3.7534624338150016
V12b,residual_silu_L10_d512_bn_lr5e-4,1,unknown,1344,0.7398350834846497,3.7903007119894023
V12b,residual_silu_L20_d256_bn_lr5e-4,1,unknown,1344,0.7589852213859558,3.800792619585991
V12b,residual_silu_L20_d512_bn_lr5e-4,1,unknown,1344,0.7233703136444092,3.86340357363224
V12b,plain_silu_L5_d2048_bn,2,unknown,1344,0.7427842617034912,1.7884379252791405
V12b,plain_silu_L7_d1024_bn,2,unknown,1344,0.7619598507881165,1.750808022916317
V12b,plain_silu_L7_d1536_bn,2,unknown,1344,0.7456628680229187,1.711040921509266
V12b,residual_silu_L10_d512_bn_lr5e-4,2,unknown,1344,0.7249727249145508,1.7937777563929558
V12b,residual_silu_L20_d256_bn_lr5e-4,2,unknown,1344,0.7198538780212402,1.736021600663662
V12b,residual_silu_L20_d512_bn_lr5e-4,2,unknown,1344,0.7027400135993958,1.8388250842690468
V12b,plain_silu_L5_d2048_bn,3,unknown,1344,0.6811061501502991,3.681425377726555
V12b,plain_silu_L7_d1024_bn,3,unknown,1344,0.758915901184082,3.575720638036728
V12b,plain_silu_L7_d1536_bn,3,unknown,1344,0.6418561935424805,3.5731475800275803
V12b,residual_silu_L10_d512_bn_lr5e-4,3,unknown,1344,0.6920933723449707,4.015956446528435
V12b,residual_silu_L20_d256_bn_lr5e-4,3,unknown,1344,0.6852583885192871,3.8623344153165817
V12b,residual_silu_L20_d512_bn_lr5e-4,3,unknown,1344,0.7002503275871277,4.159734770655632
V12b,plain_silu_L5_d2048_bn,4,unknown,1344,0.7962376475334167,1.23250475153327
V12b,plain_silu_L7_d1024_bn,4,unknown,1344,0.7944263815879822,1.203643810003996
V12b,plain_silu_L7_d1536_bn,4,unknown,1344,0.8103477358818054,1.1708649806678295
V12b,residual_silu_L10_d512_bn_lr5e-4,4,unknown,1344,0.799142062664032,1.2924189679324627
V12b,residual_silu_L20_d256_bn_lr5e-4,4,unknown,1344,0.7274363040924072,1.2323877774178982
V12b,residual_silu_L20_d512_bn_lr5e-4,4,unknown,1344,0.7226826548576355,1.2510273605585098
V13,bi_LBP_NIR_plain_silu_L3_d1024_bn,0,bi_LBP_NIR,864,0.7708914279937744,2.691325359046459
V13,bi_LBP_NIR_plain_silu_L3_d2048_bn,0,bi_LBP_NIR,864,0.8548622131347656,2.661675028502941
V13,bi_LBP_NIR_plain_silu_L5_d512_bn,0,bi_LBP_NIR,864,0.8171007037162781,2.612556703388691
V13,bi_LBP_NIR_plain_silu_L5_d1024_bn,0,bi_LBP_NIR,864,0.7961873412132263,2.6600306853652
V13,bi_LBP_NIR_plain_silu_L5_d1536_bn,0,bi_LBP_NIR,864,0.8561980128288269,2.5924941524863243
V13,bi_LBP_NIR_plain_silu_L5_d2048_bn,0,bi_LBP_NIR,864,0.7953178882598877,2.601800113916397
V13,bi_LBP_NIR_plain_silu_L7_d1024_bn,0,bi_LBP_NIR,864,0.8099913597106934,2.6636729016900063
V13,bi_LBP_NIR_plain_silu_L7_d1536_bn,0,bi_LBP_NIR,864,0.8331881165504456,2.634289860725403
V13,bi_LBP_NIR_residual_silu_L10_d512_bn_lr0.0005,0,bi_LBP_NIR,864,0.7875158190727234,2.65213456004858
V13,bi_LBP_NIR_residual_silu_L20_d256_bn_lr0.0005,0,bi_LBP_NIR,864,0.8340855240821838,2.6365285739302635
V13,bi_LBP_NIR_residual_silu_L20_d512_bn_lr0.0005,0,bi_LBP_NIR,864,0.7805085778236389,2.7113573625683784
V13,bi_LBP_all5_plain_silu_L3_d1024_bn,0,bi_LBP_all5,1128,0.7841653227806091,2.678726799786091
V13,bi_LBP_all5_plain_silu_L3_d2048_bn,0,bi_LBP_all5,1128,0.8352904915809631,2.742945402860641
V13,bi_LBP_all5_plain_silu_L5_d512_bn,0,bi_LBP_all5,1128,0.7982613444328308,2.7636386454105377
V13,bi_LBP_all5_plain_silu_L5_d1024_bn,0,bi_LBP_all5,1128,0.7986440658569336,2.6498718187212944
V13,bi_LBP_all5_plain_silu_L5_d1536_bn,0,bi_LBP_all5,1128,0.8057506084442139,2.695010788738728
V13,bi_LBP_all5_plain_silu_L5_d2048_bn,0,bi_LBP_all5,1128,0.7884748578071594,2.7393763884902
V13,bi_LBP_all5_plain_silu_L7_d1024_bn,0,bi_LBP_all5,1128,0.7747313976287842,2.7040259912610054
V13,bi_LBP_all5_plain_silu_L7_d1536_bn,0,bi_LBP_all5,1128,0.7695609927177429,2.68915519118309
V13,bi_LBP_all5_residual_silu_L10_d512_bn_lr0.0005,0,bi_LBP_all5,1128,0.7634835839271545,2.892480790615082
V13,bi_LBP_all5_residual_silu_L20_d256_bn_lr0.0005,0,bi_LBP_all5,1128,0.7835115790367126,2.775488793849945
V13,bi_LBP_all5_residual_silu_L20_d512_bn_lr0.0005,0,bi_LBP_all5,1128,0.775392472743988,2.7443984523415565
V13,bi_LBP_NIR_plain_silu_L3_d1024_bn,1,bi_LBP_NIR,864,0.7590288519859314,3.624994680285454
V13,bi_LBP_NIR_plain_silu_L3_d2048_bn,1,bi_LBP_NIR,864,0.7438294291496277,3.561457246541977
V13,bi_LBP_NIR_plain_silu_L5_d512_bn,1,bi_LBP_NIR,864,0.7603635787963867,3.5095449537038803
V13,bi_LBP_NIR_plain_silu_L5_d1024_bn,1,bi_LBP_NIR,864,0.7494807243347168,3.423018380999565
V13,bi_LBP_NIR_plain_silu_L5_d1536_bn,1,bi_LBP_NIR,864,0.7642015814781189,3.2877985388040543
V13,bi_LBP_NIR_plain_silu_L5_d2048_bn,1,bi_LBP_NIR,864,0.7381470799446106,3.4462329000234604
V13,bi_LBP_NIR_plain_silu_L7_d1024_bn,1,bi_LBP_NIR,864,0.7580599188804626,3.425503149628639
V13,bi_LBP_NIR_plain_silu_L7_d1536_bn,1,bi_LBP_NIR,864,0.7591193318367004,3.566550463438034
V13,bi_LBP_NIR_residual_silu_L10_d512_bn_lr0.0005,1,bi_LBP_NIR,864,0.7452577948570251,3.677788749337197
V13,bi_LBP_NIR_residual_silu_L20_d256_bn_lr0.0005,1,bi_LBP_NIR,864,0.7527219653129578,3.433297947049141
V13,bi_LBP_NIR_residual_silu_L20_d512_bn_lr0.0005,1,bi_LBP_NIR,864,0.7502927780151367,3.46846804022789
V13,bi_LBP_all5_plain_silu_L3_d1024_bn,1,bi_LBP_all5,1128,0.733376681804657,3.6800503730773926
V13,bi_LBP_all5_plain_silu_L3_d2048_bn,1,bi_LBP_all5,1128,0.7053278088569641,3.684600815176964
V13,bi_LBP_all5_plain_silu_L5_d512_bn,1,bi_LBP_all5,1128,0.7589558959007263,3.6191314458847046
V13,bi_LBP_all5_plain_silu_L5_d1024_bn,1,bi_LBP_all5,1128,0.744342029094696,3.631043061614037
V13,bi_LBP_all5_plain_silu_L5_d1536_bn,1,bi_LBP_all5,1128,0.7654299736022949,3.626997396349907
V13,bi_LBP_all5_plain_silu_L5_d2048_bn,1,bi_LBP_all5,1128,0.7508333325386047,3.817790374159813
V13,bi_LBP_all5_plain_silu_L7_d1024_bn,1,bi_LBP_all5,1128,0.7513957023620605,3.652697429060936
V13,bi_LBP_all5_plain_silu_L7_d1536_bn,1,bi_LBP_all5,1128,0.7447676062583923,3.8287710398435593
V13,bi_LBP_all5_residual_silu_L10_d512_bn_lr0.0005,1,bi_LBP_all5,1128,0.7448482513427734,3.903154656291008
V13,bi_LBP_all5_residual_silu_L20_d256_bn_lr0.0005,1,bi_LBP_all5,1128,0.749691903591156,3.820861876010895
V13,bi_LBP_all5_residual_silu_L20_d512_bn_lr0.0005,1,bi_LBP_all5,1128,0.7574427723884583,3.773011639714241
V13,bi_LBP_NIR_plain_silu_L3_d1024_bn,2,bi_LBP_NIR,864,0.728827953338623,1.6678104177117348
V13,bi_LBP_NIR_plain_silu_L3_d2048_bn,2,bi_LBP_NIR,864,0.755943775177002,1.659080758690834
V13,bi_LBP_NIR_plain_silu_L5_d512_bn,2,bi_LBP_NIR,864,0.7349052429199219,1.6686251387000084
V13,bi_LBP_NIR_plain_silu_L5_d1024_bn,2,bi_LBP_NIR,864,0.6934005618095398,1.672045886516571
V13,bi_LBP_NIR_plain_silu_L5_d1536_bn,2,bi_LBP_NIR,864,0.7355666756629944,1.6531473025679588
V13,bi_LBP_NIR_plain_silu_L5_d2048_bn,2,bi_LBP_NIR,864,0.6885239481925964,1.7322354018688202
V13,bi_LBP_NIR_plain_silu_L7_d1024_bn,2,bi_LBP_NIR,864,0.735171377658844,1.7005743458867073
V13,bi_LBP_NIR_plain_silu_L7_d1536_bn,2,bi_LBP_NIR,864,0.7240138649940491,1.6841551288962364
V13,bi_LBP_NIR_residual_silu_L10_d512_bn_lr0.0005,2,bi_LBP_NIR,864,0.6220283508300781,1.7417004331946373
V13,bi_LBP_NIR_residual_silu_L20_d256_bn_lr0.0005,2,bi_LBP_NIR,864,0.6704782843589783,1.7392776906490326
V13,bi_LBP_NIR_residual_silu_L20_d512_bn_lr0.0005,2,bi_LBP_NIR,864,0.6894540190696716,1.7279621213674543
V13,bi_LBP_all5_plain_silu_L3_d1024_bn,2,bi_LBP_all5,1128,0.7217771410942078,1.7985515296459198
V13,bi_LBP_all5_plain_silu_L3_d2048_bn,2,bi_LBP_all5,1128,0.6767027378082275,1.7375614494085312
V13,bi_LBP_all5_plain_silu_L5_d512_bn,2,bi_LBP_all5,1128,0.7524226307868958,1.7031358554959295
V13,bi_LBP_all5_plain_silu_L5_d1024_bn,2,bi_LBP_all5,1128,0.7528224587440491,1.705462671816349
V13,bi_LBP_all5_plain_silu_L5_d1536_bn,2,bi_LBP_all5,1128,0.7223398089408875,1.742115430533886
V13,bi_LBP_all5_plain_silu_L5_d2048_bn,2,bi_LBP_all5,1128,0.7446005344390869,1.757662557065487
V13,bi_LBP_all5_plain_silu_L7_d1024_bn,2,bi_LBP_all5,1128,0.7268101572990417,1.7274480313062668
V13,bi_LBP_all5_plain_silu_L7_d1536_bn,2,bi_LBP_all5,1128,0.7111363410949707,1.7881281673908234
V13,bi_LBP_all5_residual_silu_L10_d512_bn_lr0.0005,2,bi_LBP_all5,1128,0.718296468257904,1.809212751686573
V13,bi_LBP_all5_residual_silu_L20_d256_bn_lr0.0005,2,bi_LBP_all5,1128,0.7220790386199951,1.7467420548200607
V13,bi_LBP_all5_residual_silu_L20_d512_bn_lr0.0005,2,bi_LBP_all5,1128,0.6680024266242981,1.908495090901852
V13,bi_LBP_NIR_plain_silu_L3_d1024_bn,3,bi_LBP_NIR,864,0.7149533629417419,3.580574318766594
V13,bi_LBP_NIR_plain_silu_L3_d2048_bn,3,bi_LBP_NIR,864,0.7257340550422668,3.7718795239925385
V13,bi_LBP_NIR_plain_silu_L5_d512_bn,3,bi_LBP_NIR,864,0.7334263324737549,3.843051567673683
V13,bi_LBP_NIR_plain_silu_L5_d1024_bn,3,bi_LBP_NIR,864,0.6641601324081421,3.6749590188264847
V13,bi_LBP_NIR_plain_silu_L5_d1536_bn,3,bi_LBP_NIR,864,0.6823919415473938,3.662996366620064
V13,bi_LBP_NIR_plain_silu_L5_d2048_bn,3,bi_LBP_NIR,864,0.5922904014587402,3.67271900177002
V13,bi_LBP_NIR_plain_silu_L7_d1024_bn,3,bi_LBP_NIR,864,0.4257853031158447,3.699624165892601
V13,bi_LBP_NIR_plain_silu_L7_d1536_bn,3,bi_LBP_NIR,864,0.57280033826828,3.700026497244835
V13,bi_LBP_NIR_residual_silu_L10_d512_bn_lr0.0005,3,bi_LBP_NIR,864,0.7392113208770752,3.7750273942947383
V13,bi_LBP_NIR_residual_silu_L20_d256_bn_lr0.0005,3,bi_LBP_NIR,864,0.6930473446846008,3.6969535052776337
V13,bi_LBP_NIR_residual_silu_L20_d512_bn_lr0.0005,3,bi_LBP_NIR,864,0.7355020642280579,3.710318356752396
V13,bi_LBP_all5_plain_silu_L3_d1024_bn,3,bi_LBP_all5,1128,0.7630793452262878,3.8859333842992783
V13,bi_LBP_all5_plain_silu_L3_d2048_bn,3,bi_LBP_all5,1128,0.7587551474571228,3.863250091671944
V13,bi_LBP_all5_plain_silu_L5_d512_bn,3,bi_LBP_all5,1128,0.6672890782356262,3.7532638758420944
V13,bi_LBP_all5_plain_silu_L5_d1024_bn,3,bi_LBP_all5,1128,0.6368773579597473,3.8017168641090393
V13,bi_LBP_all5_plain_silu_L5_d1536_bn,3,bi_LBP_all5,1128,0.7289997935295105,3.9046701043844223
V13,bi_LBP_all5_plain_silu_L5_d2048_bn,3,bi_LBP_all5,1128,0.7182345986366272,3.627739474177361
V13,bi_LBP_all5_plain_silu_L7_d1024_bn,3,bi_LBP_all5,1128,0.7298097610473633,3.635829314589501
V13,bi_LBP_all5_plain_silu_L7_d1536_bn,3,bi_LBP_all5,1128,0.6297720074653625,3.739162534475327
V13,bi_LBP_all5_residual_silu_L10_d512_bn_lr0.0005,3,bi_LBP_all5,1128,0.7544195055961609,4.042182117700577
V13,bi_LBP_all5_residual_silu_L20_d256_bn_lr0.0005,3,bi_LBP_all5,1128,0.7094847559928894,3.8531791418790817
V13,bi_LBP_all5_residual_silu_L20_d512_bn_lr0.0005,3,bi_LBP_all5,1128,0.7593111991882324,3.8896705955266953
V13,bi_LBP_NIR_plain_silu_L3_d1024_bn,4,bi_LBP_NIR,864,0.7752159237861633,1.1477413587272167
V13,bi_LBP_NIR_plain_silu_L3_d2048_bn,4,bi_LBP_NIR,864,0.7501941323280334,1.1789735406637192
V13,bi_LBP_NIR_plain_silu_L5_d512_bn,4,bi_LBP_NIR,864,0.7927201390266418,1.1288472451269629
V13,bi_LBP_NIR_plain_silu_L5_d1024_bn,4,bi_LBP_NIR,864,0.760028064250946,1.1941410601139069
V13,bi_LBP_NIR_plain_silu_L5_d1536_bn,4,bi_LBP_NIR,864,0.7869822978973389,1.209173258394003
V13,bi_LBP_NIR_plain_silu_L5_d2048_bn,4,bi_LBP_NIR,864,0.7834491729736328,1.155464444309473
V13,bi_LBP_NIR_plain_silu_L7_d1024_bn,4,bi_LBP_NIR,864,0.7852603793144226,1.162485033273697
V13,bi_LBP_NIR_plain_silu_L7_d1536_bn,4,bi_LBP_NIR,864,0.8157045841217041,1.1980507522821426
V13,bi_LBP_NIR_residual_silu_L10_d512_bn_lr0.0005,4,bi_LBP_NIR,864,0.6727973818778992,1.220415160059929
V13,bi_LBP_NIR_residual_silu_L20_d256_bn_lr0.0005,4,bi_LBP_NIR,864,0.7348346710205078,1.2029137462377548
V13,bi_LBP_NIR_residual_silu_L20_d512_bn_lr0.0005,4,bi_LBP_NIR,864,0.6809756755828857,1.1767304502427578
V13,bi_LBP_all5_plain_silu_L3_d1024_bn,4,bi_LBP_all5,1128,0.814996063709259,1.2012521736323831
V13,bi_LBP_all5_plain_silu_L3_d2048_bn,4,bi_LBP_all5,1128,0.7748019099235535,1.2723810970783234
V13,bi_LBP_all5_plain_silu_L5_d512_bn,4,bi_LBP_all5,1128,0.8134114146232605,1.135760173201561
V13,bi_LBP_all5_plain_silu_L5_d1024_bn,4,bi_LBP_all5,1128,0.8170146942138672,1.1748229153454304
V13,bi_LBP_all5_plain_silu_L5_d1536_bn,4,bi_LBP_all5,1128,0.8192617297172546,1.1889859102666378
V13,bi_LBP_all5_plain_silu_L5_d2048_bn,4,bi_LBP_all5,1128,0.7637190818786621,1.2189202941954136
V13,bi_LBP_all5_plain_silu_L7_d1024_bn,4,bi_LBP_all5,1128,0.750070333480835,1.220951322466135
V13,bi_LBP_all5_plain_silu_L7_d1536_bn,4,bi_LBP_all5,1128,0.7412576675415039,1.190266851335764
V13,bi_LBP_all5_residual_silu_L10_d512_bn_lr0.0005,4,bi_LBP_all5,1128,0.779202938079834,1.226338278502226
V13,bi_LBP_all5_residual_silu_L20_d256_bn_lr0.0005,4,bi_LBP_all5,1128,0.7596662640571594,1.2373031117022038
V13,bi_LBP_all5_residual_silu_L20_d512_bn_lr0.0005,4,bi_LBP_all5,1128,0.7442010045051575,1.275816559791565
V14,bi_LBP_plain_silu_L5_d1024_bn,0,bi_LBP,864,0.792288601398468,2.6394804939627647
V14,bi_LBP_plain_silu_L5_d1024_bn,1,bi_LBP,864,0.7502341866493225,3.606793656945229
V14,bi_LBP_plain_silu_L5_d1024_bn,2,bi_LBP,864,0.7418608665466309,1.685919426381588
V14,bi_LBP_plain_silu_L5_d1024_bn,3,bi_LBP,864,0.689403235912323,3.6047276109457016
V14,bi_LBP_plain_silu_L5_d1024_bn,4,bi_LBP,864,0.7864418625831604,1.16749694570899
V15,bi_LBP_NIR_plain_silu_L5_d1024_bn,0,bi_LBP_NIR,864,0.8248355984687805,2.662003599107265
V15,bi_LBP_all5_plain_silu_L5_d1024_bn,0,bi_LBP_all5,1128,0.7813766598701477,2.726123481988907
V15,bi_LBP_NIR_plain_silu_L5_d1024_bn,1,bi_LBP_NIR,864,0.7541491389274597,3.505516424775124
V15,bi_LBP_all5_plain_silu_L5_d1024_bn,1,bi_LBP_all5,1128,0.7275028228759766,3.596532717347145
V15,bi_LBP_NIR_plain_silu_L5_d1024_bn,2,bi_LBP_NIR,864,0.7574302554130554,1.7055362462997437
V15,bi_LBP_all5_plain_silu_L5_d1024_bn,2,bi_LBP_all5,1128,0.7217922210693359,1.7457393929362297
V15,bi_LBP_NIR_plain_silu_L5_d1024_bn,3,bi_LBP_NIR,864,0.4719867706298828,3.73736210167408
V15,bi_LBP_all5_plain_silu_L5_d1024_bn,3,bi_LBP_all5,1128,0.6806735396385193,3.7303507328033447
V15,bi_LBP_NIR_plain_silu_L5_d1024_bn,4,bi_LBP_NIR,864,0.7373033165931702,1.1933003552258017
V15,bi_LBP_all5_plain_silu_L5_d1024_bn,4,bi_LBP_all5,1128,0.8055940270423889,1.2075706385076046
V16,bi_LBP_NIR_plain_silu_L5_d1024_bn,0,bi_LBP_NIR,864,0.8629258275032043,2.578708715736866
V16,bi_LBP_NIR_plain_silu_L5_d1024_bn,1,bi_LBP_NIR,864,0.7655108571052551,3.5403721034526825
V16,bi_LBP_NIR_plain_silu_L5_d1024_bn,2,bi_LBP_NIR,864,0.770585298538208,1.7009798437356949
V16,bi_LBP_NIR_plain_silu_L5_d1024_bn,3,bi_LBP_NIR,864,0.6971133351325989,3.8465719670057297
V16,bi_LBP_NIR_plain_silu_L5_d1024_bn,4,bi_LBP_NIR,864,0.707175076007843,1.171066239476204
V17,bi_LBP_plain_silu_L5_d1024_bn,0,bi_LBP,864,0.8439252972602844,2.6434922590851784
V17,bi_LBP_plain_silu_L5_d1024_bn,1,bi_LBP,864,0.7608363032341003,3.36780808866024
V17,bi_LBP_plain_silu_L5_d1024_bn,2,bi_LBP,864,0.7722749710083008,1.676860824227333
V17,bi_LBP_plain_silu_L5_d1024_bn,3,bi_LBP,864,0.7529826164245605,3.6051813513040543
V17,bi_LBP_plain_silu_L5_d1024_bn,4,bi_LBP,864,0.8060192465782166,1.1841858737170696
V17,bi_LBP_plain_silu_L5_d1024_bn,0,bi_LBP,864,0.8471729159355164,2.6457099243998528
