model,r2_uniform,r2_weighted,mae_mean_pp,rmse_mean_pp,aitchison_mean,r2_tree_cover,r2_grassland,r2_cropland,r2_built_up,r2_bare_sparse,r2_water,mae_tree_cover_pp,mae_grassland_pp,mae_cropland_pp,mae_built_up_pp,mae_bare_sparse_pp,mae_water_pp,pct_valid_sum,pct_valid_range,pct_fully_valid,mean_sum,std_sum,name,section,activation,n_layers,hidden_dim,dropout,lr,weight_decay,l1_lambda,feature_set,n_features,n_params,epochs,best_val_loss,elapsed_s
model,0.7629052464076205,0.9122373689255286,2.817908717866536,6.602803867697284,7.613643090455598,0.9391959598690587,0.8382262313248472,0.7909422538964057,0.9449948334468261,0.2563300831123069,0.8077421167962345,5.20857140805704,3.7585607771150413,2.0888297704151135,5.2606845220492335,0.26332337804013817,0.3274824515226518,100.0,100.0,100.0,1.0,7.410508828797902e-08,arch_geglu_L2_h128,architecture,geglu,2,128,0.15,0.001,0.0001,0.0,all,2109,574470,48,0.061516,32.6
model,0.7422689454998807,0.9111416301070431,2.8440559083908727,6.675009084741339,7.5741641023611495,0.9391356162737043,0.8445263282239024,0.7715296410990663,0.9456638221837601,0.15850330546767188,0.794254959751129,5.2087201982311715,3.7571266079518613,2.2888673515068696,5.186926695069561,0.28603437776001506,0.33666021982575606,100.0,100.0,100.0,1.0,7.374266886017722e-08,arch_geglu_L2_h256,architecture,geglu,2,256,0.15,0.001,0.0001,0.0,all,2109,1214470,38,0.061757,33.7
model,0.7335080769106449,0.9092297085328577,2.960151360368257,6.747925145802712,7.974433301608622,0.9358682217806698,0.8261099050782079,0.7782944540402534,0.9483036548029895,0.11916658342944353,0.7933056423322555,5.3335847087870265,4.122546600118334,2.4107004669170826,5.205977248908282,0.34833045705281285,0.3397686804260047,100.0,100.0,100.0,1.0,7.225067122362816e-08,arch_geglu_L2_h512,architecture,geglu,2,512,0.15,0.001,0.0001,0.0,all,2109,2691078,29,0.062433,45.4
model,0.7453577504286121,0.9128461251619097,2.8224312701864447,6.613945156085034,7.595287009410803,0.9380136691760989,0.8381887231591395,0.7835200137786956,0.9499206441022328,0.16488444006130787,0.7976190122941522,5.275467150847377,3.7978129761318162,2.15684908211699,5.1088995336260385,0.2701211570334257,0.32543772136301924,100.0,100.0,100.0,1.0,7.372292287755045e-08,arch_geglu_L3_h128,architecture,geglu,3,128,0.15,0.001,0.0001,0.0,all,2109,607750,53,0.062695,37.3
model,0.7372739528183322,0.9080629370912111,2.825078376600373,6.768472177655452,7.259053588413627,0.9349342318262139,0.8311848189375018,0.7766160861709652,0.9444662081613777,0.12447931810382906,0.8119630537100548,5.287609299629203,3.7477959212871657,2.096740636349165,5.231650040121667,0.279195263124489,0.307479099090549,100.0,100.0,100.0,1.0,7.423464865041751e-08,arch_geglu_L3_h256,architecture,geglu,3,256,0.15,0.001,0.0001,0.0,all,2109,1346566,45,0.063819,49.0
model,0.74321390949111,0.9102520102076489,2.9551216025008817,6.685209274719288,7.666753641557333,0.934339385680286,0.8290727521809088,0.8016649868144078,0.9456662297897311,0.13466647803008025,0.8138736244512026,5.5484560250252635,3.9160650580620944,2.1169934589761286,5.496330431413156,0.34866544610027356,0.3042191954283732,100.0,100.0,100.0,1.0,7.228693732486136e-08,arch_geglu_L3_h512,architecture,geglu,3,512,0.15,0.001,0.0001,0.0,all,2109,3217414,34,0.063662,68.1
model,0.7564001077383123,0.9168532530442903,2.7459277705340472,6.452994910120917,7.558776467506116,0.9431216509221597,0.8460706349672411,0.8069207158702422,0.9476263209187674,0.1813953305301883,0.8132659932212354,5.02018611191521,3.727081339091873,2.011917999971293,5.1085081703144555,0.29492102188465485,0.312951980026795,100.0,100.0,100.0,1.0,7.290867642950616e-08,arch_geglu_L4_h128,architecture,geglu,4,128,0.15,0.001,0.0001,0.0,all,2109,641030,65,0.064078,48.5
model,0.7611028565552739,0.9142389643351048,2.798278477723362,6.544132572727578,7.58178109041377,0.9389011566109995,0.8355976907960391,0.7917115546902964,0.9507861060822074,0.24692830521097264,0.8026923259410861,5.155804258027065,3.819258816476606,2.1180946469545665,5.084201171535809,0.2808142773749911,0.3314976959711322,100.0,100.0,100.0,1.0,7.351327724336443e-08,arch_geglu_L4_h256,architecture,geglu,4,256,0.15,0.001,0.0001,0.0,all,2109,1478662,43,0.064856,55.1
model,0.7351422642364152,0.9096004572602455,2.8640130548581078,6.7130404943180855,7.821675062663706,0.936079727327486,0.8293413846860456,0.7904921344488193,0.9449669374801948,0.08904853148029579,0.8209248699956041,5.325172513205469,3.933893043638893,2.0963550463667744,5.204763391392694,0.3032706942689696,0.32062364027584767,100.0,100.0,100.0,1.0,7.388863565438442e-08,arch_geglu_L4_h512,architecture,geglu,4,512,0.15,0.001,0.0001,0.0,all,2109,3743750,31,0.064145,76.4
model,0.7718442593234686,0.9162780000790565,2.7723183504205497,6.454087069602059,7.814375116268757,0.9404991888653859,0.8454101110696024,0.8030359366145626,0.9485255237256796,0.28025926120859923,0.8133355344569393,5.130421351277381,3.7652758977251994,2.009821317479154,5.105442394183601,0.2948439870227749,0.3281051548351868,100.0,100.0,100.0,1.0,7.383738420685404e-08,arch_geglu_L5_h128,architecture,geglu,5,128,0.15,0.001,0.0001,0.0,all,2109,674310,58,0.0641,55.1
model,0.7599300424483793,0.9165359657432184,2.7815382348559137,6.455708519553551,7.605560350418069,0.9394032137433441,0.8455070532072497,0.8163927714287185,0.9480046765468757,0.19447915582703768,0.8157933839370106,5.173423206555317,3.720874056200016,2.0378462032692712,5.162205212505498,0.2845412987803274,0.3103394318250512,100.0,100.0,100.0,1.0,7.375057009539887e-08,arch_geglu_L5_h256,architecture,geglu,5,256,0.15,0.001,0.0001,0.0,all,2109,1610758,43,0.064064,62.5
model,0.7346557790757267,0.9046666137388237,3.014820690283159,6.872569441931821,7.727597915109483,0.9368407877749781,0.8292259058343155,0.7323772102691833,0.9436986701721201,0.1450314471280001,0.820760653275701,5.656807960999164,3.8370240335771086,2.382534818124888,5.575650793106836,0.29195659869273666,0.3449499371982211,100.0,100.0,100.0,1.0,7.361619935863928e-08,arch_geglu_L5_h512,architecture,geglu,5,512,0.15,0.001,0.0001,0.0,all,2109,4270086,33,0.065781,94.3
model,0.7475881447557707,0.9145356407889957,2.8292472617681708,6.5545012529767455,7.821108007832465,0.9417909468069411,0.8463985151261227,0.7970959710282367,0.9459409497203215,0.1605794029321549,0.7937230829208033,5.187795973829825,3.72136233151689,2.132086924916636,5.297006361316279,0.28604838149665546,0.35118359753273654,100.0,100.0,100.0,1.0,7.388863565438442e-08,arch_gelu_L2_h128,architecture,gelu,2,128,0.15,0.001,0.0001,0.0,all,2109,287878,52,0.060087,28.6
model,0.7565718535807745,0.917763799140894,2.7484399349167337,6.424542943271147,7.6568253422315475,0.9420979057628459,0.8444137726777194,0.8170961030038004,0.9493088727449782,0.17904879041380084,0.8074656768814634,5.085512545454788,3.6929918492067255,1.9969133337564935,5.1126144801601185,0.27246784235840693,0.3301395585638706,100.0,100.0,100.0,1.0,7.367550836079317e-08,arch_gelu_L2_h256,architecture,gelu,2,256,0.15,0.001,0.0001,0.0,all,2109,608518,45,0.05912,33.0
model,0.7624427861949566,0.9134759902340113,2.7827841825563544,6.574698454234304,7.437305965656996,0.9416160253364587,0.8432177666077534,0.78995673334851,0.9452549785731246,0.2664129769926846,0.7881982363111635,5.088029774530562,3.6410721239526094,2.101921659097805,5.234831539858846,0.2746252512783227,0.3562247466199782,100.0,100.0,100.0,1.0,7.4167935792957e-08,arch_gelu_L2_h512,architecture,gelu,2,512,0.15,0.001,0.0001,0.0,all,2109,1348102,43,0.059263,49.2
model,0.7503006082479048,0.9188512722224252,2.7918549575984666,6.397011635021486,8.013146781243606,0.9428173869537124,0.8543095863875511,0.8075454270885429,0.9504949252758901,0.1378082191676775,0.8088281046140121,5.18827867065461,3.60838285433503,2.085881816093564,5.177892929783113,0.3122369378161685,0.3784565369083182,100.0,100.0,100.0,1.0,7.319568595676174e-08,arch_gelu_L3_h128,architecture,gelu,3,128,0.15,0.001,0.0001,0.0,all,2109,304646,48,0.059812,30.2
model,0.774710482308628,0.9170287427375325,2.7328196789821235,6.423625812990028,7.585582579502783,0.9426091053540985,0.8425614373078134,0.7932609497740948,0.9509942787621382,0.3008730019837754,0.8179641206698031,5.025702365552593,3.7048078361214243,2.0785823840690227,5.005335805007339,0.2796183351348996,0.30287134800746346,100.0,100.0,100.0,1.0,7.370316978949631e-08,arch_gelu_L3_h256,architecture,gelu,3,256,0.15,0.001,0.0001,0.0,all,2109,674822,48,0.060338,43.3
model,0.7600150961578586,0.9166774411674926,2.7694297378381987,6.461711593067958,7.479159188675205,0.9423216508609411,0.8420202335225464,0.8070554582235374,0.9490902448903347,0.21642348064405414,0.8031795088056971,5.09412235303721,3.6310139304665783,2.1202029414067085,5.141004607384066,0.30418661929570406,0.3260479754389282,100.0,100.0,100.0,1.0,7.31718117208402e-08,arch_gelu_L3_h512,architecture,gelu,3,512,0.15,0.001,0.0001,0.0,all,2109,1611782,41,0.059824,62.6
model,0.7651178921389551,0.9171228336325021,2.7175739021171226,6.431031674767854,7.7212575006707596,0.9442012792871027,0.8429608461614809,0.7963004871831723,0.9496862967742362,0.2379643668556124,0.819594076572082,4.95631673097702,3.6658982724939198,2.060712507109902,5.030815046592893,0.2764266772544227,0.31527417827457804,100.0,100.0,100.0,1.0,7.251619393855435e-08,arch_gelu_L4_h128,architecture,gelu,4,128,0.15,0.001,0.0001,0.0,all,2109,321414,69,0.060195,46.9
model,0.7664107330622212,0.9136157646314973,2.841010463201923,6.556087831093323,7.767231194654059,0.9397512048853325,0.8370925425317766,0.7921388713286608,0.9478124768819337,0.277183754262869,0.8044855484827124,5.206380070855944,3.781765523949601,2.1169458237286487,5.291254456716861,0.3148300846721202,0.3348868192883632,100.0,100.0,100.0,1.0,7.29166629298561e-08,arch_gelu_L4_h256,architecture,gelu,4,256,0.15,0.001,0.0001,0.0,all,2109,741126,47,0.059263,48.3
model,0.7540593860101827,0.9149497366004767,2.7860212652880123,6.530838445247547,7.428401525440869,0.9409022392199942,0.8415662965582834,0.7892624295587569,0.9499667233171538,0.20109048499042703,0.8015681424164388,5.1829836416378745,3.6615202082836182,2.0773679861251377,5.157338455743229,0.3030989155025913,0.3338183844356252,100.0,100.0,100.0,1.0,7.316783268151994e-08,arch_gelu_L4_h512,architecture,gelu,4,512,0.15,0.001,0.0001,0.0,all,2109,1875462,44,0.059574,79.5
model,0.7472268636007748,0.9174262240058242,2.763871683896404,6.4432420866904465,7.796546797555562,0.9425001812793704,0.8509319393670989,0.799173278045907,0.9498279788979607,0.12212538210900292,0.8188024219052639,5.054366216786443,3.673629848573612,2.0517846377288746,5.172246721022229,0.31569336540490095,0.31550931386236253,100.0,100.0,100.0,1.0,7.441487781534306e-08,arch_gelu_L5_h128,architecture,gelu,5,128,0.15,0.001,0.0001,0.0,all,2109,338182,64,0.05976,52.2
model,0.7602643916013071,0.9169636429230611,2.794336476583803,6.4404156252456115,7.620991550856417,0.9401553557751859,0.8411859516466473,0.8175025960112338,0.9494085307680519,0.19654811046618148,0.8167858049405027,5.27548143749121,3.6938975319116865,1.9668454597704932,5.242930876148794,0.28093350394432803,0.3059300502363057,100.0,100.0,100.0,1.0,7.311607674864717e-08,arch_gelu_L5_h256,architecture,gelu,5,256,0.15,0.001,0.0001,0.0,all,2109,807430,49,0.06044,56.9
model,0.7605121596704437,0.9167653412182135,2.7725745584581936,6.4543721451012654,7.695438674807825,0.9430631808707354,0.8413264378875605,0.7955510839790082,0.9507945418217343,0.220070912614721,0.8122668008488619,5.10403452491533,3.791737614560544,2.041705087188299,5.091382718780596,0.2886023165141594,0.31798508879023574,100.0,100.0,100.0,1.0,7.347761510345663e-08,arch_gelu_L5_h512,architecture,gelu,5,512,0.15,0.001,0.0001,0.0,all,2109,2139142,40,0.060075,84.3
model,0.7673711433473359,0.9160279353723925,2.757737937604577,6.4515570186496545,7.671899700851135,0.9428729730277489,0.8429317813615406,0.8036129400113701,0.9463011135145554,0.23402927688418007,0.8344787752845774,5.041816301442268,3.693562629907886,2.0427501082018935,5.164430217231413,0.29428716638144264,0.3095812024625584,100.0,100.0,100.0,1.0,7.311209060389956e-08,arch_silu_L2_h128,architecture,silu,2,128,0.15,0.001,0.0001,0.0,all,2109,287878,70,0.059399,36.3
model,0.7572028132277859,0.9160034747459526,2.786042156083873,6.479374341714444,7.893380894602315,0.9424644720604861,0.8405581178892627,0.7982385009968191,0.9492098888249035,0.19473445890464425,0.818011440690558,5.06269541541978,3.794416441309265,2.1546732720918365,5.113717341863552,0.26108220491200657,0.3296682609067986,100.0,100.0,100.0,1.0,7.37308241127721e-08,arch_silu_L2_h256,architecture,silu,2,256,0.15,0.001,0.0001,0.0,all,2109,608518,45,0.059696,33.3
model,0.7668393078257437,0.9131634905509775,2.7688415027703988,6.580319291119068,7.5522258115622485,0.9431835041698359,0.8390568229534233,0.7792069431831687,0.9462967672972121,0.30630160883978264,0.7869902005109949,5.004756761747617,3.67446118905441,2.172914770875208,5.143788337237803,0.2630156250654366,0.35411233264191655,100.0,100.0,100.0,1.0,7.433656890043494e-08,arch_silu_L2_h512,architecture,silu,2,512,0.15,0.001,0.0001,0.0,all,2109,1348102,43,0.060097,49.3
model,0.7648744434988554,0.9184674829623638,2.810466127722835,6.38995366210179,7.975370336305274,0.943288450525652,0.8476354714591735,0.8092849469728637,0.9500160149988367,0.22721209187596347,0.8118096851606018,5.208029421785124,3.7462239204673335,2.0560969390746293,5.214689651223617,0.29790452652350424,0.33985230726280025,100.0,100.0,100.0,1.0,7.211350094848967e-08,arch_silu_L3_h128,architecture,silu,3,128,0.15,0.001,0.0001,0.0,all,2109,304646,51,0.05988,32.0
model,0.7814062984875062,0.9182721151164317,2.7509636250113534,6.372729331277953,7.775564741569912,0.9436192117397875,0.844926219566682,0.8058634544190288,0.9498100983025711,0.3291906570962163,0.8150281498007117,5.0190695141623785,3.6907549997942297,2.0635805123262956,5.086362530603958,0.31164642274898624,0.33436777043227234,100.0,100.0,100.0,1.0,7.510045918479591e-08,arch_silu_L3_h256,architecture,silu,3,256,0.15,0.001,0.0001,0.0,all,2109,674822,43,0.060015,37.0
model,0.7684694013275181,0.9182093408113847,2.7688417655096385,6.388924108692819,7.7754194873761415,0.9431802646783127,0.8441551741535185,0.8169310879067186,0.9487853348876698,0.242039941399682,0.8157246049391688,5.069623270617307,3.792921858106325,2.0929164925172565,5.065044654472748,0.2810156508622812,0.31152866648191224,100.0,100.0,100.0,1.0,7.28487421497448e-08,arch_silu_L3_h512,architecture,silu,3,512,0.15,0.001,0.0001,0.0,all,2109,1611782,37,0.058023,55.0
model,0.7501213482630421,0.9182112122886021,2.7369005575996552,6.413578969760854,7.897806765630996,0.943301420941257,0.8470294100362512,0.820028661433649,0.9483299982296939,0.13154737896559465,0.8104912199717679,5.048513734139231,3.7139104372623986,1.9824805698829506,5.064323564292863,0.2893628680236794,0.32281217199680834,100.0,100.0,100.0,1.0,7.270869417652648e-08,arch_silu_L4_h128,architecture,silu,4,128,0.15,0.001,0.0001,0.0,all,2109,321414,54,0.060629,38.0
model,0.7543489305663109,0.9160034508202848,2.810259969583172,6.484125739368745,7.768548013427404,0.9404613462532836,0.8377375218795868,0.8190698859336702,0.948130426844319,0.17256788023105574,0.8081265222559124,5.214994190660708,3.7560652805477135,1.9718291678302091,5.249849449221252,0.33170194953419335,0.3371197797049527,100.0,100.0,100.0,1.0,7.321955308725592e-08,arch_silu_L4_h256,architecture,silu,4,256,0.15,0.001,0.0001,0.0,all,2109,741126,47,0.060784,47.5
model,0.7568154701807571,0.9166247326311611,2.7496172819798894,6.463802046807541,7.368776004734454,0.9434722697704179,0.8466316225339916,0.7887584161952755,0.9500373298101566,0.1989816394238696,0.8130115433507858,5.051035976552605,3.6183853778127917,2.1450080353114287,5.085260491026617,0.2911373792917663,0.30687643188413016,100.0,100.0,100.0,1.0,7.39674206329255e-08,arch_silu_L4_h512,architecture,silu,4,512,0.15,0.001,0.0001,0.0,all,2109,1875462,48,0.059705,88.2
model,0.7491011332467331,0.918777169054901,2.7602447971003166,6.390460654495582,8.038919807376114,0.9454579731569679,0.8501852435631139,0.8074174896913717,0.9491207504250933,0.12009498282200703,0.8223303598218027,4.9759482657813585,3.7656818700031818,2.1307246930353685,5.061153520138164,0.31165270363428627,0.31630773000954115,100.0,100.0,100.0,1.0,7.292065618003107e-08,arch_silu_L5_h128,architecture,silu,5,128,0.15,0.001,0.0001,0.0,all,2109,338182,51,0.059104,38.9
model,0.7641141548673301,0.9155448547889649,2.735391122390893,6.489956399384567,7.504320646238991,0.942302585147388,0.8404117451362977,0.7951215435433638,0.9486911473658717,0.2456926489560579,0.812465259054961,5.075370858566545,3.6762479052860253,2.0275200545787455,5.039667861510202,0.2805305242439179,0.313009530159923,100.0,100.0,100.0,1.0,7.316783268151994e-08,arch_silu_L5_h256,architecture,silu,5,256,0.15,0.001,0.0001,0.0,all,2109,807430,55,0.060988,63.1
model,0.7467622261573851,0.9162230210109482,2.7714757794972926,6.485330459629403,7.673223058262785,0.9431712966259611,0.8385415633088735,0.7996822840514589,0.9500382272309104,0.1328803249948859,0.8162596607321762,5.105396982231618,3.778536663827671,2.065875728678181,5.072201395411344,0.30384737096375797,0.3029965358711826,100.0,100.0,100.0,1.0,7.264058154987652e-08,arch_silu_L5_h512,architecture,silu,5,512,0.15,0.001,0.0001,0.0,all,2109,2139142,40,0.059556,83.8
model,0.7682308611827303,0.9236701798296356,2.6974036337869345,6.200631538834205,8.434981155359434,0.9483684355835761,0.858076614191916,0.825593796024716,0.9518394527792134,0.20963068152937114,0.8158761869875535,4.867162029445564,3.6036461867736715,2.02566595689485,4.958330730868988,0.34587106646513793,0.38374583227339853,100.0,100.0,100.0,1.0,7.272470980979051e-08,arch_relu_L2_h128,architecture,relu,2,128,0.15,0.001,0.0001,0.0,all,2109,287878,75,0.060464,41.6
model,0.763272438014955,0.9221607733963753,2.7338148006298244,6.254438099160879,8.121237412589975,0.9457732558517125,0.854060825840879,0.8126647594971742,0.9538614629680855,0.1847196278162726,0.8285546961155649,4.983581233890985,3.704592172229524,2.160226495001874,4.895566399723036,0.3269229605734426,0.3319995423600871,100.0,100.0,100.0,1.0,7.252422307146844e-08,arch_relu_L2_h256,architecture,relu,2,256,0.15,0.001,0.0001,0.0,all,2109,608518,70,0.056581,50.6
model,0.7871162916863348,0.9253160558172394,2.6438958244126805,6.114980875726692,7.861795751000693,0.9476323927043785,0.8587322058012048,0.8273765167232959,0.9546462709003114,0.3110051499434048,0.82330521404538,4.847047908641537,3.6001928531676284,2.0005178164312962,4.80831352447423,0.284942964567655,0.3223598791937362,100.0,100.0,100.0,1.0,7.340227625718398e-08,arch_relu_L2_h512,architecture,relu,2,512,0.15,0.001,0.0001,0.0,all,2109,1348102,80,0.055945,93.2
model,0.7737011201188219,0.9235282000387294,2.6744756424901404,6.1846782492693215,8.266515034270597,0.947665277050936,0.8516205778314336,0.8285769911305596,0.9525888422923181,0.22644138341584963,0.8353136489917978,4.857606253914715,3.642853878058468,2.028950346375346,4.861605737503262,0.3211600629282821,0.3346775761607712,100.0,100.0,100.0,1.0,7.452827333054302e-08,arch_relu_L3_h128,architecture,relu,3,128,0.15,0.001,0.0001,0.0,all,2109,304646,74,0.057741,47.3
model,0.8132135753686017,0.9272149351971447,2.6259277523395683,5.992759689718433,7.985304909722609,0.9483980723261872,0.8563591195746459,0.8415219136998442,0.9547342423054275,0.4358832516310909,0.8423848526743825,4.832285796600806,3.6249125965781768,1.8781242099025657,4.817559160176614,0.2874304749035576,0.3152542758756882,100.0,100.0,100.0,1.0,7.327521700517536e-08,arch_relu_L3_h256,architecture,relu,3,256,0.15,0.001,0.0001,0.0,all,2109,674822,80,0.057969,67.4
model,0.7680154548535661,0.9247265048252801,2.611486035952925,6.148963470241546,7.645060632387737,0.9490564378857803,0.8528702806723036,0.8139471364376651,0.9568082256004269,0.19439357427377058,0.8410170742514114,4.798058837222811,3.5732798105460315,1.9914438471533746,4.736024596939713,0.2791285641240469,0.2909805597315694,100.0,100.0,100.0,1.0,7.262053003387337e-08,arch_relu_L3_h512,architecture,relu,3,512,0.15,0.001,0.0001,0.0,all,2109,1611782,77,0.056133,117.4
model,0.8007054235977432,0.9301618525577391,2.6198309714721315,5.908396238630047,8.267501377470113,0.9512980283384529,0.8669126750597146,0.8477565711959733,0.9558888137943813,0.345351404041047,0.8370250491568607,4.770734872105983,3.5587180017395235,1.9102592655333002,4.830079530714728,0.31895908186820854,0.33023507687104314,100.0,100.0,100.0,1.0,7.266863377708432e-08,arch_relu_L4_h128,architecture,relu,4,128,0.15,0.001,0.0001,0.0,all,2109,321414,79,0.058134,56.9
model,0.8060809942435182,0.9272997772736936,2.605699095117064,6.013518317400666,7.775425124063551,0.9484828513180867,0.8598656300267226,0.8371019408574878,0.9554565913185542,0.409049354465852,0.8265295974743718,4.8281396205665,3.5210279920378915,1.9093330242593034,4.785190616029732,0.2722840611386197,0.31821925667033957,100.0,100.0,100.0,1.0,7.353703779244825e-08,arch_relu_L4_h256,architecture,relu,4,256,0.15,0.001,0.0001,0.0,all,2109,741126,87,0.055463,86.3
model,0.7951982641925631,0.9271412230769815,2.601968545564086,6.025833975847062,8.0128296236185,0.9495590476192208,0.8558826732014417,0.8381972321057312,0.9554006960346142,0.33408097807438764,0.8380689581199512,4.770176125663776,3.5373418281275777,1.9197261345896877,4.765794373102362,0.3117371707621864,0.3070356411389274,100.0,100.0,100.0,1.0,7.31718117208402e-08,arch_relu_L4_h512,architecture,relu,4,512,0.15,0.001,0.0001,0.0,all,2109,1875462,68,0.056743,124.0
model,0.7916385787619018,0.9275508407643233,2.617495574420949,6.0125526774451545,8.271769032923324,0.9500133141465531,0.8640670359980953,0.8394592796473425,0.9534725577891092,0.3010205579626043,0.8417987270276723,4.793936562953494,3.5375842267343853,1.877325192205061,4.850876160636267,0.32124098067813106,0.32401032331836177,100.0,100.0,100.0,1.0,7.319170691744148e-08,arch_relu_L5_h128,architecture,relu,5,128,0.15,0.001,0.0001,0.0,all,2109,338182,76,0.058759,59.5
model,0.8145938963240869,0.9284646135440605,2.6084201194727203,5.948746395287348,8.136067161121202,0.9498479422245628,0.8604606994698049,0.8412207077211167,0.955385512615745,0.4408916320291342,0.8397568838841263,4.7865585195987705,3.542973381587079,1.9048614140098281,4.803819639400032,0.2968039317772205,0.315503830463386,100.0,100.0,100.0,1.0,7.348157993192217e-08,arch_relu_L5_h256,architecture,relu,5,256,0.15,0.001,0.0001,0.0,all,2109,807430,82,0.057331,93.1
model,0.7842187104658045,0.9275386774454294,2.5669531594139565,6.025916469021625,7.696753429241429,0.9499536099888977,0.8579629250953004,0.8383174453820702,0.9559198701291899,0.26430339570141836,0.8388550164979167,4.724763145012046,3.5217079354219187,1.873063603313521,4.72063274410704,0.27115220609607976,0.29039932253313444,100.0,100.0,100.0,1.0,7.302840288048174e-08,arch_relu_L5_h512,architecture,relu,5,512,0.15,0.001,0.0001,0.0,all,2109,2139142,81,0.056755,171.5
model,0.764353688558773,0.9162238541174784,2.759045620495592,6.449630972135377,7.6746733382567065,0.9432938985070027,0.842219312022568,0.8045354943919945,0.9466397534068866,0.21614472130311757,0.8332889517210278,5.054337452479722,3.7033600213713935,2.038311879655311,5.157235725724842,0.2919855528425018,0.30904309089978377,100.0,100.0,100.0,1.0,7.36201499762501e-08,arch_mish_L2_h128,architecture,mish,2,128,0.15,0.001,0.0001,0.0,all,2109,287878,70,0.059027,40.9
model,0.7523865804701934,0.9151297324288297,2.8123614078799415,6.520255202442151,7.881816773292268,0.9429882528354211,0.8427757410850214,0.7894251408306525,0.9481874595341949,0.1806332491665209,0.8103096393693049,5.082586381101568,3.798409569100542,2.1933912238553614,5.195923587915771,0.2712370375464694,0.3326206477599357,100.0,100.0,100.0,1.0,7.336656437928468e-08,arch_mish_L2_h256,architecture,mish,2,256,0.15,0.001,0.0001,0.0,all,2109,608518,45,0.060127,33.8
model,0.7725210832500027,0.9148035202971707,2.769868259967607,6.515560186227638,7.546496397513543,0.9431444138756397,0.8410459043668983,0.7883854304746081,0.9474689135522483,0.32274905253429265,0.7923327846962847,5.071537206667987,3.643460532009262,2.1106857449429963,5.178418583591487,0.26485042251580054,0.3502570700781119,100.0,100.0,100.0,1.0,7.259646395141317e-08,arch_mish_L2_h512,architecture,mish,2,512,0.15,0.001,0.0001,0.0,all,2109,1348102,43,0.059943,50.9
model,0.757888929123828,0.9179487681919783,2.821304317993142,6.414096750685423,7.973647184414958,0.9419159885557072,0.8477206903248733,0.8117728077850404,0.9496920412944054,0.18223131786217472,0.8140007289207274,5.277994948786816,3.751700878608018,2.0012932399387386,5.2654727065475795,0.29565065118062134,0.3357134828970778,100.0,100.0,100.0,1.0,7.209330732393937e-08,arch_mish_L3_h128,architecture,mish,3,128,0.15,0.001,0.0001,0.0,all,2109,304646,51,0.059857,33.8
model,0.7607638468346045,0.9172583987381928,2.7641361148496637,6.430568564303877,7.595953135855826,0.9437259428092267,0.8444740156832938,0.8005268490136568,0.9493352102585387,0.2055396862291845,0.8209813770136837,5.088466770810287,3.6966584321090803,2.047061868810762,5.146384334834082,0.2961795621112992,0.3100657204224736,100.0,100.0,100.0,1.0,7.393197876126578e-08,arch_mish_L3_h256,architecture,mish,3,256,0.15,0.001,0.0001,0.0,all,2109,674822,53,0.059357,47.6
model,0.7683550761265568,0.918736235300978,2.7671304398471235,6.371856671787827,7.785367335785049,0.9433096242917722,0.8477678274386399,0.819270696733746,0.9484907414569645,0.2373369925689801,0.8139545742691991,5.074067881748888,3.7649348428732368,2.083112534524307,5.084916547818749,0.27907015666467105,0.31668067545288964,100.0,100.0,100.0,1.0,7.38728687110779e-08,arch_mish_L3_h512,architecture,mish,3,512,0.15,0.001,0.0001,0.0,all,2109,1611782,37,0.058578,57.3
model,0.7599002910798975,0.918361329771708,2.708579100914441,6.398060487408283,7.734479181016725,0.9441904414626681,0.8452516780398174,0.8115152903022391,0.9495360985223529,0.19614728546037485,0.8127609526918915,4.98361655375176,3.658972734885508,1.9784012540867628,5.021755333277412,0.2827310572052332,0.32599767227997456,100.0,100.0,100.0,1.0,7.450873340530961e-08,arch_mish_L4_h128,architecture,mish,4,128,0.15,0.001,0.0001,0.0,all,2109,321414,70,0.059937,54.1
model,0.7595859672906,0.9154395006723135,2.7486236244554028,6.490639120610544,7.556371804245811,0.9427225332064565,0.8367519743617409,0.7957835893979825,0.948952877201166,0.20907185725073496,0.8242329723254752,5.065034191246818,3.7170149055381754,2.0050959430691737,5.104268682660255,0.2867896451453466,0.31353837907264825,100.0,100.0,100.0,1.0,7.34498684096252e-08,arch_mish_L4_h256,architecture,mish,4,256,0.15,0.001,0.0001,0.0,all,2109,741126,56,0.061724,60.4
model,0.7634695009852189,0.917147558529016,2.7329509860354517,6.434578444944859,7.367233823334101,0.9427690767521416,0.8451527351876591,0.8035579794260046,0.9490969525952317,0.22507188177532067,0.8151683801749147,5.074200312343715,3.6541450900132064,1.9972728561632773,5.086580250950109,0.27163804951516485,0.3138693572272333,100.0,100.0,100.0,1.0,7.328316087296116e-08,arch_mish_L4_h512,architecture,mish,4,512,0.15,0.001,0.0001,0.0,all,2109,1875462,49,0.060126,90.9
model,0.7511509458433466,0.9187836580979993,2.7630172881072226,6.398509563380565,8.035753977087255,0.9457777814699482,0.8521165719908093,0.8040397886027502,0.9492449153508296,0.14813488253654572,0.807591735109157,5.038998670009113,3.710351486939753,2.0321651655117794,5.143694039906417,0.31860520966755174,0.33428915660872127,100.0,100.0,100.0,1.0,7.390045908550746e-08,arch_mish_L5_h128,architecture,mish,5,128,0.15,0.001,0.0001,0.0,all,2109,338182,48,0.05908,38.5
model,0.7450927947743948,0.9118983877143584,2.828528712317062,6.629070321185908,7.82001075433421,0.9363961005584273,0.8287959468184054,0.810087363679147,0.946360240557057,0.13724155626122903,0.8116755607720632,5.269101625342985,3.865758305562581,1.9700429088842848,5.266354714333546,0.2794731579021915,0.32044156187678663,100.0,100.0,100.0,1.0,7.299250626147114e-08,arch_mish_L5_h256,architecture,mish,5,256,0.15,0.001,0.0001,0.0,all,2109,807430,44,0.060932,52.8
model,0.7773100927376388,0.9180582293905873,2.720062781300779,6.386487754700848,7.459922432115189,0.9434699585847354,0.8396660461971136,0.8102520708754363,0.9504134684531578,0.3082003547831742,0.8118586575321775,4.9923187906387,3.721258413055753,1.9981908050258834,5.020338189384586,0.27127517354439845,0.3169953161553518,100.0,100.0,100.0,1.0,7.301245119606392e-08,arch_mish_L5_h512,architecture,mish,5,512,0.15,0.001,0.0001,0.0,all,2109,2139142,49,0.05999,106.2
model,0.741450154052642,0.9121594804976976,2.8411120857063756,6.617518647769506,7.69130465124425,0.9394888021229566,0.8246207206599033,0.7968978877564113,0.9479725397615759,0.11355283255900717,0.8261681414559526,5.153240248771789,3.9485045513870616,2.0939016563438226,5.183533286398035,0.3657018404642202,0.3017909308733247,100.0,100.0,100.0,1.0,7.367550836079317e-08,arch_geglu_L3_h1024,architecture,geglu,3,1024,0.15,0.001,0.0001,0.0,all,2109,8531974,29,0.063409,124.4
model,0.7736939988635662,0.9113539022080837,2.808006303032183,6.6129576078581085,7.310765406825015,0.9393162517312391,0.8336929571762357,0.7667509155512895,0.9478980956390446,0.3379949360424003,0.8165108370411365,5.159695905430133,3.7751242410888572,2.200314396700933,5.116162739527174,0.2721067658203389,0.32463376962566,100.0,100.0,100.0,1.0,7.307225047270549e-08,arch_gelu_L3_h1024,architecture,gelu,3,1024,0.15,0.001,0.0001,0.0,all,2109,4272134,47,0.06107,140.9
model,0.7555335612652746,0.9167378170403827,2.7767878273185853,6.477037666101518,7.507015971133115,0.9429159378581619,0.8433413884135244,0.8033352701273717,0.9497711171684896,0.20857639158776475,0.7852612624362967,5.111949154275773,3.7161992329615563,2.1007404868502175,5.104744917853071,0.2843227560167834,0.3427704159541116,100.0,100.0,100.0,1.0,7.369131793666384e-08,arch_silu_L3_h1024,architecture,silu,3,1024,0.15,0.001,0.0001,0.0,all,2109,4272134,41,0.057797,121.4
model,0.7768337213623632,0.9099920363258855,2.8401633655898078,6.646809337607597,7.638818659459801,0.9388219862668332,0.8385966345549377,0.7560533338456343,0.9453359051385286,0.35884956209365015,0.8233449062745407,5.1971006003536715,3.8016329015937997,2.256893700704115,5.189982429327264,0.2859227193841069,0.30944784217588855,100.0,100.0,100.0,1.0,7.269667889886477e-08,arch_geglu_L6_h256,architecture,geglu,6,256,0.15,0.001,0.0001,0.0,all,2109,1742854,53,0.065101,87.2
model,0.7543553551911643,0.9163884156008462,2.818274440788775,6.460144112767903,7.696213094672665,0.9407580773819646,0.8470456072161476,0.7988891897751439,0.9492497835371175,0.15805253320022894,0.8321369400363379,5.226373258718103,3.7586757204735775,2.1058519354853726,5.1968695150452,0.3166462933996812,0.3052299216107161,100.0,100.0,100.0,1.0,7.218615394322114e-08,arch_geglu_L8_h256,architecture,geglu,8,256,0.15,0.001,0.0001,0.0,all,2109,2007046,65,0.065077,131.3
model,0.7431918723111574,0.9159197436877919,2.7509854915714964,6.502219262106484,7.66743048210981,0.9457333473056153,0.839895793869915,0.7955160291960518,0.9479830035016011,0.11927425955509285,0.810748800438623,4.97795358085127,3.742015307087148,2.0776074661636783,5.088461645051241,0.2965721111114031,0.32330283916424185,100.0,100.0,100.0,1.0,7.286072900569707e-08,arch_gelu_L6_h256,architecture,gelu,6,256,0.15,0.001,0.0001,0.0,all,2109,873734,49,0.060429,67.1
model,0.7531030423104063,0.916200755110669,2.7824833434012595,6.480710693347448,7.903236743354887,0.9424377367225905,0.8454971451648244,0.8059447485193698,0.9472225449595197,0.16694520421770342,0.8105708742783901,5.06560986259853,3.6736674569109424,2.073019099441152,5.192769733476825,0.3585658421569288,0.3312680658231792,100.0,100.0,100.0,1.0,7.373477473038292e-08,arch_gelu_L8_h256,architecture,gelu,8,256,0.15,0.001,0.0001,0.0,all,2109,1006342,49,0.06146,77.5
model,0.7643548265224696,0.9183111253877665,2.691455661254552,6.3913177412347615,7.673143637056647,0.9452642096544761,0.8447417833070138,0.8071270911582646,0.9491778428052939,0.22223436107014605,0.817583671139581,4.957744050387042,3.637003487174088,1.9550965085226544,4.975928886208615,0.29929157987891875,0.32366945535599667,100.0,100.0,100.0,1.0,7.447746241950881e-08,arch_silu_L6_h256,architecture,silu,6,256,0.15,0.001,0.0001,0.0,all,2109,873734,51,0.060005,65.7
model,0.7901763140360784,0.9170608752509177,2.707152209346597,6.39290908041761,7.613222900426166,0.9436801076871413,0.841545056415887,0.793489631658476,0.9494318999325031,0.38508822691891464,0.8278229616035035,4.979948495437757,3.6583107106598614,2.0350245345207143,4.981623651281851,0.2826534779442115,0.30535238623518823,100.0,100.0,100.0,1.0,7.217001751769203e-08,arch_silu_L8_h256,architecture,silu,8,256,0.15,0.001,0.0001,0.0,all,2109,1006342,57,0.062341,89.2
model,0.7548982358028334,0.9147629492975579,2.8021800023247714,6.525388603033837,7.852312172363547,0.937137684707337,0.8411483427237858,0.812115255859375,0.9481061570966717,0.18059508859374163,0.8102868858360497,5.246867754492579,3.8093090312737985,2.0081141975256065,5.138349550205558,0.2817984007149745,0.32864107973611056,100.0,100.0,100.0,1.0,7.305631299914239e-08,train_lr0.0003_wd1e-05,training,geglu,3,256,0.15,0.0003,1e-05,0.0,all,2109,1346566,40,0.063291,44.5
model,0.754897564679215,0.9147632538187165,2.802179598387565,6.525378335801116,7.8523683900978165,0.9371377703037159,0.8411490596816171,0.8121171905539706,0.9481062475324407,0.18058744471212862,0.8102876752913761,5.246868256499779,3.8093109488135735,2.0081110750328306,5.138344914058582,0.28179948937973365,0.3286429065408915,100.0,100.0,100.0,1.0,7.297255422145099e-08,train_lr0.0003_wd0.0001,training,geglu,3,256,0.15,0.0003,0.0001,0.0,all,2109,1346566,40,0.063291,42.7
model,0.7548960097342623,0.9147641343534642,2.802175910508836,6.525348618218972,7.852490264640727,0.9371382179430168,0.8411513399325384,0.8121209694910634,0.9481066034598641,0.18056872687819814,0.8102902007008526,5.2468604745484555,3.8093067597277637,2.0081142772110887,5.138328748162882,0.28180002268628845,0.32864518071653676,100.0,100.0,100.0,1.0,7.328713280685406e-08,train_lr0.0003_wd0.001,training,geglu,3,256,0.15,0.0003,0.001,0.0,all,2109,1346566,40,0.06329,43.0
model,0.7486149634953239,0.914798297898218,2.776225429989696,6.528124723899957,7.638366878571689,0.9386337963209183,0.8404058443127795,0.7956691709012058,0.950297899221805,0.14500568784752133,0.8216773823676689,5.170988816683005,3.808478493250225,2.0430906646259275,5.053130423721697,0.2836173054525216,0.2980468762048002,100.0,100.0,100.0,1.0,7.452436534549634e-08,train_lr0.0005_wd1e-05,training,geglu,3,256,0.15,0.0005,1e-05,0.0,all,2109,1346566,40,0.062229,42.3
model,0.748614693975013,0.9147988531829452,2.7762166216888637,6.528106830516611,7.638406038860529,0.9386344958817902,0.8404062954047629,0.7956718336450864,0.9502980493453806,0.14500085440756105,0.8216766351654538,5.1709662767537,3.808477971419096,2.043073455343608,5.053115914581764,0.28361671541403005,0.2980493966209846,100.0,100.0,100.0,1.0,7.281675351578087e-08,train_lr0.0005_wd0.0001,training,geglu,3,256,0.15,0.0005,0.0001,0.0,all,2109,1346566,40,0.062229,42.9
model,0.7486127554393965,0.9148006210340082,2.776181151737306,6.528051485465336,7.638537424648172,0.9386374186898065,0.840407487905381,0.7956807921721682,0.950298019764522,0.14497917177773345,0.8216736423267242,5.170871727592712,3.808476924892617,2.0429987086862056,5.05306562089444,0.28361489575898446,0.298059032598877,100.0,100.0,100.0,1.0,7.471948748616342e-08,train_lr0.0005_wd0.001,training,geglu,3,256,0.15,0.0005,0.001,0.0,all,2109,1346566,40,0.062229,42.8
model,0.7372774010358699,0.9080631582180226,2.8250789692357423,6.768459509858003,7.25901898916072,0.9349344292492722,0.8311844644042005,0.7766176082128016,0.9444661658289698,0.12449677942808846,0.8119649590918354,5.287604154156784,3.7478076393252597,2.0967375861649753,5.231654549691879,0.27919282632730613,0.3074770597482473,100.0,100.0,100.0,1.0,7.36517904442735e-08,train_lr0.001_wd1e-05,training,geglu,3,256,0.15,0.001,1e-05,0.0,all,2109,1346566,45,0.063819,48.3
model,0.7372739528183322,0.9080629370912111,2.825078376600373,6.768472177655452,7.259053588413627,0.9349342318262139,0.8311848189375018,0.7766160861709652,0.9444662081613777,0.12447931810382906,0.8119630537100548,5.287609299629203,3.7477959212871657,2.096740636349165,5.231650040121667,0.279195263124489,0.307479099090549,100.0,100.0,100.0,1.0,7.423464865041751e-08,train_lr0.001_wd0.0001,training,geglu,3,256,0.15,0.001,0.0001,0.0,all,2109,1346566,45,0.063819,49.5
model,0.7372476974141552,0.9080609412075713,2.8250676884059662,6.7685820041071025,7.259241834119565,0.934932772350476,0.8311868254888554,0.7766034233155711,0.9444662906261766,0.12435314934348263,0.8119437233603196,5.28762969179828,3.7476813487623466,2.0967598251704396,5.231622206931146,0.2792107611390211,0.30750229663456474,100.0,100.0,100.0,1.0,7.360828391256291e-08,train_lr0.001_wd0.001,training,geglu,3,256,0.15,0.001,0.001,0.0,all,2109,1346566,45,0.063821,49.8
model,0.7672417303826348,0.9126066788895881,2.94758162597012,6.583740355021867,8.009163461933866,0.9369188116016846,0.8386132567819312,0.7883015187938883,0.9477442387798998,0.27983845962492016,0.8120340967134403,5.427603863244332,4.051173302175379,2.192163026344036,5.3733355936713405,0.29725309693546226,0.34396087345016974,100.0,100.0,100.0,1.0,7.354891806699015e-08,train_lr0.002_wd1e-05,training,geglu,3,256,0.15,0.002,1e-05,0.0,all,2109,1346566,30,0.064112,32.5
model,0.767242513989241,0.9126063939387533,2.947587629759542,6.583748855371578,8.009189672182789,0.936918570041053,0.838612986216152,0.7883003119302773,0.9477440352998143,0.2798453899544715,0.8120337904936328,5.427625640075736,4.051168058325752,2.192164579474086,5.373348799807706,0.29725609317642177,0.34396260769754977,100.0,100.0,100.0,1.0,7.29446156810809e-08,train_lr0.002_wd0.0001,training,geglu,3,256,0.15,0.002,0.0001,0.0,all,2109,1346566,30,0.064112,34.2
model,0.7672445828487339,0.912602533192136,2.9476524637090176,6.583875233266088,8.009419775002373,0.9369160451454597,0.8386099540907245,0.7882812375493073,0.947741398479935,0.2798880259353017,0.8120308358916302,5.427828825611361,4.051121390042427,2.192218173444342,5.373484811338161,0.2972854602021387,0.34397612161567803,100.0,100.0,100.0,1.0,7.373872534799375e-08,train_lr0.002_wd0.001,training,geglu,3,256,0.15,0.002,0.001,0.0,all,2109,1346566,30,0.064112,33.8
model,0.7675062658421661,0.912763697789334,2.8614382399937326,6.583371695838,7.590812985301555,0.9391589063844796,0.8354136578479164,0.7860975093117379,0.9478562482012501,0.29243325900638595,0.804078014301182,5.246376217421577,3.9953422321185017,2.0228784100559514,5.2866557092483495,0.2902563858193967,0.32712048529862114,100.0,100.0,100.0,1.0,7.235539101202448e-08,train_lr0.005_wd1e-05,training,geglu,3,256,0.15,0.005,1e-05,0.0,all,2109,1346566,42,0.06416,48.1
model,0.767484167909382,0.9127532788840247,2.861555760393859,6.583746374692685,7.590855025023366,0.939156574723682,0.8353847142180816,0.7860215331045142,0.9478572599519811,0.29240519631548567,0.8040797291425028,5.246753369217317,3.9953681761468163,2.023109194680443,5.286752969611712,0.2902607657235206,0.3270900869833457,100.0,100.0,100.0,1.0,7.328316087296116e-08,train_lr0.005_wd0.0001,training,geglu,3,256,0.15,0.005,0.0001,0.0,all,2109,1346566,42,0.064165,47.6
model,0.7671011641903472,0.912611405385091,2.861283765304763,6.5890036719635985,7.58936575085815,0.939137249965758,0.8350218611834859,0.7849677073514709,0.9478617162898066,0.291590660015263,0.8040277903362549,5.246306884396484,3.993284467130916,2.0260232695729954,5.284202089450519,0.29066433574577305,0.3272215455318929,100.0,100.0,100.0,1.0,7.375057009539887e-08,train_lr0.005_wd0.001,training,geglu,3,256,0.15,0.005,0.001,0.0,all,2109,1346566,42,0.064195,46.2
model,0.7266074184006657,0.8986968499363144,3.1184408069541463,7.08111353947247,8.331888259416115,0.929248881334048,0.8039575982560087,0.7332137858831393,0.9438188760635585,0.14872501452326103,0.8006803543439223,5.6265132779572316,4.397878715229022,2.4776339339746674,5.42389151656321,0.3967707479301404,0.38795665007060576,100.0,100.0,100.0,1.0,7.290468317933119e-08,train_drop0.0,training,geglu,3,256,0.0,0.001,0.0001,0.0,all,2109,1346566,27,0.066377,23.0
model,0.7284340926860967,0.9054727221754286,2.9869317940034468,6.870221036975038,8.11174671774189,0.9346395780117925,0.818812194450181,0.7534282133720043,0.9472933937982075,0.11653718328328477,0.7998939932010578,5.4734649074594985,4.0189997797143535,2.410264445501436,5.341963524688522,0.31883934034527317,0.3580587663115962,100.0,100.0,100.0,1.0,7.302042348555915e-08,train_drop0.05,training,geglu,3,256,0.05,0.001,0.0001,0.0,all,2109,1346566,28,0.064621,31.3
model,0.7437974999194842,0.9067571307738351,2.896308643335181,6.803489522468459,7.280505326587371,0.9338842822893373,0.826707870548099,0.768749946274662,0.9447053268774062,0.1777177247543681,0.8110198487729818,5.358620009602911,3.8902331807628974,2.2625302534703247,5.286546583309178,0.26582806687672866,0.3140937659890496,100.0,100.0,100.0,1.0,7.471559371197145e-08,train_drop0.1,training,geglu,3,256,0.1,0.001,0.0001,0.0,all,2109,1346566,45,0.063755,50.6
model,0.7654870694163037,0.9156151537807877,2.7657050230401716,6.4778525828285085,7.466302202078492,0.9389418920842036,0.8372032280733718,0.814361942269182,0.9486438485347464,0.2353175175915474,0.8184539879447317,5.197207285653796,3.754159976306642,1.9707556270196607,5.1046084935103,0.2670602971060917,0.3004384586445399,100.0,100.0,100.0,1.0,7.404218393958217e-08,train_drop0.2,training,geglu,3,256,0.2,0.001,0.0001,0.0,all,2109,1346566,40,0.061802,42.8
model,0.7634495798970714,0.915747716929497,2.783635312916137,6.4870583327252245,7.578679103990761,0.9402979731246496,0.8411401243120151,0.7943265297806278,0.9508316094762463,0.2447876675162688,0.8093135751725773,5.178013730669426,3.780943974592446,2.0919117616428826,5.07066834376918,0.26934709777063687,0.31092696905224715,100.0,100.0,100.0,1.0,7.417970948608854e-08,train_drop0.3,training,geglu,3,256,0.3,0.001,0.0001,0.0,all,2109,1346566,45,0.061231,49.6
model,0.766918580054076,0.9179366868786912,2.7035585322639695,6.3987223666397215,7.418885831838642,0.9432718865772405,0.8476979166536025,0.8069413561759409,0.9488443252394769,0.23338130678834856,0.8213746888898061,5.016716954282454,3.6177429300006656,1.973906169263467,5.03676911718234,0.26916650372961154,0.3070495191252762,100.0,100.0,100.0,1.0,7.284474179414246e-08,train_drop0.4,training,geglu,3,256,0.4,0.001,0.0001,0.0,all,2109,1346566,58,0.06125,62.6
model,0.7372737944133233,0.908062935826942,2.8250780632769215,6.7684723886702685,7.259053383999564,0.9349342493908684,0.8311848543167136,0.7766160982424186,0.9444661861748372,0.12447831400575349,0.811963064349299,5.287608264392415,3.7477951390241673,2.096740566663398,5.231649814654792,0.2791954205346788,0.30747917439208083,100.0,100.0,100.0,1.0,7.30762366174531e-08,l1_1e-06,l1_regularization,geglu,3,256,0.15,0.001,0.0001,1e-06,all,2109,1346566,45,0.063819,50.7
model,0.7372739240828882,0.9080629161463488,2.82507857967971,6.768472966382268,7.259053400367083,0.9349342302370839,0.8311848180830601,0.7766160339697765,0.9444661750341015,0.12447936344681709,0.8119629237264414,5.28760904143147,3.7477955656342274,2.0967409195653564,5.231651258272175,0.279195320871544,0.307479372303488,100.0,100.0,100.0,1.0,7.429738957398513e-08,l1_5e-06,l1_regularization,geglu,3,256,0.15,0.001,0.0001,5e-06,all,2109,1346566,45,0.063819,50.8
model,0.7372741189891382,0.9080629666495276,2.82507794102332,6.768471036015618,7.259053678209507,0.9349342425199328,0.8311848721561879,0.7766162507063676,0.9444662152634515,0.12448010130746878,0.8119630319813695,5.2876085104527775,3.7477947733875867,2.0967400959707185,5.23165000095544,0.27919515522777133,0.30747911014562856,100.0,100.0,100.0,1.0,7.463759743586706e-08,l1_1e-05,l1_regularization,geglu,3,256,0.15,0.001,0.0001,1e-05,all,2109,1346566,45,0.063819,52.3
model,0.7372735529792852,0.9080629673465772,2.8250773206306223,6.76847167891626,7.259053121821453,0.9349342611058772,0.8311850340970636,0.7766161027307066,0.9444662101905438,0.12447664810836401,0.8119630616431087,5.2876074306627965,3.7477923680678003,2.0967403111535567,5.231649260062008,0.27919546268815354,0.30747909114941907,100.0,100.0,100.0,1.0,7.392804235450967e-08,l1_5e-05,l1_regularization,geglu,3,256,0.15,0.001,0.0001,5e-05,all,2109,1346566,45,0.063819,52.7
model,0.7372733154603403,0.9080629874293765,2.825076467181968,6.768471551380801,7.25905122489078,0.9349343163297624,0.8311851300555606,0.7766158895053734,0.9444662446908261,0.12447553111363052,0.8119627810668395,5.287605318230564,3.747789469723259,2.096741013805755,5.2316477697469566,0.27919571219107353,0.30747951939419865,100.0,100.0,100.0,1.0,7.371107102471797e-08,l1_0.0001,l1_regularization,geglu,3,256,0.15,0.001,0.0001,0.0001,all,2109,1346566,45,0.063819,50.3
model,0.7372711643712485,0.9080631355838196,2.8250710702471986,6.768470347409005,7.259042896313888,0.9349346593969378,0.8311861556229991,0.7766133636735961,0.9444666231156993,0.12446418812166793,0.8119619962965421,5.2875909732158375,3.747770572935298,2.0967511626445865,5.231636232633175,0.2791969456397601,0.3074805344145366,100.0,100.0,100.0,1.0,7.409722257989415e-08,l1_0.0005,l1_regularization,geglu,3,256,0.15,0.001,0.0001,0.0005,all,2109,1346566,45,0.063819,53.0
model,0.7372739528183322,0.9080629370912111,2.825078376600373,6.768472177655452,7.259053588413627,0.9349342318262139,0.8311848189375018,0.7766160861709652,0.9444662081613777,0.12447931810382906,0.8119630537100548,5.287609299629203,3.7477959212871657,2.096740636349165,5.231650040121667,0.279195263124489,0.307479099090549,100.0,100.0,100.0,1.0,7.423464865041751e-08,feat_all_geglu_L3_h256,feature_ablation,geglu,3,256,0.15,0.001,0.0001,0.0,all,2109,1346566,45,0.063819,48.8
model,0.774710482308628,0.9170287427375325,2.7328196789821235,6.423625812990028,7.585582579502783,0.9426091053540985,0.8425614373078134,0.7932609497740948,0.9509942787621382,0.3008730019837754,0.8179641206698031,5.025702365552593,3.7048078361214243,2.0785823840690227,5.005335805007339,0.2796183351348996,0.30287134800746346,100.0,100.0,100.0,1.0,7.370316978949631e-08,feat_all_gelu_L3_h256,feature_ablation,gelu,3,256,0.15,0.001,0.0001,0.0,all,2109,674822,48,0.060338,44.7
model,0.7814062984875062,0.9182721151164317,2.7509636250113534,6.372729331277953,7.775564741569912,0.9436192117397875,0.844926219566682,0.8058634544190288,0.9498100983025711,0.3291906570962163,0.8150281498007117,5.0190695141623785,3.6907549997942297,2.0635805123262956,5.086362530603958,0.31164642274898624,0.33436777043227234,100.0,100.0,100.0,1.0,7.510045918479591e-08,feat_all_silu_L3_h256,feature_ablation,silu,3,256,0.15,0.001,0.0001,0.0,all,2109,674822,43,0.060015,38.3
model,0.8125875953455167,0.918291158004783,2.7819002833526354,6.314621806328469,7.385820501266137,0.9397528039862604,0.8402295470658838,0.8315872622319088,0.9479107468925003,0.49985101624640604,0.8161941956501093,5.25811706889619,3.7938430501831357,1.9109114379937817,5.145848068706744,0.2655200872727116,0.31716198706325316,100.0,100.0,100.0,1.0,7.303637516997696e-08,feat_bands_geglu_L3_h256,feature_ablation,geglu,3,256,0.15,0.001,0.0001,0.0,bands,480,512518,53,0.061537,43.9
model,0.7717564780805342,0.9207009410982095,2.803810494830343,6.287859661607949,7.808144567386644,0.9447691289749659,0.8563466121801909,0.8230074043255546,0.9481577105958792,0.22790873163088654,0.8303492807756879,5.283825837285819,3.677054473365164,1.9974713909855903,5.2916636427402945,0.2735186668009402,0.2993289578042479,100.0,100.0,100.0,1.0,7.248807776250032e-08,feat_bands_gelu_L3_h256,feature_ablation,gelu,3,256,0.15,0.001,0.0001,0.0,bands,480,257798,54,0.058725,38.2
model,0.8058374553873145,0.9241962515118842,2.724070741783632,6.114232142225444,7.774990637180695,0.9471489114100426,0.8617412023247967,0.844583567195355,0.9472943040710717,0.4081671098973426,0.8260896374252471,5.070708112916304,3.657758993683915,1.866153580744041,5.203434745254988,0.2424517113447615,0.30391730675777995,100.0,100.0,100.0,1.0,7.274072544305454e-08,feat_bands_silu_L3_h256,feature_ablation,silu,3,256,0.15,0.001,0.0001,0.0,bands,480,257798,75,0.057494,53.3
model,0.7968268407923579,0.9195962779765314,2.7619978754927366,6.287931314518791,7.817356722017669,0.9413785923947212,0.8432001749459532,0.8073023246081161,0.9534920818698052,0.39437807035361183,0.8412098005819004,5.149562160288758,3.8654630867696724,2.0192096140771443,4.963452900873995,0.2795158931257119,0.2947835978211366,100.0,100.0,100.0,1.0,7.183838590663072e-08,feat_indices_geglu_L3_h256,feature_ablation,geglu,3,256,0.15,0.001,0.0001,0.0,indices,318,429574,45,0.064085,36.0
model,0.7933719438299143,0.9249129282464167,2.6376558637073857,6.10986881701853,7.729700955694861,0.9482375798235494,0.8514806958780732,0.8276638183820973,0.9545751230888874,0.34103873261886486,0.8372357131879773,4.888944364647376,3.6774519374560692,1.8939679159022123,4.805821705906562,0.25507890658163246,0.3046703517504608,100.0,100.0,100.0,1.0,7.253627387626693e-08,feat_indices_gelu_L3_h256,feature_ablation,gelu,3,256,0.15,0.001,0.0001,0.0,indices,318,216326,75,0.058095,53.5
model,0.8051750709361158,0.9283311295055855,2.6050962577848193,5.97392344925851,7.769225818637301,0.9499012237272295,0.8591206187832556,0.8391449674057052,0.9564808225062067,0.39443330080715955,0.831969492387109,4.848640234656174,3.593289454382609,1.8490022184923298,4.7602813382263625,0.26612635674986435,0.31323794420157514,100.0,100.0,100.0,1.0,7.462199391738977e-08,feat_indices_silu_L3_h256,feature_ablation,silu,3,256,0.15,0.001,0.0001,0.0,indices,318,216326,67,0.057403,48.4
model,0.6577338333223263,0.8559386040892234,3.7135386061890117,8.395528085922177,8.031449256412827,0.8930680125771537,0.7365528632089602,0.6929601874614737,0.9055566062208013,0.028222136517859986,0.6900431939476497,7.032364547371933,4.695779963622105,2.5686473463918476,7.193830796693932,0.30270375152825135,0.48790523152600324,100.0,100.0,100.0,1.0,7.274473290408423e-08,feat_deltas_geglu_L3_h256,feature_ablation,geglu,3,256,0.15,0.001,0.0001,0.0,deltas,1251,907270,34,0.089824,33.7
model,0.6700623124815865,0.8748154835728712,3.4454230175561014,7.866962926917252,7.723693964432376,0.9089849497031605,0.7739503397101782,0.7672627835964797,0.9117789487619633,-0.035349084724154656,0.693745937841846,6.5174876133575905,4.410866713464858,2.22916149275561,6.764491331677208,0.31261923207679515,0.4379117220045463,100.0,100.0,100.0,1.0,7.187890815885112e-08,feat_deltas_gelu_L3_h256,feature_ablation,gelu,3,256,0.15,0.001,0.0001,0.0,deltas,1251,455174,51,0.078347,40.5
model,0.6651836317735172,0.8725034396467519,3.4882982107226486,7.9537966283151285,8.008807255395672,0.9116674958204771,0.7585377696096712,0.7402112047530549,0.9143115598628533,-0.014193084205981199,0.6805668448009774,6.456977385037925,4.578292406272713,2.3670926407681194,6.753449376914879,0.3206982074489254,0.4532792478933322,100.0,100.0,100.0,1.0,7.27167019931585e-08,feat_deltas_silu_L3_h256,feature_ablation,silu,3,256,0.15,0.001,0.0001,0.0,deltas,1251,455174,49,0.076496,38.4
model,0.7761479428050629,0.9203055510821858,2.6910090708542054,6.299173715705517,7.2893208820694655,0.945735983640428,0.8473623470291428,0.810655024957643,0.9511228194814038,0.2706099308249209,0.8314015508967999,4.911946588008773,3.647779029876369,2.11465810623612,4.909183960245285,0.27333115461253615,0.28915558614615283,100.0,100.0,100.0,1.0,7.451264849578365e-08,feat_no_deltas_geglu_L3_h256,feature_ablation,geglu,3,256,0.15,0.001,0.0001,0.0,no_deltas,858,706054,52,0.060303,48.2
model,0.7915507794952564,0.9272634632923676,2.65879556182044,6.029238898727149,7.877781916076924,0.9483942410816285,0.8582705030820047,0.8397336917533214,0.9559204371380025,0.3125252410071462,0.8344605629094018,4.898797296071578,3.6224824116572685,1.9864412229767443,4.83167988977769,0.29326728743376035,0.3201052630056028,100.0,100.0,100.0,1.0,7.2880716572854e-08,feat_no_deltas_gelu_L3_h256,feature_ablation,gelu,3,256,0.15,0.001,0.0001,0.0,no_deltas,858,354566,45,0.0561,35.9
model,0.7918916126196801,0.9252185052279581,2.6513273380480347,6.100505435696412,7.730592100486563,0.9493770787180795,0.8533279604107413,0.8263147446829024,0.9541443007464909,0.32987755379663597,0.8383080373631938,4.84099878114022,3.6527899885288027,1.9920147330345594,4.840909390951057,0.2729293406915744,0.30832179394199416,100.0,100.0,100.0,1.0,7.51585957914358e-08,feat_no_deltas_silu_L3_h256,feature_ablation,silu,3,256,0.15,0.001,0.0001,0.0,no_deltas,858,354566,57,0.055403,43.2
model,0.7766089384681693,0.9226895346607475,2.660822740565485,6.208713778846777,7.4243029000950775,0.9474686322200744,0.8450213798764572,0.828008354605614,0.952618833702926,0.25028013196816923,0.8362562984357369,4.916284516306912,3.655775038939029,1.9275792281203648,4.901569228358185,0.26700266678973394,0.29672576487868557,100.0,100.0,100.0,1.0,7.30483336042198e-08,feat_bands_and_indices_geglu_L3_h256,feature_ablation,geglu,3,256,0.15,0.001,0.0001,0.0,bands_and_indices,798,675334,47,0.059203,40.9
model,0.8064826303760088,0.9275075913290595,2.6157734692967964,5.991049284262705,7.5202895471112745,0.9483958564713545,0.8565448575558677,0.8609636997486843,0.9523907228073433,0.39066237597629183,0.8299382696964834,4.866663810513034,3.618179671766514,1.7899296088510965,4.879594640424776,0.2434601773176966,0.29681290690765777,100.0,100.0,100.0,1.0,7.308420890694833e-08,feat_bands_and_indices_gelu_L3_h256,feature_ablation,gelu,3,256,0.15,0.001,0.0001,0.0,bands_and_indices,798,339206,64,0.055268,48.7
model,0.8251597889633926,0.9288673597672991,2.6158798317017684,5.911648987378842,7.676035249258449,0.9488179877535491,0.8584895414276754,0.8629241058118648,0.9533332624424787,0.49507294131486224,0.8323208950298999,4.850629340143628,3.6147997407010064,1.831171468342626,4.835772149277337,0.2546717900260185,0.30823450171999595,100.0,100.0,100.0,1.0,7.420718617368038e-08,feat_bands_and_indices_silu_L3_h256,feature_ablation,silu,3,256,0.15,0.001,0.0001,0.0,bands_and_indices,798,339206,65,0.055528,48.5
model,0.7486245290833343,0.9112644463555615,2.8540646265501906,6.652590496288872,7.688346814459758,0.9392437849623031,0.8411996094765042,0.7750932658992535,0.9454116540544176,0.18026317683369986,0.8105356832737791,5.272280286064564,3.883936663520083,2.180673750638789,5.151287127502484,0.2799435487167928,0.3562663828584309,100.0,100.0,100.0,1.0,7.176537764053137e-08,feat_top500_geglu_L3_h256,feature_ablation,geglu,3,256,0.15,0.001,0.0001,0.0,top500,500,522758,49,0.067022,40.3
model,0.7428550032901474,0.9122317182820379,2.785702237463395,6.6251579094299755,7.496726375723773,0.94149664469026,0.832077077474707,0.7880136200578554,0.9463461856059912,0.1371209219619659,0.8120755699500591,5.134992360433868,3.8986924400634635,2.035714573561498,5.033367503819389,0.28205921819690666,0.3293873287052436,100.0,100.0,100.0,1.0,7.253627387626693e-08,feat_top500_gelu_L3_h256,feature_ablation,gelu,3,256,0.15,0.001,0.0001,0.0,top500,500,262918,89,0.062185,62.9
model,0.7694710793191565,0.9161024911990134,2.772533038001446,6.462493573119598,7.864600052194324,0.9458026893234597,0.8355178964660946,0.7881245322907905,0.9496320580009506,0.2841984557107873,0.8135508441228144,4.997797586317112,3.9174694161426533,2.1685868448725265,4.94317592899061,0.2743128400040962,0.3338556116816786,100.0,100.0,100.0,1.0,7.187890815885112e-08,feat_top500_silu_L3_h256,feature_ablation,silu,3,256,0.15,0.001,0.0001,0.0,top500,500,262918,71,0.060913,49.6
model,0.7190030544389211,0.909355374888877,2.923063889497805,6.7539389787633315,7.945757603564812,0.9369852086771564,0.8358450973519795,0.7845091349927391,0.9442490376905833,0.011946180029952513,0.8004836678910661,5.456199609555235,4.0346471964378114,2.1193357704803066,5.252866334969202,0.28099849274873984,0.39433593279553125,100.0,100.0,100.0,1.0,7.327918893906826e-08,feat_top300_geglu_L3_h256,feature_ablation,geglu,3,256,0.15,0.001,0.0001,0.0,top300,300,420358,44,0.072908,35.6
model,0.7462686413626437,0.9208986166909943,2.7381514447268716,6.343987776237787,7.942569606155349,0.9456867121307532,0.8521465356801132,0.8267641757553509,0.9509968720028,0.12168712683245242,0.780330425774358,5.063973884474196,3.803734289122195,1.9541154460326973,4.9063503554226955,0.28623538254080644,0.4144993107686398,100.0,100.0,100.0,1.0,7.399891188697438e-08,feat_top300_gelu_L3_h256,feature_ablation,gelu,3,256,0.15,0.001,0.0001,0.0,top300,300,211718,94,0.065745,66.2
model,0.7480834301732896,0.9232408506969584,2.723131132264253,6.239344362163349,7.944082096497045,0.9459506400980429,0.8610796657852261,0.8421996363244708,0.9500849739815002,0.08462875978095974,0.8045569050695061,5.065669589335782,3.7548182115317075,1.895628900813684,4.94622919180897,0.2898360458271958,0.3866048542681776,100.0,100.0,100.0,1.0,7.274072544305454e-08,feat_top300_silu_L3_h256,feature_ablation,silu,3,256,0.15,0.001,0.0001,0.0,top300,300,211718,104,0.06442,70.7
model,0.6932358052371684,0.8895274873178634,3.2531718095181748,7.4208250740424875,8.218978174733866,0.9166637704246674,0.7739062605315916,0.7683904069385983,0.9377889230588642,0.026382394249377383,0.7362830762198643,6.099154245487074,4.867486694015617,2.321023963717788,5.440071268766483,0.3692305319997508,0.42206415312233786,100.0,100.0,100.0,1.0,7.351723496640261e-08,feat_top100_geglu_L3_h256,feature_ablation,geglu,3,256,0.15,0.001,0.0001,0.0,top100,100,317958,51,0.085102,39.1
model,0.728355801767865,0.9073335086495038,3.029798417701861,6.81008663472624,8.181002179439623,0.9304210743395177,0.8091430369453791,0.821639679518515,0.9457754331728003,0.08983174065850896,0.7733238459724364,5.68453200173194,4.591017867687816,2.060748326429267,5.106271169772538,0.3165521053453093,0.41966903524429877,100.0,100.0,100.0,1.0,7.370712040710714e-08,feat_top100_gelu_L3_h256,feature_ablation,gelu,3,256,0.15,0.001,0.0001,0.0,top100,100,160518,78,0.075163,52.5
model,0.7265916056199923,0.9098349757287427,2.981115732782956,6.709342174928458,8.196047915937877,0.9337700946352161,0.8157800534899056,0.8254078495033029,0.9454838952132257,0.029861698322007246,0.8092460425562591,5.573984171789651,4.49635616515873,2.014531832112455,5.1010201902819645,0.3110274634727709,0.38977457388216596,100.0,100.0,100.0,1.0,7.462199391738977e-08,feat_top100_silu_L3_h256,feature_ablation,silu,3,256,0.15,0.001,0.0001,0.0,top100,100,160518,105,0.074107,69.7
