model,r2_uniform,r2_weighted,mae_mean_pp,rmse_mean_pp,aitchison_mean,r2_tree_cover,r2_grassland,r2_cropland,r2_built_up,r2_bare_sparse,r2_water,mae_tree_cover_pp,mae_grassland_pp,mae_cropland_pp,mae_built_up_pp,mae_bare_sparse_pp,mae_water_pp,pct_valid_sum,pct_valid_range,pct_fully_valid,mean_sum,std_sum,name,fold,stage,feature_set,arch,activation,norm_type,n_layers,d_model,expansion,dropout,input_dropout,lr,weight_decay,mixup_alpha,use_swa,n_features,n_params,epochs,best_val_loss,elapsed_s,run_tag
model,0.7946318984031677,0.9268136024475098,2.666710503399372,6.038035452365875,7.876632142274556,0.9490932822227478,0.8557708263397217,0.8496443629264832,0.9531109929084778,0.3294646143913269,0.8306930065155029,4.936298355460167,3.6525502800941467,1.9035188481211662,4.928546026349068,0.2655812771990895,0.3137708641588688,100.0,100.0,100.0,1.0,6.979882982705021e-08,bands_indices_plain_gelu_L3_d256,0,search,bands_indices,plain,gelu,layernorm,3,256,2,0.15,0.0,0.001,0.0001,0,False,798,339206,120,0.405097,10.9,stsearch_ep120_bs2048_pat700_min300_seed42
model,0.8094468116760254,0.9266725182533264,2.6511631906032562,6.026658788323402,7.662455386299874,0.9482091665267944,0.8523694276809692,0.8369045853614807,0.9561166167259216,0.43201154470443726,0.8310567140579224,4.902367666363716,3.6755546927452087,1.9891390576958656,4.7994788736104965,0.2453634049743414,0.2950630150735378,100.0,100.0,100.0,1.0,7.06736571487454e-08,bands_indices_plain_gelu_L3_d512,0,search,bands_indices,plain,gelu,layernorm,3,512,2,0.15,0.0,0.001,0.0001,0,False,798,940550,120,0.403075,8.5,stsearch_ep120_bs2048_pat700_min300_seed42
model,0.7983050346374512,0.9267653822898865,2.6498913764953613,6.033286452293396,7.849979457435784,0.9490704536437988,0.856218695640564,0.8390498161315918,0.9544538259506226,0.35142964124679565,0.8395933508872986,4.933478683233261,3.638564422726631,1.9295483827590942,4.833117872476578,0.2676132135093212,0.29702470637857914,100.0,100.0,100.0,1.0,7.022309489457257e-08,bands_indices_plain_gelu_L5_d256,0,search,bands_indices,plain,gelu,layernorm,5,256,2,0.15,0.0,0.001,0.0001,0,False,798,471814,120,0.404057,10.6,stsearch_ep120_bs2048_pat700_min300_seed42
model,0.822690486907959,0.9297752380371094,2.6080071926116943,5.892186239361763,7.571108026551556,0.9507842063903809,0.8613722324371338,0.8507762551307678,0.9555301666259766,0.48797881603240967,0.8296882510185242,4.799570515751839,3.611084073781967,1.8982810899615288,4.775971919298172,0.26086473371833563,0.30228164978325367,100.0,100.0,100.0,1.0,7.002792301591398e-08,bands_indices_plain_gelu_L5_d512,0,search,bands_indices,plain,gelu,layernorm,5,512,2,0.15,0.0,0.001,0.0001,0,False,798,1467910,120,0.402227,10.4,stsearch_ep120_bs2048_pat700_min300_seed42
model,0.8008584976196289,0.9266036152839661,2.6904255151748657,6.035315990447998,8.012998095784305,0.9479577541351318,0.8560771346092224,0.8531676530838013,0.9524837136268616,0.36533987522125244,0.8301108479499817,4.997269436717033,3.6842525005340576,1.9109103828668594,4.952368885278702,0.27255264576524496,0.3251818707212806,100.0,100.0,100.0,1.0,6.840393496077013e-08,bands_indices_plain_silu_L3_d256,0,search,bands_indices,plain,silu,layernorm,3,256,2,0.15,0.0,0.001,0.0001,0,False,798,339206,120,0.40461,8.8,stsearch_ep120_bs2048_pat700_min300_seed42
model,0.8057443499565125,0.9280617237091064,2.633601985871792,5.9757184237241745,7.7825038465250405,0.9493027329444885,0.85760498046875,0.8523415923118591,0.9542180299758911,0.3874342441558838,0.8335529565811157,4.895380139350891,3.624025359749794,1.876978576183319,4.841884970664978,0.2620156155899167,0.3013323526829481,100.0,100.0,100.0,1.0,6.984888045735715e-08,bands_indices_plain_silu_L3_d512,0,search,bands_indices,plain,silu,layernorm,3,512,2,0.15,0.0,0.001,0.0001,0,False,798,940550,120,0.403071,8.5,stsearch_ep120_bs2048_pat700_min300_seed42
model,0.8178016543388367,0.9291476607322693,2.655601315200329,5.912019684910774,7.91757893912991,0.948516845703125,0.8565783500671387,0.861729085445404,0.9552480578422546,0.44759345054626465,0.8371291756629944,4.971541464328766,3.666449710726738,1.8805202096700668,4.835176095366478,0.2745899837464094,0.3053612308576703,100.0,100.0,100.0,1.0,6.932158669314958e-08,bands_indices_plain_silu_L5_d256,0,search,bands_indices,plain,silu,layernorm,5,256,2,0.15,0.0,0.001,0.0001,0,False,798,471814,120,0.404636,10.6,stsearch_ep120_bs2048_pat700_min300_seed42
model,0.8349647521972656,0.9311648011207581,2.584422193467617,5.811033770442009,7.606816983487241,0.9505149722099304,0.8630681037902832,0.8631780743598938,0.9553912281990051,0.5403839349746704,0.8372392654418945,4.812458157539368,3.5613857209682465,1.807710900902748,4.781258478760719,0.24645959492772818,0.2972543006762862,100.0,100.0,100.0,1.0,6.941394303794368e-08,bands_indices_plain_silu_L5_d512,0,search,bands_indices,plain,silu,layernorm,5,512,2,0.15,0.0,0.001,0.0001,0,False,798,1467910,120,0.402167,12.2,stsearch_ep120_bs2048_pat700_min300_seed42
model,0.7857186794281006,0.9251651167869568,2.693472057580948,6.110192462801933,7.957653111318953,0.9468790292739868,0.8524266481399536,0.8442356586456299,0.9534146785736084,0.2861177921295166,0.8312230706214905,5.032552778720856,3.6643322557210922,1.9326578825712204,4.9427371472120285,0.2804764313623309,0.30807037837803364,100.0,100.0,100.0,1.0,6.950198638833172e-08,bands_indices_plain_relu_L3_d256,0,search,bands_indices,plain,relu,layernorm,3,256,2,0.15,0.0,0.001,0.0001,0,False,798,339206,120,0.405048,9.0,stsearch_ep120_bs2048_pat700_min300_seed42
model,0.8089890480041504,0.9243159294128418,2.667299658060074,6.112123653292656,7.65881276237859,0.9469054937362671,0.8483330011367798,0.8296071887016296,0.9542228579521179,0.44571226835250854,0.8291404247283936,4.9697790294885635,3.673805668950081,1.939588412642479,4.87891361117363,0.24254850577563047,0.2991515211760998,100.0,100.0,100.0,1.0,6.961501952673643e-08,bands_indices_plain_relu_L3_d512,0,search,bands_indices,plain,relu,layernorm,3,512,2,0.15,0.0,0.001,0.0001,0,False,798,940550,120,0.404129,9.2,stsearch_ep120_bs2048_pat700_min300_seed42
model,0.8218073844909668,0.9278998374938965,2.657768130302429,5.957110598683357,7.838955845669573,0.947150468826294,0.8570449948310852,0.8517156839370728,0.9550430774688721,0.486286461353302,0.8335860967636108,4.996097087860107,3.6442574113607407,1.8571710214018822,4.884852096438408,0.25510205887258053,0.3091434948146343,100.0,100.0,100.0,1.0,6.993637668983865e-08,bands_indices_plain_relu_L5_d256,0,search,bands_indices,plain,relu,layernorm,5,256,2,0.15,0.0,0.001,0.0001,0,False,798,471814,120,0.405201,11.4,stsearch_ep120_bs2048_pat700_min300_seed42
model,0.8104018568992615,0.9297102689743042,2.582087926566601,5.9065937995910645,7.391437810592061,0.9487469792366028,0.862522542476654,0.8550613522529602,0.956235945224762,0.40081870555877686,0.8390145897865295,4.8994362354278564,3.4907225519418716,1.79692842066288,4.783264175057411,0.23500288370996714,0.2871760632842779,100.0,100.0,100.0,1.0,7.022309489457257e-08,bands_indices_plain_relu_L5_d512,0,search,bands_indices,plain,relu,layernorm,5,512,2,0.15,0.0,0.001,0.0001,0,False,798,1467910,120,0.404073,10.8,stsearch_ep120_bs2048_pat700_min300_seed42
model,0.8004117012023926,0.9268288016319275,2.683740295469761,6.028683111071587,8.015872712763612,0.948335587978363,0.855792760848999,0.851726770401001,0.9530733227729797,0.36294758319854736,0.8305802345275879,4.979021847248077,3.681841865181923,1.9136017188429832,4.929808527231216,0.2734146546572447,0.3247603075578809,100.0,100.0,100.0,1.0,6.842521571570614e-08,bands_indices_plain_mish_L3_d256,0,search,bands_indices,plain,mish,layernorm,3,256,2,0.15,0.0,0.001,0.0001,0,False,798,339206,120,0.404692,7.7,stsearch_ep120_bs2048_pat700_min300_seed42
model,0.8011251091957092,0.9279761910438538,2.6290908455848694,5.986054241657257,7.77643350579502,0.9492136240005493,0.8571704626083374,0.8517532348632812,0.9545621871948242,0.36081981658935547,0.8332197666168213,4.896532371640205,3.6215171217918396,1.8710929900407791,4.8231761902570724,0.26262111496180296,0.29960195533931255,100.0,100.0,100.0,1.0,7.023138692829889e-08,bands_indices_plain_mish_L3_d512,0,search,bands_indices,plain,mish,layernorm,3,512,2,0.15,0.0,0.001,0.0001,0,False,798,940550,120,0.403054,7.7,stsearch_ep120_bs2048_pat700_min300_seed42
model,0.8077254891395569,0.9285223484039307,2.65974011272192,5.953209474682808,7.918205194886851,0.9485193490982056,0.8570033311843872,0.8576785922050476,0.9549655914306641,0.39312201738357544,0.8350484371185303,4.972391948103905,3.6619506776332855,1.9003115594387054,4.844348505139351,0.27520740404725075,0.3042271826416254,100.0,100.0,100.0,1.0,6.867585256031816e-08,bands_indices_plain_mish_L5_d256,0,search,bands_indices,plain,mish,layernorm,5,256,2,0.15,0.0,0.001,0.0001,0,False,798,471814,120,0.40458,9.6,stsearch_ep120_bs2048_pat700_min300_seed42
model,0.8437325358390808,0.9313928484916687,2.582644671201706,5.787268653512001,7.613831731785742,0.9505844116210938,0.8633306622505188,0.86319899559021,0.9553947448730469,0.5940396785736084,0.8358333110809326,4.809252545237541,3.5595491528511047,1.8047867342829704,4.787863418459892,0.237241480499506,0.29717159923166037,100.0,100.0,100.0,1.0,7.029770188182738e-08,bands_indices_plain_mish_L5_d512,0,search,bands_indices,plain,mish,layernorm,5,512,2,0.15,0.0,0.001,0.0001,0,False,798,1467910,120,0.402238,10.0,stsearch_ep120_bs2048_pat700_min300_seed42
model,0.7736219763755798,0.9207353591918945,2.6779266074299812,6.284160166978836,7.431338085138214,0.9453681707382202,0.8395497798919678,0.8131080269813538,0.9542597532272339,0.25444453954696655,0.8349899649620056,4.932212829589844,3.748612105846405,1.9630886614322662,4.870354384183884,0.2643442712724209,0.2889561001211405,100.0,100.0,100.0,1.0,7.052929618112103e-08,bands_indices_plain_geglu_L3_d256,0,search,bands_indices,plain,geglu,layernorm,3,256,2,0.15,0.0,0.001,0.0001,0,False,798,675334,120,0.407211,8.5,stsearch_ep120_bs2048_pat700_min300_seed42
model,0.805283784866333,0.924555242061615,2.6969358325004578,6.096873059868813,7.4690941645087605,0.9448056221008301,0.8505926132202148,0.8480255007743835,0.9523112177848816,0.39803260564804077,0.8379238843917847,4.994714632630348,3.754454106092453,1.888830028474331,4.9604833126068115,0.29416519682854414,0.2889586379751563,100.0,100.0,100.0,1.0,7.035981042236017e-08,bands_indices_plain_geglu_L3_d512,0,search,bands_indices,plain,geglu,layernorm,3,512,2,0.15,0.0,0.001,0.0001,0,False,798,1874950,120,0.407722,7.4,stsearch_ep120_bs2048_pat700_min300_seed42
model,0.8040353655815125,0.9232539534568787,2.687920071184635,6.146370992064476,7.604885622212367,0.9449628591537476,0.8449883460998535,0.8334643244743347,0.9534420967102051,0.4058951139450073,0.841443657875061,4.991757124662399,3.6969441920518875,1.9481776282191277,4.940779879689217,0.2631390932947397,0.28673047199845314,100.0,100.0,100.0,1.0,7.02935594176779e-08,bands_indices_plain_geglu_L5_d256,0,search,bands_indices,plain,geglu,layernorm,5,256,2,0.15,0.0,0.001,0.0001,0,False,798,939526,120,0.408721,10.2,stsearch_ep120_bs2048_pat700_min300_seed42
model,0.8244175910949707,0.923753023147583,2.7487868443131447,6.097327545285225,7.580924818258461,0.9416629672050476,0.8508948087692261,0.8453654646873474,0.9525291919708252,0.5228345394134521,0.8332037925720215,5.221472680568695,3.8245663046836853,1.8221382051706314,5.057278648018837,0.2717877272516489,0.29547701124101877,100.0,100.0,100.0,1.0,6.914913797118061e-08,bands_indices_plain_geglu_L5_d512,0,search,bands_indices,plain,geglu,layernorm,5,512,2,0.15,0.0,0.001,0.0001,0,False,798,2927622,120,0.411667,10.3,stsearch_ep120_bs2048_pat700_min300_seed42
model,0.8451237678527832,0.9329326152801514,2.659716457128525,5.72420097887516,8.817795007659736,0.9504033327102661,0.8685072064399719,0.8618380427360535,0.9575470685958862,0.5850645303726196,0.847374677658081,4.906565323472023,3.5697441548109055,1.9099047407507896,4.814323410391808,0.3657696768641472,0.39200768806040287,100.0,100.0,100.0,1.0,6.996135226700062e-08,bands_indices_plain_gelu_L3_d256_bn,0,search,bands_indices,plain,gelu,batchnorm,3,256,2,0.15,0.0,0.001,0.0001,0,False,798,339206,120,0.40636,8.0,stsearch_ep120_bs2048_pat700_min300_seed42
model,0.8086091876029968,0.9314948320388794,2.6204021647572517,5.839972198009491,8.529778634969444,0.9514061212539673,0.8645521998405457,0.8505010604858398,0.9583994746208191,0.37787288427352905,0.8489164113998413,4.8002783209085464,3.579998016357422,1.9581545144319534,4.676615074276924,0.34100222401320934,0.3663780866190791,100.0,100.0,100.0,1.0,6.920386397268885e-08,bands_indices_plain_gelu_L3_d512_bn,0,search,bands_indices,plain,gelu,batchnorm,3,512,2,0.15,0.0,0.001,0.0001,0,False,798,940550,120,0.405166,8.0,stsearch_ep120_bs2048_pat700_min300_seed42
model,0.8415843844413757,0.9337251782417297,2.6207810267806053,5.699464678764343,8.718393307320522,0.9510537981987,0.8663741946220398,0.8623929619789124,0.9594855308532715,0.5592390298843384,0.8509521484375,4.874202609062195,3.571143001317978,1.829509623348713,4.703057557344437,0.38339346647262573,0.36338784266263247,100.0,100.0,100.0,1.0,6.848052436225771e-08,bands_indices_plain_gelu_L5_d256_bn,0,search,bands_indices,plain,gelu,batchnorm,5,256,2,0.15,0.0,0.001,0.0001,0,False,798,471814,120,0.406607,10.0,stsearch_ep120_bs2048_pat700_min300_seed42
model,0.8281599879264832,0.9334760308265686,2.6083560660481453,5.734395608305931,8.618527405086201,0.9513834714889526,0.869951069355011,0.8591806888580322,0.95889812707901,0.4797123074531555,0.8498267531394958,4.843420907855034,3.540893644094467,1.8338041380047798,4.69270795583725,0.38389102555811405,0.355422287248075,100.0,100.0,100.0,1.0,6.976127764346529e-08,bands_indices_plain_gelu_L5_d512_bn,0,search,bands_indices,plain,gelu,batchnorm,5,512,2,0.15,0.0,0.001,0.0001,0,False,798,1467910,120,0.404597,10.0,stsearch_ep120_bs2048_pat700_min300_seed42
model,0.8352566361427307,0.9320492744445801,2.6924259960651398,5.776781961321831,8.862344587423271,0.9491580724716187,0.8689606189727783,0.862152099609375,0.9568756818771362,0.5311695337295532,0.8432156443595886,4.947938024997711,3.6178316920995712,1.9685465842485428,4.834266006946564,0.3788320813328028,0.4071536008268595,100.0,100.0,100.0,1.0,6.938036989367902e-08,bands_indices_plain_silu_L3_d256_bn,0,search,bands_indices,plain,silu,batchnorm,3,256,2,0.15,0.0,0.001,0.0001,0,False,798,339206,120,0.407716,7.9,stsearch_ep120_bs2048_pat700_min300_seed42
model,0.8172823786735535,0.9301760196685791,2.684006094932556,5.879516899585724,8.630333649062363,0.9489088654518127,0.8634306192398071,0.8536873459815979,0.956825852394104,0.4406742453575134,0.840157687664032,4.925742372870445,3.627593070268631,2.051444910466671,4.755131900310516,0.35086371935904026,0.39326087571680546,100.0,100.0,100.0,1.0,6.946426367449021e-08,bands_indices_plain_silu_L3_d512_bn,0,search,bands_indices,plain,silu,batchnorm,3,512,2,0.15,0.0,0.001,0.0001,0,False,798,940550,120,0.406675,8.2,stsearch_ep120_bs2048_pat700_min300_seed42
model,0.8504505157470703,0.9337689280509949,2.6521941646933556,5.679464340209961,8.812322588583331,0.9505254626274109,0.8673313856124878,0.8648180365562439,0.9588263630867004,0.6097209453582764,0.8514724373817444,4.904768243432045,3.5971499979496,1.8918706104159355,4.754723608493805,0.39100986905395985,0.3736294573172927,100.0,100.0,100.0,1.0,6.976961941518312e-08,bands_indices_plain_silu_L5_d256_bn,0,search,bands_indices,plain,silu,batchnorm,5,256,2,0.15,0.0,0.001,0.0001,0,False,798,471814,120,0.40792,10.7,stsearch_ep120_bs2048_pat700_min300_seed42
model,0.8576750159263611,0.9329012036323547,2.6439838111400604,5.700532719492912,8.629452461638365,0.950808584690094,0.8662305474281311,0.8611961603164673,0.9573628902435303,0.665277361869812,0.8451644778251648,4.887820780277252,3.597733750939369,1.8858399242162704,4.773904383182526,0.3552118316292763,0.36341072991490364,100.0,100.0,100.0,1.0,6.972369703817094e-08,bands_indices_plain_silu_L5_d512_bn,0,search,bands_indices,plain,silu,batchnorm,5,512,2,0.15,0.0,0.001,0.0001,0,False,798,1467910,120,0.40465,9.8,stsearch_ep120_bs2048_pat700_min300_seed42
model,0.8196832537651062,0.9302841424942017,2.670206129550934,5.875052884221077,8.817900526701365,0.9495311379432678,0.8648313879966736,0.852238655090332,0.9564318656921387,0.4587826132774353,0.8362755179405212,4.903126880526543,3.572995215654373,1.9342755898833275,4.795542359352112,0.40321708656847477,0.4120649304240942,100.0,100.0,100.0,1.0,6.91912376282744e-08,bands_indices_plain_relu_L3_d256_bn,0,search,bands_indices,plain,relu,batchnorm,3,256,2,0.15,0.0,0.001,0.0001,0,False,798,339206,120,0.406241,8.4,stsearch_ep120_bs2048_pat700_min300_seed42
model,0.8348395228385925,0.932174801826477,2.6096269488334656,5.77063076198101,8.524693291035529,0.9514263868331909,0.8625058531761169,0.8551733493804932,0.9583663940429688,0.5314196348190308,0.8501370549201965,4.7949086874723434,3.568841516971588,1.9146783277392387,4.697307571768761,0.32034183386713266,0.361700146459043,100.0,100.0,100.0,1.0,6.995303181156487e-08,bands_indices_plain_relu_L3_d512_bn,0,search,bands_indices,plain,relu,batchnorm,3,512,2,0.15,0.0,0.001,0.0001,0,False,798,940550,120,0.405739,8.8,stsearch_ep120_bs2048_pat700_min300_seed42
model,0.8388311266899109,0.9328001141548157,2.6441792026162148,5.7389214634895325,8.80716999282804,0.9503949284553528,0.8660163879394531,0.8635246753692627,0.9579260349273682,0.5465194582939148,0.8485970497131348,4.9080491065979,3.5914070904254913,1.8029611557722092,4.775059595704079,0.4162964876741171,0.3712933277711272,100.0,100.0,100.0,1.0,6.897625581814282e-08,bands_indices_plain_relu_L5_d256_bn,0,search,bands_indices,plain,relu,batchnorm,5,256,2,0.15,0.0,0.001,0.0001,0,False,798,471814,120,0.406131,11.5,stsearch_ep120_bs2048_pat700_min300_seed42
model,0.8528121113777161,0.9335622787475586,2.6514841243624687,5.685235932469368,8.72935311340999,0.9506502747535706,0.8682414889335632,0.8638865351676941,0.9581432342529297,0.6285890936851501,0.8473522663116455,4.90393154323101,3.6061495542526245,1.835891231894493,4.787588492035866,0.4012937191873789,0.37405069451779127,100.0,100.0,100.0,1.0,6.939296071095669e-08,bands_indices_plain_relu_L5_d512_bn,0,search,bands_indices,plain,relu,batchnorm,5,512,2,0.15,0.0,0.001,0.0001,0,False,798,1467910,120,0.403886,10.9,stsearch_ep120_bs2048_pat700_min300_seed42
model,0.8374741077423096,0.9320559501647949,2.686440758407116,5.772534012794495,8.851813597629972,0.949530839920044,0.8688289523124695,0.86134272813797,0.9566588401794434,0.5447561740875244,0.8437187671661377,4.928774014115334,3.6129456013441086,1.9660783931612968,4.8309095203876495,0.3762897104024887,0.4036430735141039,100.0,100.0,100.0,1.0,7.076013730511477e-08,bands_indices_plain_mish_L3_d256_bn,0,search,bands_indices,plain,mish,batchnorm,3,256,2,0.15,0.0,0.001,0.0001,0,False,798,339206,120,0.407217,8.3,stsearch_ep120_bs2048_pat700_min300_seed42
model,0.8170046806335449,0.930330216884613,2.6719046756625175,5.8726441115140915,8.621296109173233,0.9497645497322083,0.8630013465881348,0.8504079580307007,0.9571400284767151,0.4371868968009949,0.8445207476615906,4.891665652394295,3.617953509092331,2.049882896244526,4.739334806799889,0.3443365450948477,0.3882553894072771,100.0,100.0,100.0,1.0,6.89720351942924e-08,bands_indices_plain_mish_L3_d512_bn,0,search,bands_indices,plain,mish,batchnorm,3,512,2,0.15,0.0,0.001,0.0001,0,False,798,940550,120,0.406521,8.6,stsearch_ep120_bs2048_pat700_min300_seed42
model,0.8492054343223572,0.9343725442886353,2.637282945215702,5.654677376151085,8.798771468178217,0.9511927962303162,0.8657056093215942,0.8714487552642822,0.9589399695396423,0.5941504240036011,0.853786826133728,4.867853224277496,3.5954829305410385,1.8409596756100655,4.736972600221634,0.40914290584623814,0.37329501938074827,100.0,100.0,100.0,1.0,6.969027310788078e-08,bands_indices_plain_mish_L5_d256_bn,0,search,bands_indices,plain,mish,batchnorm,5,256,2,0.15,0.0,0.001,0.0001,0,False,798,471814,120,0.407846,11.0,stsearch_ep120_bs2048_pat700_min300_seed42
model,0.8466071486473083,0.9343208074569702,2.5925295427441597,5.669433996081352,8.596347739449234,0.9522466063499451,0.8699003458023071,0.8630958199501038,0.9585795402526855,0.5867124795913696,0.84909987449646,4.7705113887786865,3.5414952784776688,1.8752805888652802,4.687077924609184,0.333142071031034,0.34767771139740944,100.0,100.0,100.0,1.0,7.005702684637072e-08,bands_indices_plain_mish_L5_d512_bn,0,search,bands_indices,plain,mish,batchnorm,5,512,2,0.15,0.0,0.001,0.0001,0,False,798,1467910,120,0.404496,10.7,stsearch_ep120_bs2048_pat700_min300_seed42
model,0.8013694286346436,0.9290467500686646,2.720380760729313,5.940550938248634,8.799468559800417,0.9477005004882812,0.8608728647232056,0.8613224029541016,0.9553021788597107,0.3454315662384033,0.8375793099403381,4.987870901823044,3.70890274643898,1.9274277612566948,4.869995638728142,0.4015421960502863,0.4265433643013239,100.0,100.0,100.0,1.0,6.978631716947348e-08,bands_indices_plain_geglu_L3_d256_bn,0,search,bands_indices,plain,geglu,batchnorm,3,256,2,0.15,0.0,0.001,0.0001,0,False,798,675334,120,0.409266,8.7,stsearch_ep120_bs2048_pat700_min300_seed42
model,0.7884318232536316,0.9279794096946716,2.7114057913422585,5.999397858977318,8.600645252595324,0.947394609451294,0.861706554889679,0.8576353788375854,0.9541982412338257,0.2747645974159241,0.8348855972290039,4.986434057354927,3.6805789917707443,1.9365129992365837,4.891684278845787,0.3713804529979825,0.40184776298701763,100.0,100.0,100.0,1.0,6.96108344300228e-08,bands_indices_plain_geglu_L3_d512_bn,0,search,bands_indices,plain,geglu,batchnorm,3,512,2,0.15,0.0,0.001,0.0001,0,False,798,1874950,120,0.40717,8.7,stsearch_ep120_bs2048_pat700_min300_seed42
model,0.628430187702179,0.8633599281311035,4.679160937666893,8.276072889566422,10.344838514593738,0.8956342935562134,0.7532426714897156,0.8039602041244507,0.9044497013092041,0.011098980903625488,0.40216875076293945,8.289318531751633,5.945077911019325,3.237147256731987,8.779863268136978,0.5233893636614084,1.3001895509660244,100.0,100.0,100.0,1.0,6.717102252196128e-08,bands_indices_plain_geglu_L5_d256_bn,0,search,bands_indices,plain,geglu,batchnorm,5,256,2,0.15,0.0,0.001,0.0001,0,False,798,939526,120,0.473249,11.9,stsearch_ep120_bs2048_pat700_min300_seed42
model,0.7191951274871826,0.9094331860542297,3.445548191666603,6.759698688983917,9.57454567352205,0.9324233531951904,0.8402332663536072,0.8452415466308594,0.9373071193695068,0.03037416934967041,0.7295843362808228,6.3207656145095825,4.4861819595098495,2.1870462223887444,6.486207991838455,0.4930288065224886,0.7000721991062164,100.0,100.0,100.0,1.0,6.974875077503384e-08,bands_indices_plain_geglu_L5_d512_bn,0,search,bands_indices,plain,geglu,batchnorm,5,512,2,0.15,0.0,0.001,0.0001,0,False,798,2927622,120,0.429271,11.4,stsearch_ep120_bs2048_pat700_min300_seed42
model,0.7939727902412415,0.9293309450149536,2.6175962761044502,5.9403762221336365,7.748308675820077,0.9499799609184265,0.8603219985961914,0.8463127613067627,0.9572179913520813,0.30236947536468506,0.8476269245147705,4.8886362463235855,3.5962827503681183,1.8847232684493065,4.776260629296303,0.2834548940882087,0.2762210788205266,100.0,100.0,100.0,1.0,6.79383234114539e-08,bands_indices_plain_gelu_L3_d256_nonorm,0,search,bands_indices,plain,gelu,none,3,256,2,0.15,0.0,0.001,0.0001,0,False,798,337670,120,0.402229,6.4,stsearch_ep120_bs2048_pat700_min300_seed42
model,0.7938516139984131,0.9295933246612549,2.5930022820830345,5.934034287929535,7.538353052599921,0.9497037529945374,0.8587353229522705,0.8448431491851807,0.9588867425918579,0.30660247802734375,0.8443311452865601,4.864872246980667,3.5834621638059616,1.8812516704201698,4.6839699149131775,0.2714640460908413,0.2730053849518299,100.0,100.0,100.0,1.0,6.914913797118061e-08,bands_indices_plain_gelu_L3_d512_nonorm,0,search,bands_indices,plain,gelu,none,3,512,2,0.15,0.0,0.001,0.0001,0,False,798,937478,120,0.39951,6.0,stsearch_ep120_bs2048_pat700_min300_seed42
model,0.7955872416496277,0.9283456802368164,2.607463113963604,5.975984409451485,7.6666872342341135,0.9488860368728638,0.8544256687164307,0.8496568202972412,0.9569389820098877,0.3221585750579834,0.841448187828064,4.896068572998047,3.6413919180631638,1.826813630759716,4.7287654131650925,0.2656487049534917,0.28609391301870346,100.0,100.0,100.0,1.0,6.81052867435028e-08,bands_indices_plain_gelu_L5_d256_nonorm,0,search,bands_indices,plain,gelu,none,5,256,2,0.15,0.0,0.001,0.0001,0,False,798,469254,120,0.402459,7.8,stsearch_ep120_bs2048_pat700_min300_seed42
model,0.8436995148658752,0.9305249452590942,2.625228278338909,5.809701979160309,7.53195913639726,0.9482630491256714,0.8559890389442444,0.8665084838867188,0.9564654231071472,0.589629590511322,0.8453299403190613,4.914544895291328,3.6287005990743637,1.8547656014561653,4.822280630469322,0.2579995198175311,0.27307469863444567,100.0,100.0,100.0,1.0,6.887486136974985e-08,bands_indices_plain_gelu_L5_d512_nonorm,0,search,bands_indices,plain,gelu,none,5,512,2,0.15,0.0,0.001,0.0001,0,False,798,1462790,120,0.401324,7.9,stsearch_ep120_bs2048_pat700_min300_seed42
model,0.8148155808448792,0.9304796457290649,2.633015811443329,5.859668925404549,7.817689278211645,0.9492577314376831,0.861920952796936,0.8638606071472168,0.9556543827056885,0.4083406925201416,0.8498508334159851,4.9268510192632675,3.6285310983657837,1.8443485721945763,4.834447056055069,0.2893702359870076,0.27454232331365347,100.0,100.0,100.0,1.0,6.924172168965015e-08,bands_indices_plain_silu_L3_d256_nonorm,0,search,bands_indices,plain,silu,none,3,256,2,0.15,0.0,0.001,0.0001,0,False,798,337670,120,0.401631,6.9,stsearch_ep120_bs2048_pat700_min300_seed42
model,0.8265852332115173,0.9327736496925354,2.5805482640862465,5.756998062133789,7.619824757465821,0.9507294297218323,0.8626761436462402,0.8674449920654297,0.9583885073661804,0.4699058532714844,0.8503563404083252,4.832102358341217,3.597557544708252,1.8155494704842567,4.702789336442947,0.26648000348359346,0.2688068663701415,100.0,100.0,100.0,1.0,6.813520769810566e-08,bands_indices_plain_silu_L3_d512_nonorm,0,search,bands_indices,plain,silu,none,3,512,2,0.15,0.0,0.001,0.0001,0,False,798,937478,120,0.399938,6.6,stsearch_ep120_bs2048_pat700_min300_seed42
model,0.8125758171081543,0.9299333691596985,2.6154933497309685,5.888612940907478,7.722612777115435,0.9494310617446899,0.8579014539718628,0.8568633794784546,0.9569055438041687,0.4078562259674072,0.8464877605438232,4.901004582643509,3.650568053126335,1.835157535970211,4.758133366703987,0.26879271026700735,0.27929155621677637,100.0,100.0,100.0,1.0,7.011934854972424e-08,bands_indices_plain_silu_L5_d256_nonorm,0,search,bands_indices,plain,silu,none,5,256,2,0.15,0.0,0.001,0.0001,0,False,798,469254,120,0.402012,7.7,stsearch_ep120_bs2048_pat700_min300_seed42
model,0.8591675162315369,0.9342755079269409,2.543678879737854,5.641516670584679,7.461759215137264,0.9509407877922058,0.867521345615387,0.8701344728469849,0.9582629799842834,0.6589747667312622,0.8491601943969727,4.795244708657265,3.5199064761400223,1.7589697614312172,4.682156071066856,0.24054425302892923,0.26526416186243296,100.0,100.0,100.0,1.0,6.940555152823435e-08,bands_indices_plain_silu_L5_d512_nonorm,0,search,bands_indices,plain,silu,none,5,512,2,0.15,0.0,0.001,0.0001,0,False,798,1462790,120,0.400648,7.4,stsearch_ep120_bs2048_pat700_min300_seed42
model,0.7898661494255066,0.928517758846283,2.62990053743124,5.980519577860832,7.796899223533168,0.9489056468009949,0.8606679439544678,0.8421096205711365,0.9571930170059204,0.287814736366272,0.8424976468086243,4.904469847679138,3.604833036661148,1.8938200548291206,4.769766330718994,0.3141799010336399,0.29236054979264736,100.0,100.0,100.0,1.0,6.863768220455313e-08,bands_indices_plain_relu_L3_d256_nonorm,0,search,bands_indices,plain,relu,none,3,256,2,0.15,0.0,0.001,0.0001,0,False,798,337670,120,0.401834,6.4,stsearch_ep120_bs2048_pat700_min300_seed42
model,0.7859637141227722,0.9286540746688843,2.597268484532833,5.986257269978523,7.5904128389002175,0.9493728280067444,0.8617875576019287,0.8376458883285522,0.9579939842224121,0.2720188498497009,0.8369556665420532,4.870718717575073,3.5519033670425415,1.8778707832098007,4.721030965447426,0.27369402814656496,0.2884023590013385,100.0,100.0,100.0,1.0,6.86461660848181e-08,bands_indices_plain_relu_L3_d512_nonorm,0,search,bands_indices,plain,relu,none,3,512,2,0.15,0.0,0.001,0.0001,0,False,798,937478,120,0.399668,6.7,stsearch_ep120_bs2048_pat700_min300_seed42
model,0.79292231798172,0.9300619959831238,2.6284225285053253,5.914216861128807,7.70954861184147,0.9483847618103027,0.8634737730026245,0.8607190847396851,0.9568365216255188,0.2872331142425537,0.8408797979354858,4.942581802606583,3.601682186126709,1.8129575997591019,4.826376959681511,0.29972081538289785,0.28721762355417013,100.0,100.0,100.0,1.0,6.91154369292235e-08,bands_indices_plain_relu_L5_d256_nonorm,0,search,bands_indices,plain,relu,none,5,256,2,0.15,0.0,0.001,0.0001,0,False,798,469254,120,0.403513,7.8,stsearch_ep120_bs2048_pat700_min300_seed42
model,0.7912836074829102,0.929145097732544,2.6135876774787903,5.949736014008522,7.562302958524257,0.9480311870574951,0.8572161793708801,0.8623070120811462,0.9566349387168884,0.28560370206832886,0.8379007577896118,4.9208372831344604,3.606366366147995,1.790623925626278,4.8107389360666275,0.2609851770102978,0.2919779857620597,100.0,100.0,100.0,1.0,6.817793263280691e-08,bands_indices_plain_relu_L5_d512_nonorm,0,search,bands_indices,plain,relu,none,5,512,2,0.15,0.0,0.001,0.0001,0,False,798,1462790,120,0.40244,7.4,stsearch_ep120_bs2048_pat700_min300_seed42
model,0.8259398937225342,0.930334210395813,2.6453183963894844,5.846593156456947,7.8553915920470425,0.9494343400001526,0.8604857325553894,0.8627734184265137,0.9552005529403687,0.47651243209838867,0.8512223958969116,4.935646802186966,3.607400879263878,1.8907608464360237,4.872725531458855,0.2889307914301753,0.27646112721413374,100.0,100.0,100.0,1.0,6.887486136974985e-08,bands_indices_plain_mish_L3_d256_nonorm,0,search,bands_indices,plain,mish,none,3,256,2,0.15,0.0,0.001,0.0001,0,False,798,337670,120,0.401685,6.2,stsearch_ep120_bs2048_pat700_min300_seed42
model,0.8193790316581726,0.9318724870681763,2.587045170366764,5.803905054926872,7.6603980467600215,0.9503028392791748,0.8631038665771484,0.8602043390274048,0.9581620693206787,0.43271201848983765,0.8517792820930481,4.829830303788185,3.59983891248703,1.859327033162117,4.703482240438461,0.26219473220407963,0.26758722960948944,100.0,100.0,100.0,1.0,6.904799221274516e-08,bands_indices_plain_mish_L3_d512_nonorm,0,search,bands_indices,plain,mish,none,3,512,2,0.15,0.0,0.001,0.0001,0,False,798,937478,120,0.399954,6.2,stsearch_ep120_bs2048_pat700_min300_seed42
model,0.8345217108726501,0.9305963516235352,2.6159605011343956,5.82631342113018,7.723870936455179,0.9492725133895874,0.8590221405029297,0.8594725131988525,0.9566292762756348,0.5339391231536865,0.8487836122512817,4.908504709601402,3.6361198872327805,1.8349295482039452,4.7805305570364,0.2621871419250965,0.27350354939699173,100.0,100.0,100.0,1.0,6.948103248305415e-08,bands_indices_plain_mish_L5_d256_nonorm,0,search,bands_indices,plain,mish,none,5,256,2,0.15,0.0,0.001,0.0001,0,False,798,469254,120,0.401164,7.7,stsearch_ep120_bs2048_pat700_min300_seed42
model,0.8552501797676086,0.9331737160682678,2.5537433102726936,5.69041334092617,7.4800105049191155,0.9507848620414734,0.8648139834403992,0.8674606680870056,0.957274317741394,0.6420445442199707,0.8491114377975464,4.7982122749090195,3.538752719759941,1.7517533153295517,4.724699258804321,0.24048923514783382,0.26856670156121254,100.0,100.0,100.0,1.0,6.945587927020824e-08,bands_indices_plain_mish_L5_d512_nonorm,0,search,bands_indices,plain,mish,none,5,512,2,0.15,0.0,0.001,0.0001,0,False,798,1462790,120,0.400436,7.7,stsearch_ep120_bs2048_pat700_min300_seed42
model,-1.4571112394332886,0.37906715273857117,11.893155425786972,17.8627610206604,10.870261415240016,0.39860570430755615,0.284146249294281,-0.006921172142028809,0.6058386564254761,-8.474174499511719,-1.5502009391784668,18.030717968940735,10.52146852016449,10.062102973461151,16.642777621746063,7.670382410287857,8.43147337436676,100.0,100.0,100.0,1.0,6.262092711040168e-08,bands_indices_plain_geglu_L3_d256_nonorm,0,search,bands_indices,plain,geglu,none,3,256,2,0.15,0.0,0.001,0.0001,0,False,798,673798,85,0.974474,3.9,stsearch_ep120_bs2048_pat700_min300_seed42
model,-2.190990686416626,0.2612476050853729,13.384710252285004,19.589930772781372,11.298568552992792,0.37554067373275757,0.15987688302993774,-0.07198953628540039,0.4607115387916565,-11.421934127807617,-2.648236036300659,18.01130324602127,11.649028211832047,11.317050457000732,19.97518241405487,9.400688856840134,9.955073893070221,100.0,100.0,100.0,1.0,6.182061440540565e-08,bands_indices_plain_geglu_L3_d512_nonorm,0,search,bands_indices,plain,geglu,none,3,512,2,0.15,0.0,0.001,0.0001,0,False,798,1871878,82,1.076315,3.8,stsearch_ep120_bs2048_pat700_min300_seed42
model,-5.0425124168396,-0.7009941935539246,23.938606679439545,28.21919023990631,14.313275130485694,-0.2337585687637329,-0.14888525009155273,-0.5593739748001099,-0.9272626638412476,-23.20857048034668,-5.176448345184326,28.181663155555725,18.289130926132202,18.63912343978882,44.36472952365875,16.94217473268509,17.21760183572769,100.0,100.0,100.0,1.0,8.500922632492802e-08,bands_indices_plain_geglu_L5_d256_nonorm,0,search,bands_indices,plain,geglu,none,5,256,2,0.15,0.0,0.001,0.0001,0,False,798,936966,80,1.820153,4.7,stsearch_ep120_bs2048_pat700_min300_seed42
model,-4.828451633453369,-0.6620571613311768,23.59517365694046,27.89224684238434,14.246737130548892,-0.21776926517486572,-0.14452731609344482,-0.51233971118927,-0.8739118576049805,-22.22774887084961,-4.99555778503418,28.091180324554443,18.13587248325348,18.115706741809845,43.85126233100891,16.501471400260925,16.874080896377563,100.0,100.0,100.0,1.0,5.0072788582156136e-08,bands_indices_plain_geglu_L5_d512_nonorm,0,search,bands_indices,plain,geglu,none,5,512,2,0.15,0.0,0.001,0.0001,0,False,798,2922502,81,1.794395,5.0,stsearch_ep120_bs2048_pat700_min300_seed42
model,0.8005136847496033,0.9276363849639893,2.643159218132496,5.998949706554413,7.720057588302105,0.9468380212783813,0.86043381690979,0.8620494604110718,0.9530479907989502,0.35598522424697876,0.8247148990631104,4.958781227469444,3.619043156504631,1.8114924430847168,4.872570186853409,0.27317197527736425,0.3238942474126816,100.0,100.0,100.0,1.0,7.043013283691835e-08,bands_indices_residual_gelu_L4_d256,0,search,bands_indices,residual,gelu,layernorm,4,256,2,0.15,0.0,0.001,0.0001,0,False,798,1260294,120,0.403724,11.8,stsearch_ep120_bs2048_pat700_min300_seed42
model,0.8191185593605042,0.9262336492538452,2.602671831846237,6.026339158415794,7.454058778521967,0.9474081993103027,0.8533222675323486,0.8421875834465027,0.9540543556213379,0.4895196557044983,0.8282052874565125,4.87932451069355,3.575950115919113,1.8064428120851517,4.792480543255806,0.24717873893678188,0.3146463306620717,100.0,100.0,100.0,1.0,6.988222622794638e-08,bands_indices_residual_gelu_L6_d256,0,search,bands_indices,residual,gelu,layernorm,6,256,2,0.15,0.0,0.001,0.0001,0,False,798,1787142,120,0.403077,17.5,stsearch_ep120_bs2048_pat700_min300_seed42
model,0.8149875998497009,0.9266747832298279,2.6177721098065376,6.0098472982645035,7.519951422873426,0.9459864497184753,0.8560330271720886,0.8569056987762451,0.9528399705886841,0.4479510188102722,0.8301960229873657,4.915688931941986,3.5656414926052094,1.8028251826763153,4.86333891749382,0.25039874017238617,0.3087327117100358,100.0,100.0,100.0,1.0,7.04218621194741e-08,bands_indices_residual_gelu_L8_d256,0,search,bands_indices,residual,gelu,layernorm,8,256,2,0.15,0.0,0.001,0.0001,0,False,798,2313990,120,0.402681,20.3,stsearch_ep120_bs2048_pat700_min300_seed42
model,0.8167511820793152,0.9255773425102234,2.6430003345012665,6.050537526607513,7.508480009863727,0.9459228515625,0.8535398244857788,0.8452889919281006,0.9531189799308777,0.47240954637527466,0.830213189125061,4.936344176530838,3.623051941394806,1.855149120092392,4.881922900676727,0.25124542880803347,0.3102824790403247,100.0,100.0,100.0,1.0,6.927115947519269e-08,bands_indices_residual_gelu_L10_d256,0,search,bands_indices,residual,gelu,layernorm,10,256,2,0.15,0.0,0.001,0.0001,0,False,798,2840838,120,0.402465,22.3,stsearch_ep120_bs2048_pat700_min300_seed42
model,0.8052167892456055,0.9252684116363525,2.6186740025877953,6.0773104429244995,7.491091108849467,0.9479290843009949,0.8542534708976746,0.8434081077575684,0.9514321088790894,0.4014607071876526,0.8328041434288025,4.8599973320961,3.5980507731437683,1.8255943432450294,4.847941547632217,0.2618849743157625,0.31856477726250887,100.0,100.0,100.0,1.0,7.013595393345895e-08,bands_indices_residual_gelu_L12_d256,0,search,bands_indices,residual,gelu,layernorm,12,256,2,0.15,0.0,0.001,0.0001,0,False,798,3367686,120,0.402396,25.9,stsearch_ep120_bs2048_pat700_min300_seed42
model,0.7993690371513367,0.9266447424888611,2.681681513786316,6.042392924427986,7.972115684750831,0.9471938014030457,0.8598072528839111,0.8489208817481995,0.9531245827674866,0.3623186945915222,0.8248330354690552,4.982257634401321,3.619106486439705,1.9309153780341148,4.937693476676941,0.2903952728956938,0.3297185758128762,100.0,100.0,100.0,1.0,7.001544588547404e-08,bands_indices_residual_gelu_L6_d128,0,search,bands_indices,residual,gelu,layernorm,6,128,2,0.15,0.0,0.001,0.0001,0,False,798,500358,120,0.403998,16.6,stsearch_ep120_bs2048_pat700_min300_seed42
model,0.8031584620475769,0.9276983737945557,2.651546336710453,5.999822914600372,7.851869647284543,0.9474102854728699,0.8588812351226807,0.8533290028572083,0.9547442197799683,0.3819442391395569,0.8226264119148254,4.9621060490608215,3.5977736115455627,1.9026173278689384,4.839857667684555,0.27853131759911776,0.3283960046246648,100.0,100.0,100.0,1.0,7.025626302947785e-08,bands_indices_residual_gelu_L12_d128,0,search,bands_indices,residual,gelu,layernorm,12,128,2,0.15,0.0,0.001,0.0001,0,False,798,897414,120,0.402654,25.2,stsearch_ep120_bs2048_pat700_min300_seed42
model,0.8015613555908203,0.9267113208770752,2.6771726086735725,6.032077968120575,7.8559998058714156,0.9468075633049011,0.8573362827301025,0.8575388789176941,0.9525819420814514,0.37028366327285767,0.8248067498207092,4.994148761034012,3.6553066223859787,1.8824530765414238,4.9275953322649,0.281391735188663,0.3221405204385519,100.0,100.0,100.0,1.0,6.943491115407596e-08,bands_indices_residual_silu_L4_d256,0,search,bands_indices,residual,silu,layernorm,4,256,2,0.15,0.0,0.001,0.0001,0,False,798,1260294,120,0.405006,12.0,stsearch_ep120_bs2048_pat700_min300_seed42
model,0.8104613423347473,0.9278567433357239,2.6154085993766785,5.983824655413628,7.633781397689348,0.9477327466011047,0.8590098023414612,0.8529307842254639,0.9545530080795288,0.42662709951400757,0.8219011425971985,4.906808957457542,3.5839736461639404,1.8239492550492287,4.798435792326927,0.25932262651622295,0.3199692349880934,100.0,100.0,100.0,1.0,6.998632784416259e-08,bands_indices_residual_silu_L6_d256,0,search,bands_indices,residual,silu,layernorm,6,256,2,0.15,0.0,0.001,0.0001,0,False,798,1787142,120,0.404356,15.7,stsearch_ep120_bs2048_pat700_min300_seed42
model,0.8072147965431213,0.9277368783950806,2.6511607691645622,5.985717102885246,7.720267144732978,0.9472558498382568,0.858275294303894,0.8615337014198303,0.9533284306526184,0.39779525995254517,0.825087308883667,4.969047009944916,3.606671839952469,1.8630502745509148,4.881224408745766,0.2698655007407069,0.3171124495565891,100.0,100.0,100.0,1.0,7.088759446105541e-08,bands_indices_residual_silu_L8_d256,0,search,bands_indices,residual,silu,layernorm,8,256,2,0.15,0.0,0.001,0.0001,0,False,798,2313990,120,0.403972,19.2,stsearch_ep120_bs2048_pat700_min300_seed42
model,0.8034963607788086,0.9271745085716248,2.63618603348732,6.011447310447693,7.664136145272765,0.9478291273117065,0.8600419163703918,0.8553338646888733,0.9522822499275208,0.37670767307281494,0.8287707567214966,4.935853183269501,3.5759713500738144,1.837700977921486,4.887311905622482,0.26692047249525785,0.3133424324914813,100.0,100.0,100.0,1.0,6.919544404127009e-08,bands_indices_residual_silu_L10_d256,0,search,bands_indices,residual,silu,layernorm,10,256,2,0.15,0.0,0.001,0.0001,0,False,798,2840838,120,0.403807,21.6,stsearch_ep120_bs2048_pat700_min300_seed42
model,0.7949352264404297,0.9262927174568176,2.632729709148407,6.061320006847382,7.678370667344209,0.9480591416358948,0.8588317036628723,0.8474943041801453,0.9523842930793762,0.3384699821472168,0.8243590593338013,4.901215434074402,3.5910535603761673,1.8509741872549057,4.853805899620056,0.27736485935747623,0.3219540696591139,100.0,100.0,100.0,1.0,7.021065329126941e-08,bands_indices_residual_silu_L12_d256,0,search,bands_indices,residual,silu,layernorm,12,256,2,0.15,0.0,0.001,0.0001,0,False,798,3367686,120,0.403645,25.7,stsearch_ep120_bs2048_pat700_min300_seed42
model,0.8031692504882812,0.9261175394058228,2.719300054013729,6.056943163275719,8.074227212107926,0.9468979239463806,0.8577433824539185,0.8461893200874329,0.9530626535415649,0.3910783529281616,0.8240278959274292,5.051788687705994,3.669365867972374,1.9866285845637321,4.989380389451981,0.29079471714794636,0.3278320422396064,100.0,100.0,100.0,1.0,6.884102532467296e-08,bands_indices_residual_silu_L6_d128,0,search,bands_indices,residual,silu,layernorm,6,128,2,0.15,0.0,0.001,0.0001,0,False,798,500358,120,0.405992,16.0,stsearch_ep120_bs2048_pat700_min300_seed42
model,0.8045191168785095,0.9269266724586487,2.6852956041693687,6.025457382202148,7.980663365068138,0.9473168849945068,0.8568002581596375,0.8495663404464722,0.9542046785354614,0.39518022537231445,0.8240303993225098,4.995579272508621,3.658667951822281,1.9564107060432434,4.889446496963501,0.2812648192048073,0.33041113056242466,100.0,100.0,100.0,1.0,6.90269033043478e-08,bands_indices_residual_silu_L12_d128,0,search,bands_indices,residual,silu,layernorm,12,128,2,0.15,0.0,0.001,0.0001,0,False,798,897414,120,0.404694,25.9,stsearch_ep120_bs2048_pat700_min300_seed42
model,0.8044557571411133,0.9274198412895203,2.65779048204422,6.0005974024534225,7.721821867090187,0.9470565319061279,0.8609030842781067,0.8594363927841187,0.9524606466293335,0.37987345457077026,0.8269906640052795,4.9674391746521,3.6369100213050842,1.8215769901871681,4.931843653321266,0.27126199565827847,0.3176973666995764,100.0,100.0,100.0,1.0,6.846351396916361e-08,bands_indices_residual_relu_L4_d256,0,search,bands_indices,residual,relu,layernorm,4,256,2,0.15,0.0,0.001,0.0001,0,False,798,1260294,120,0.403356,12.4,stsearch_ep120_bs2048_pat700_min300_seed42
model,0.8252890706062317,0.9269236326217651,2.612128295004368,5.986055359244347,7.393626815272463,0.9466928839683533,0.852683424949646,0.852742075920105,0.9540989398956299,0.5153141021728516,0.8301892280578613,4.908856377005577,3.591347113251686,1.786489598453045,4.82558086514473,0.24943959433585405,0.31106474343687296,100.0,100.0,100.0,1.0,6.997384360829528e-08,bands_indices_residual_relu_L6_d256,0,search,bands_indices,residual,relu,layernorm,6,256,2,0.15,0.0,0.001,0.0001,0,False,798,1787142,120,0.402989,15.9,stsearch_ep120_bs2048_pat700_min300_seed42
model,0.8154870867729187,0.9279351234436035,2.6384687051177025,5.960250273346901,7.583669744563047,0.9461820721626282,0.8556191921234131,0.8614416718482971,0.9547814130783081,0.44040417671203613,0.834479808807373,4.982147738337517,3.6193083971738815,1.8204603344202042,4.843916743993759,0.26260162703692913,0.30237368773669004,100.0,100.0,100.0,1.0,6.901846205664697e-08,bands_indices_residual_relu_L8_d256,0,search,bands_indices,residual,relu,layernorm,8,256,2,0.15,0.0,0.001,0.0001,0,False,798,2313990,120,0.402199,19.1,stsearch_ep120_bs2048_pat700_min300_seed42
model,0.8105228543281555,0.92747563123703,2.6463592424988747,5.9875112026929855,7.577681961616155,0.9455792307853699,0.8551951050758362,0.8589129447937012,0.9551041722297668,0.4167638421058655,0.8315681219100952,4.983796551823616,3.641202300786972,1.8232274800539017,4.839750379323959,0.2778750844299793,0.3122966969385743,100.0,100.0,100.0,1.0,6.949779418619073e-08,bands_indices_residual_relu_L10_d256,0,search,bands_indices,residual,relu,layernorm,10,256,2,0.15,0.0,0.001,0.0001,0,False,798,2840838,120,0.401806,23.4,stsearch_ep120_bs2048_pat700_min300_seed42
model,0.810535192489624,0.9269542694091797,2.612476609647274,6.004511937499046,7.426319578402882,0.9471994042396545,0.8547856211662292,0.855833888053894,0.9531884789466858,0.4174724817276001,0.8347182273864746,4.899883270263672,3.5797134041786194,1.7682543024420738,4.855448380112648,0.2607005415484309,0.310860644094646,100.0,100.0,100.0,1.0,6.957317566502752e-08,bands_indices_residual_relu_L12_d256,0,search,bands_indices,residual,relu,layernorm,12,256,2,0.15,0.0,0.001,0.0001,0,False,798,3367686,120,0.402032,25.7,stsearch_ep120_bs2048_pat700_min300_seed42
model,0.8024742007255554,0.9261685013771057,2.6944005861878395,6.0510944575071335,7.981369660516806,0.9472110867500305,0.856280505657196,0.849288821220398,0.9526740312576294,0.3803080916404724,0.8290668725967407,4.992102086544037,3.661263734102249,1.9125491380691528,4.980736970901489,0.29893817845731974,0.320813967846334,100.0,100.0,100.0,1.0,6.940974373037534e-08,bands_indices_residual_relu_L6_d128,0,search,bands_indices,residual,relu,layernorm,6,128,2,0.15,0.0,0.001,0.0001,0,False,798,500358,120,0.403518,16.3,stsearch_ep120_bs2048_pat700_min300_seed42
