feature,importance_mean,importance_std
B02_q25_2021_autumn,0.016277968883514404,0.0013731886154771684
B02_q25_2021_summer,0.014670630296071371,0.0007184496246761983
B03_min_2021_spring,0.014357447624206543,0.0017052714541560962
B02_median_2021_summer,0.013014733791351318,0.000982492967643458
B05_min_2021_spring,0.01265096664428711,0.0009735499336324564
B02_mean_2021_summer,0.012594083944956461,0.0006387220947214775
B02_median_2021_autumn,0.011421521504720053,0.001738849429288822
B02_q75_2021_autumn,0.010383625825246176,0.0009285660294016379
B03_q25_2021_autumn,0.010145127773284912,0.0008238579975248773
B11_max_2020_autumn,0.010023355484008789,0.0008076873655052161
TC_green_mean_2021_summer,0.009837071100870768,0.0008662718737722532
B02_min_2021_autumn,0.009641428788503012,0.0006362676802387213
B02_q25_2020_spring,0.00934988260269165,0.00015443776251410172
B03_q25_2021_summer,0.008941570917765299,0.00040571594734301655
B11_max_2020_summer,0.00873267650604248,0.00024765851599680826
B11_std_2020_autumn,0.008721669514973959,0.001770927816982161
B02_q25_2021_spring,0.008331159750620524,0.0010047936802271018
TC_green_mean_2021_autumn,0.008174935976664225,0.0010064270896560736
B02_mean_2021_autumn,0.008156418800354004,0.0006796918457320465
B02_q25_2020_summer,0.007985194524129232,0.0010452831068905777
B05_q75_2021_spring,0.007684051990509033,0.001668664456276872
B02_median_2020_spring,0.007631083329518636,0.0002939188068758338
B05_q25_2021_summer,0.007527649402618408,6.33757626455643e-05
B02_q75_2021_summer,0.0074924031893412275,0.0005119070332591477
B03_median_2021_autumn,0.0071549614270528155,0.0004649912800421323
B11_min_2021_spring,0.007073660691579183,0.0003176205531450174
B05_median_2021_spring,0.006990293661753337,0.0014051235438584193
B05_mean_2021_autumn,0.006955504417419434,0.0001647292594627227
B11_q75_2020_spring,0.006643056869506836,0.0005358345603763285
B11_max_2020_spring,0.00650717814763387,0.0007136099383330068
B05_median_2021_autumn,0.00643614927927653,0.0005058407783352226
B04_median_2021_autumn,0.006381094455718994,0.00019814866484779722
B11_std_2020_summer,0.006328682104746501,0.00024707883777496157
B11_mean_2020_spring,0.006309350331624349,0.0002578634129936084
B02_q25_2020_autumn,0.006262600421905518,0.0004184466221035826
B11_q75_2021_spring,0.006157378355662028,0.00028050612178375336
B04_max_2020_autumn,0.0060248176256815595,0.00042548637333671667
B03_q25_2021_spring,0.0058156053225199384,0.001456878251747033
B11_max_2021_spring,0.00581053892771403,0.0004858182779446441
B02_q75_2021_spring,0.005747596422831218,0.0003723186099981876
B05_mean_2021_spring,0.005676289399464925,0.0007307170618962688
B04_max_2021_spring,0.005544583002726237,0.0010449987966885572
B02_max_2021_summer,0.005453368028004964,0.0010344942336683424
B11_max_2021_summer,0.00540618101755778,0.00020321789868635922
B02_mean_2020_spring,0.005391995112101237,8.045725320596712e-05
B05_q75_2021_autumn,0.005385736624399821,0.0003664912822498319
B05_q25_2021_spring,0.005334377288818359,0.00034160300569234016
B03_median_2021_summer,0.005317429701487224,0.00019469603552099232
TC_bright_mean_2020_autumn,0.005308985710144043,0.0006438144287246826
B11_q75_2020_summer,0.005256811777750651,0.00020318036074867718
B02_mean_2020_summer,0.005160888036092122,0.0004433010156818838
B08_q75_2020_summer,0.005094985167185466,0.0009502019354904918
B05_q75_2020_autumn,0.0050285061200459795,0.000313544281282859
B05_q25_2021_autumn,0.005004266897837321,0.0004093541392857025
B04_q25_2020_autumn,0.004949589570363362,0.00024189609521643924
B04_max_2021_summer,0.0048541029294331866,0.001450384658484896
B05_mean_2021_summer,0.004844844341278076,0.0003897004035011766
B03_mean_2021_summer,0.004788120587666829,0.0008747024116777529
B02_q75_2020_summer,0.004665255546569824,2.4798731948955627e-05
LBP_u8_3_2020_autumn,0.004659771919250488,0.00019209473840413704
B11_q25_2020_spring,0.004623313744862874,0.00036517012941441853
B04_max_2020_spring,0.004534820715586345,0.0008311990880750812
B04_q25_2020_summer,0.004487812519073486,0.000241106218045817
B04_mean_2020_autumn,0.004481295744578044,0.00022010890691122182
B04_max_2021_autumn,0.0044383009274800616,0.00044608242604734366
TC_bright_mean_2020_summer,0.004322052001953125,0.00033423546775530346
B02_median_2020_summer,0.004320462544759114,0.0001653139332915737
B02_median_2021_spring,0.004274487495422363,0.00018487616653906403
B02_max_2020_autumn,0.004213412602742513,0.0004976076585503039
B02_median_2020_autumn,0.004150946935017903,0.00044113795667695594
B02_mean_2021_spring,0.004150132338205974,0.00034024174717789147
B05_median_2021_summer,0.00408633550008138,0.0005963952500932769
B11_q25_2020_summer,0.003921707471211751,0.00032172544908131123
NDRE1_std_2020_summer,0.003818054993947347,0.0003008560896872
B03_q25_2020_autumn,0.0037746429443359375,0.0003176960593070393
B05_mean_2020_autumn,0.00376586119333903,0.0007557404912861736
B02_q75_2020_autumn,0.0037621259689331055,0.00020613525668667526
B05_median_2020_spring,0.0037389000256856284,0.0003328772124150638
B12_std_2020_spring,0.003736257553100586,0.0009668498071980037
NDRE1_std_2021_summer,0.0037111242612202964,0.0010157487916139592
B04_q25_2021_autumn,0.0036788384119669595,0.0003177847944131746
NDRE1_std_2021_spring,0.0036787589391072593,0.000601331880668579
TC_bright_mean_2021_autumn,0.003546635309855143,0.0001570522959998496
NDVI_q75_2020_autumn,0.003458261489868164,0.00027238434882134076
LBP_u8_6_2020_summer,0.003455777963002523,0.00031821326639573406
B06_mean_2020_summer,0.003449122111002604,0.00026446111081702744
NDMI_std_2020_autumn,0.0034474730491638184,0.0009511338472959912
NDBI_std_2020_autumn,0.0033742189407348633,0.0003976611508749196
B08_median_2020_summer,0.003361860911051432,0.0005337356580149839
B05_min_2020_spring,0.003314197063446045,0.00022729618389161208
B06_median_2021_spring,0.0033131043116251626,0.0005709574135714163
B04_q25_2021_summer,0.003310859203338623,0.00041382460792995315
B04_mean_2021_autumn,0.0032949050267537436,0.00018120790582020995
NDBI_std_2021_summer,0.0032741030057271323,0.0008496920344488732
NDBI_std_2021_autumn,0.003234704335530599,0.00030838361584829355
B04_q75_2020_autumn,0.0032159884770711264,0.00029326087865564493
B05_max_2021_summer,0.0032036900520324707,0.000989475401506747
NDRE1_std_2020_autumn,0.003183603286743164,0.0006237782693787024
B08_q75_2020_autumn,0.0031833847363789878,0.0005142231548564873
B05_q25_2020_summer,0.0031509796778361,9.049658058034321e-05
B06_q75_2020_autumn,0.0031204024950663247,0.00019718708553401155
TC_wet_std_2020_spring,0.0031048456827799478,0.0011765004658781941
B02_mean_2020_autumn,0.0030990044275919595,0.0004459248971484547
B12_max_2021_summer,0.003080268700917562,0.00021111791476755639
TC_green_std_2020_spring,0.0030672152837117514,0.000808128747092898
B02_min_2021_summer,0.003052095572153727,0.000512656825843933
B03_q25_2020_summer,0.003046572208404541,2.4279852854301045e-05
LBP_entropy_2020_summer,0.003038326899210612,0.00024872090699091604
BSI_std_2020_autumn,0.003004948298136393,0.0004013767996710029
B05_median_2020_summer,0.002977152665456136,0.00018164803628311347
B11_q75_2020_autumn,0.0029523372650146484,0.00024188511239900856
NDRE2_q75_2021_summer,0.0029310385386149087,0.0003104840115118127
BSI_std_2021_spring,0.002906620502471924,0.00033339104885505774
BSI_std_2020_summer,0.0028554797172546387,0.00048069898350096394
B11_mean_2020_summer,0.0028000275293986,0.00044444305684258905
NDWI_q25_2021_summer,0.002787172794342041,0.0003142373266054323
B11_median_2021_spring,0.002781093120574951,0.00028157890710140413
TC_bright_std_2020_spring,0.0027527411778767905,0.000624881398533267
B05_q25_2020_autumn,0.002735873063405355,0.0002574512511032227
NDMI_std_2021_autumn,0.002692997455596924,0.0013619403511475779
B06_mean_2021_summer,0.002685070037841797,5.084859634545199e-05
NDRE1_q75_2021_summer,0.002655208110809326,0.00017362789030572623
NDMI_std_2021_spring,0.002589106559753418,0.0004193775097431647
B11_mean_2020_autumn,0.0025876363118489585,0.00011143916152299081
B03_max_2021_summer,0.002557814121246338,0.00040664936801152623
BSI_std_2020_spring,0.0025416811307271323,0.0010535650696731238
TC_green_std_2020_autumn,0.002506077289581299,0.00016076048584094205
NDMI_std_2021_summer,0.002500335375467936,0.0003346175289088469
TC_green_mean_2020_autumn,0.002480785051981608,0.00023711838114731548
B03_median_2020_spring,0.0024367372194925943,0.00033512852504478545
TC_bright_mean_2021_summer,0.0024332404136657715,0.0001112595164781702
NDRE1_std_2020_spring,0.0024312734603881836,0.0004204515867336607
B06_median_2020_summer,0.002429485321044922,0.00035221939825382924
B03_q75_2020_summer,0.0024009148279825845,0.0005069179361848897
B02_max_2021_spring,0.0023925304412841797,0.0010363407919553762
B04_q75_2021_spring,0.002391676108042399,0.0004636942624139931
NDVI_q75_2021_spring,0.0023523767789204917,0.00040684057590652245
LBP_u8_6_2021_summer,0.0023499528566996255,0.0014040806471485735
BSI_std_2021_summer,0.002320408821105957,0.000585934560829128
B11_median_2020_spring,0.0023163159688313804,0.0003144977552513299
B05_min_2021_autumn,0.002310077349344889,0.00012723424893547707
NBR_std_2020_autumn,0.0022954543431599936,0.0003311160759196372
B04_mean_2021_summer,0.0022870898246765137,0.0005984802169351491
B02_max_2020_spring,0.0022695461908976236,0.002403602813417373
B04_std_2020_spring,0.0022683143615722656,0.0008997711594303002
B02_max_2020_summer,0.0022452672322591147,0.0011631672289150769
TC_green_mean_2020_summer,0.0022062460581461587,0.0002252944998099411
B8A_max_2020_autumn,0.0021992127100626626,0.00028205643992332285
B06_std_2020_autumn,0.0021553834279378257,0.0010231979737047963
TC_wet_mean_2021_spring,0.0021196206410725913,0.000639319070385648
B06_q75_2021_autumn,0.0021136601765950522,0.00011478226980280534
NDBI_std_2021_spring,0.0020961364110310874,0.0003850692077134336
B08_median_2021_spring,0.002095679442087809,8.470159541806048e-05
B04_median_2021_summer,0.0020657777786254883,0.0002919962662955456
B02_max_2021_autumn,0.0020592808723449707,0.0007555932326220771
B03_mean_2021_spring,0.002047260602315267,0.0002521795874899817
LBP_u8_2_2021_autumn,0.0020303924878438315,0.00015051854100545513
B06_max_2021_summer,0.0020215710004170737,0.00026965062830584374
B08_median_2021_autumn,0.0020036697387695312,9.434454440846925e-05
B02_std_2021_spring,0.001977423826853434,0.0009542499388716357
B03_max_2020_spring,0.0019759734471639,0.00045770067219102155
B05_q75_2020_spring,0.0019266406695048015,0.0004102504532348665
NDRE1_q75_2021_autumn,0.0019246141115824382,0.00021516988553623424
B11_q25_2021_summer,0.0019136667251586914,3.9375293311055885e-05
NDRE2_mean_2020_spring,0.0018902023633321126,0.0006648691955743897
TC_wet_std_2021_autumn,0.0018879175186157227,0.000761705558099499
B05_q75_2020_summer,0.0018854935963948567,0.00017115424592695563
B02_q75_2020_spring,0.0018628239631652832,0.00013917502038563527
NDVI_median_2021_summer,0.0018627444903055828,0.0005793616938587025
NDRE2_q75_2021_autumn,0.0018482406934102376,0.0002716150214255528
B06_q75_2020_summer,0.0018253127733866374,4.4281513283853285e-05
B11_median_2020_summer,0.0018117825190226238,0.00016453427436100192
B02_std_2020_spring,0.0018081267674763997,0.00026828223133636587
B03_mean_2020_summer,0.0017961661020914714,0.00033946865743303075
B11_median_2020_autumn,0.0017682115236918132,0.0004963831070684193
NDRE1_q75_2020_spring,0.0017510453859965007,0.0002961857350263083
B03_q75_2021_summer,0.0017459988594055176,0.0007554316334418759
B8A_std_2020_autumn,0.0017422835032145183,0.0006158600982984397
NDMI_q75_2021_summer,0.001732468605041504,7.44696529412399e-05
NDRE2_q25_2020_spring,0.001729885737101237,0.00014337909655542643
LBP_u8_7_2021_spring,0.001701335112253825,0.0001290425401945616
NDRE2_median_2020_spring,0.0016799569129943848,0.0005226036704999542
B03_max_2020_autumn,0.0016749898592631023,0.0002070003685306196
LBP_u8_3_2021_summer,0.0016720294952392578,0.0005071656426073767
B08_q75_2021_autumn,0.001655876636505127,0.00028459123006754217
TC_wet_std_2021_summer,0.0016055504480997722,0.0012374450477525005
B06_q25_2020_summer,0.0015882054964701335,0.00048590499323235324
NDWI_std_2020_spring,0.0015694697697957356,0.00034639964753578487
B8A_median_2021_spring,0.0015605489412943523,0.0002867332690233791
B08_mean_2020_summer,0.00153428316116333,0.0005373839894830931
B08_max_2021_autumn,0.0015194018681844075,0.0006402603306979109
B11_std_2020_spring,0.001514136791229248,0.0004183877919015007
TC_bright_mean_2021_spring,0.0015135606129964192,0.0010360728022705181
SAVI_std_2021_summer,0.001489857832590739,0.0007806320974412695
B02_std_2021_autumn,0.0014898379643758137,0.0003834073499634318
B07_min_2021_summer,0.0014717380205790203,0.00017068594842263333
NDVI_iqr_2021_spring,0.0014580090840657551,0.0003847947143789908
B04_max_2020_summer,0.0014469424883524578,0.00010421388016357198
BSI_std_2021_autumn,0.0014404654502868652,0.0008231469910129959
B05_std_2020_autumn,0.0014220674832661946,0.0008290812493500317
B05_median_2020_autumn,0.001420895258585612,0.00011664859270174608
LBP_u8_7_2021_summer,0.0014179150263468425,0.00044080515630812677
B03_std_2020_spring,0.0014111995697021484,0.0008161146074017446
TC_wet_mean_2020_spring,0.0014017422993977864,0.00022008203099095232
BSI_q25_2020_autumn,0.0013822118441263835,0.0007904088113965901
B02_std_2020_autumn,0.0013624827067057292,0.0007762196449979862
B03_max_2021_autumn,0.0013619263966878254,0.0007537115853367479
LBP_entropy_2021_summer,0.0013614098230997722,0.00024457660561683927
B06_median_2020_spring,0.0013571381568908691,0.0003959621416881562
B07_std_2021_spring,0.001352866490681966,0.0006724117199321274
B05_std_2020_summer,0.0013452569643656413,0.000292938495706738
B02_std_2020_summer,0.0013225674629211426,0.00023808978675291534
NDRE1_q75_2020_summer,0.0013222098350524902,0.0006252014146225292
B07_min_2021_spring,0.0013194680213928223,5.829376920688283e-05
TC_wet_std_2020_summer,0.0013153751691182454,0.00017564726183806544
SAVI_std_2020_spring,0.0013100107510884602,0.0003510040433385
B11_std_2021_spring,0.00129777193069458,0.00010183872923497402
NBR_median_2021_autumn,0.001295646031697591,0.0006104186146890042
NDRE1_std_2021_autumn,0.0012753009796142578,0.0001673058387901458
LBP_u8_2_2020_spring,0.0012639562288920085,0.0007474279261832569
NDVI_std_2020_summer,0.0012551347414652507,8.430373205738901e-05
NBR_std_2020_spring,0.0012498100598653157,7.33246370859103e-05
B12_q75_2020_spring,0.0012428760528564453,0.0004993368387447927
NBR_std_2021_spring,0.0012267827987670898,0.00030188313128531966
B06_q25_2021_spring,0.0012167493502298992,0.00016903730371118302
B04_median_2020_autumn,0.001215974489847819,0.0002750571805272365
NDMI_mean_2020_summer,0.001203914483388265,0.00036013069265555255
B04_q75_2020_spring,0.0011968413988749187,0.0010765378984806514
NDVI_std_2021_spring,0.0011805891990661621,0.0006381957634130979
B06_q25_2021_summer,0.0011788209279378254,0.0002372903770430282
B05_q25_2020_spring,0.0011620322863260906,0.00027510420465816544
NDBI_std_2020_spring,0.001156926155090332,0.0001786368075579518
NDRE1_q75_2021_spring,0.0011551380157470703,0.0004905389406305117
NDRE2_median_2020_autumn,0.0011460185050964355,0.000687322516344256
TC_green_mean_2020_spring,0.0011309583981831868,4.063376865899087e-05
NDRE2_mean_2021_summer,0.001130064328511556,0.000969390755064394
B04_median_2020_spring,0.0011152227719624837,0.0007467502075595693
NDWI_median_2021_autumn,0.001105805238087972,0.00014026172584784388
LBP_u8_7_2021_autumn,0.0010796785354614258,0.0009138876375952465
NDMI_std_2020_spring,0.0010649561882019043,0.00025310038905640013
BSI_q75_2020_spring,0.0010643601417541504,0.00012812249125267725
NDBI_q25_2020_autumn,0.0010560154914855957,0.0001901477168380935
NDRE2_q25_2021_autumn,0.0010477503140767415,0.0005313171460534103
LBP_u8_1_2020_spring,0.001022934913635254,0.00047153387806618644
B06_q75_2021_summer,0.001010596752166748,0.00024406652025167546
NDBI_q25_2020_spring,0.0010062058766682942,0.00027934112718793977
NDWI_q25_2020_summer,0.0010040998458862305,0.00026968166154676346
LBP_u8_1_2021_autumn,0.0009822249412536621,0.00014549346873208275
B06_mean_2020_autumn,0.000982046127319336,1.7753247865584863e-05
NDMI_q75_2020_spring,0.0009799400965372722,0.000116413190000936
B05_mean_2020_summer,0.000976840655008952,0.00011767996196671597
TC_wet_std_2020_autumn,0.0009581645329793295,0.0004324275758444443
TC_green_std_2020_summer,0.0009568730990091959,0.00018946182032183686
SAVI_std_2020_summer,0.0009423096974690756,0.00011751303584650165
SAVI_q75_2020_autumn,0.0009151299794514974,0.0001432967836512589
TC_green_std_2021_autumn,0.000906825065612793,0.00032960554061699823
B11_std_2021_summer,0.000906685988108317,0.0004614008047213747
SAVI_q75_2021_spring,0.000901639461517334,0.0003856952684318862
B8A_mean_2021_autumn,0.0008992950121561686,7.6919901211325e-05
NDMI_q75_2021_spring,0.0008853872617085775,0.0001004417360821621
BSI_mean_2020_spring,0.0008839766184488932,0.00012402869984021476
NDVI_median_2021_spring,0.0008759299914042155,0.00014872670222003997
NDMI_std_2020_summer,0.0008651415506998698,0.000638221066530818
B02_std_2021_summer,0.0008486310640970866,0.0007134191429904286
TC_green_std_2021_summer,0.0008458097775777181,0.00024773604610265514
B04_finite_frac_2021_autumn,0.0008439222971598307,0.000970407747459687
LBP_u8_5_2021_summer,0.0008383591969807943,0.0014549488965735669
NDBI_median_2021_summer,0.000837703545888265,0.00012019402693360428
NDWI_q75_2021_summer,0.0008308688799540201,0.0004183381064954949
LBP_u8_5_2021_spring,0.0008257031440734863,0.001165448393342519
NDVI_q25_2020_autumn,0.0008240739504496256,6.361632401424139e-05
B08_q25_2020_summer,0.0008153120676676432,0.0001339751314416498
NDWI_q25_2020_spring,0.0008109609285990397,0.00018258182332412447
B02_min_2021_spring,0.0008085370063781738,0.00037840454582533
BSI_mean_2021_autumn,0.000807483990987142,0.0002003171404790539
NDBI_q75_2020_spring,0.0007993578910827637,0.00039113283053921963
NDMI_q25_2020_spring,0.0007952253023783366,0.0002230104436613021
NDBI_q75_2020_summer,0.000782926877339681,0.00024170623605659355
B05_max_2020_autumn,0.000767966111501058,0.00018973849204385166
LBP_u8_6_2020_autumn,0.0007545948028564453,0.00010997408552846875
B04_q25_2021_spring,0.0007533033688863119,0.00013428174076702737
NDVI_q75_2020_summer,0.0007504622141520182,2.5665427516990656e-05
B08_median_2020_autumn,0.000746309757232666,0.00011977564861413585
NBR_q75_2021_summer,0.0007462700208028158,0.0003096833963632813
NBR_std_2021_autumn,0.0007355610529581705,0.00021580688049739282
NDWI_q25_2021_spring,0.0007350842157999674,0.00012941775156800312
NDVI_median_2020_autumn,0.0007265210151672363,7.278419471329956e-05
NDVI_iqr_2020_autumn,0.0007237792015075684,0.0002013884270672026
B08_std_2020_autumn,0.0007102489471435547,0.0007828328654829612
B08_q75_2020_spring,0.0007065335909525553,0.00018429986416789086
B11_q25_2020_autumn,0.0007045269012451172,7.259307412294577e-05
SAVI_median_2020_spring,0.000700533390045166,0.00023138492905375792
B08_mean_2021_autumn,0.0006977717081705729,0.0001749369167335161
B12_q25_2020_summer,0.000697016716003418,0.0001095819790383358
LBP_u8_3_2021_spring,0.0006952484448750814,0.00030648980490217574
NDRE1_q25_2021_autumn,0.0006941556930541992,0.0003564308053460051
LBP_u8_5_2020_spring,0.0006909370422363281,0.0004217680932872375
NDVI_median_2021_autumn,0.0006850560506184896,0.00014655447172740542
SAVI_mean_2020_autumn,0.0006823142369588217,0.00016634693765796806
SAVI_median_2020_autumn,0.0006794134775797526,9.636152650649274e-05
B08_q75_2021_spring,0.0006782809893290201,0.0003063740754912043
NDRE1_mean_2021_spring,0.0006673932075500488,0.00023128059982777767
NDRE1_median_2021_summer,0.0006659825642903646,0.0002707216865392832
NDWI_median_2021_summer,0.0006613334019978842,0.00033263879395960554
B08_median_2020_spring,0.0006539026896158854,0.0005533583965814808
B05_q75_2021_summer,0.0006533463795979818,0.00043241267770779745
B06_std_2020_summer,0.0006387829780578613,0.0004709000898536495
NDRE2_q25_2020_autumn,0.0006308356920878092,0.00018367739283605867
B03_q75_2021_spring,0.0006269415219624838,0.0001728720513401036
LBP_u8_8_2021_autumn,0.0006196697552998861,0.00033487088767903317
NDVI_mean_2021_autumn,0.0006129940350850424,0.00018844065607750656
B8A_q75_2021_autumn,0.0006086826324462891,0.00020491879230897606
NDVI_mean_2021_summer,0.0006075898806254069,6.0210119690445314e-05
NDVI_iqr_2021_summer,0.0006059010823567709,0.0003210605627812152
NDVI_mean_2020_autumn,0.0006042718887329102,0.00016497206855919374
SAVI_std_2020_autumn,0.0006027619043986002,0.0002857261631255792
NDMI_mean_2021_summer,0.0005943377812703451,0.00011709003726581158
B08_max_2021_summer,0.0005906224250793457,0.00010338635971480531
NDMI_q75_2020_summer,0.0005829334259033203,7.537427820792356e-05
B11_mean_2021_spring,0.0005715688069661459,0.00011195528790851742
B05_std_2020_spring,0.000568250815073649,0.0004355311416396676
SAVI_q25_2021_autumn,0.0005652507146199545,0.00027484968413686204
LBP_u8_2_2021_spring,0.0005628466606140137,0.0008351005407709461
SAVI_q75_2021_autumn,0.0005571842193603516,0.0002797367840402078
B11_min_2020_spring,0.0005449056625366211,3.543488194628126e-05
SAVI_median_2021_autumn,0.0005422035853068033,9.451580690268352e-05
BSI_q25_2021_summer,0.0005401968955993652,0.0004010653032020883
B08_max_2020_spring,0.0005344947179158529,0.00029608471687381585
B06_q25_2020_spring,0.000534355640411377,0.0002277105621070293
LBP_u8_8_2020_autumn,0.00052871306737264,8.615459607203924e-05
NDBI_q25_2021_summer,0.0005272030830383301,6.548925910769889e-05
NDRE2_q25_2021_summer,0.0005234479904174805,0.00041279328311582137
NDRE2_mean_2021_autumn,0.0005078315734863281,0.00021447115084860614
SAVI_median_2021_spring,0.0005074739456176758,0.00015032551382782985
NDRE1_mean_2021_summer,0.0005073746045430502,0.0002506295405555629
NDVI_iqr_2020_summer,0.0005041956901550293,0.0005627657648867077
B06_min_2021_autumn,0.0004900296529134115,3.2578590011392986e-05
SAVI_q75_2020_spring,0.0004877448081970215,0.0006533453180336349
LBP_u8_0_2020_summer,0.00046384334564208984,0.0007304861695165965
B07_q25_2021_spring,0.00045627355575561523,0.00013830878195450025
SAVI_q75_2021_summer,0.00045547882715861004,0.00010446618608653789
B12_std_2021_summer,0.0004490017890930176,0.00022870826990643164
NDMI_q75_2021_autumn,0.00044800837834676105,0.00032262140151731645
SAVI_q25_2020_autumn,0.00044687589009602863,0.00014724067998413983
B8A_min_2021_autumn,0.0004465182622273763,0.000354065026956983
B04_q75_2021_autumn,0.0004413922627766927,0.00027384470113125665
B03_q25_2020_spring,0.0004413723945617676,7.696993132157467e-05
B08_mean_2021_spring,0.0004402001698811849,0.00012069037715021999
B07_std_2021_autumn,0.0004369815190633138,8.405092342700352e-05
B06_mean_2020_spring,0.0004368225733439128,4.065279535432415e-05
B11_mean_2021_autumn,0.0004285176595052083,5.375718500114303e-05
BSI_q25_2020_summer,0.0004132787386576335,0.0001508182859569114
LBP_u8_9_2020_autumn,0.00039700667063395184,0.00045357299590171316
TC_wet_mean_2020_autumn,0.00039138396581013996,8.783916005853455e-05
NDVI_std_2021_summer,0.00038369496663411457,0.0008342614100497215
NBR_median_2020_spring,0.00038125117619832355,0.0002282875549700767
B8A_std_2021_spring,0.00036591291427612305,0.00053840397778954
NDRE1_mean_2021_autumn,0.00036485989888509113,0.000116168747576231
NDWI_q75_2021_spring,0.0003602902094523112,0.00036441035295888463
NBR_mean_2021_summer,0.00035683314005533856,0.00030180077711778735
LBP_u8_4_2020_spring,0.00035526355107625324,0.0007140231726924616
NBR_std_2020_summer,0.00035144885381062824,0.0010635975985399464
NDRE1_median_2020_autumn,0.0003428459167480469,0.00017766492622975426
B08_mean_2020_autumn,0.0003350973129272461,0.0002078799867709313
NDVI_q75_2021_autumn,0.00033420324325561523,2.8970105734121608e-05
NDRE1_median_2021_spring,0.00033138195673624676,0.00025481821641970814
NDBI_q75_2021_autumn,0.0003230174382527669,0.0001428303101195077
BSI_median_2021_autumn,0.0003229180971781413,6.489801483568712e-05
NDVI_q25_2021_spring,0.00032267967859903973,0.00012531663902235726
NDWI_q25_2020_autumn,0.00032011667887369793,4.3805597784966125e-05
LBP_u8_7_2020_autumn,0.00031606356302897137,0.0003435668127968519
NDVI_q25_2021_summer,0.0003140966097513835,0.0002216073777691593
B07_q75_2021_autumn,0.0003115137418111165,4.62954903174764e-05
B08_q25_2021_spring,0.00030875205993652344,6.646798984927154e-05
NDMI_q25_2021_autumn,0.000308374563852946,0.000157998428669095
B07_std_2020_autumn,0.0003064870834350586,9.540502482788256e-05
B8A_max_2021_spring,0.00030624866485595703,0.00016407265956978838
NDBI_q75_2021_spring,0.00029853979746500653,0.0001842721227487637
NDBI_mean_2020_summer,0.00029798348744710285,0.00014494353969766899
LBP_entropy_2020_autumn,0.00029520193735758465,0.00047472307413179643
NDBI_median_2021_spring,0.0002930363019307454,0.00015463874447980345
NDMI_q75_2020_autumn,0.00029154618581136066,0.00021147360800600028
NDMI_mean_2021_spring,0.00028856595357259113,0.0001228984115679422
NDMI_median_2021_spring,0.00028779109319051105,3.8591582061688375e-05
NDRE1_median_2021_autumn,0.0002855062484741211,3.948197752548727e-05
B03_finite_frac_2021_autumn,0.0002818107604980469,0.0001622613673283926
B08_q25_2021_autumn,0.0002810557683308919,0.00020616476832593255
B02_finite_frac_2021_autumn,0.0002808968226114909,0.00010809835815215935
SAVI_q25_2021_spring,0.000280300776163737,0.00018235780633046956
NDRE2_std_2020_summer,0.0002798636754353841,0.00034761350250358815
NDRE2_median_2020_summer,0.0002796848615010579,0.00014670870446357835
SAVI_std_2021_spring,0.0002683599789937337,0.00037272371397232987
BSI_median_2020_spring,0.00026545921961466473,0.0001713389215697542
NDRE2_median_2021_summer,0.00026428699493408203,0.00044503709731449757
B06_mean_2021_spring,0.00026349226633707684,0.0002499152996949064
BSI_mean_2020_autumn,0.00026237964630126953,3.5432341926369524e-05
B06_min_2021_summer,0.00026148557662963867,0.00010875011862646691
NDMI_mean_2020_spring,0.00025798877080281574,0.000291275819417999
B02_finite_frac_2021_summer,0.0002536177635192871,0.00031635759149735746
NDBI_std_2020_summer,0.0002532203992207845,0.0004892585834123943
B11_median_2021_autumn,0.00025268395741780597,0.00013927993347635117
B8A_max_2021_autumn,0.0002503395080566406,6.495145244083252e-05
SAVI_mean_2021_summer,0.00024451812108357746,0.0006544783180813874
B06_std_2021_spring,0.0002442598342895508,0.00021444167969650023
B06_finite_frac_2021_spring,0.00023106733957926431,0.000146618867489106
NDWI_std_2020_summer,0.0002298553784688314,7.068045902962279e-05
BSI_median_2020_autumn,0.00022844473520914713,0.00018311667230405394
B11_finite_frac_2021_spring,0.0002256631851196289,1.0232574335992305e-05
LBP_u8_2_2020_autumn,0.00022520621617635092,0.002349265223249412
SAVI_mean_2021_autumn,0.000224153200785319,0.000141481970019198
B8A_median_2020_spring,0.00022280216217041016,0.00011704607059466728
B12_std_2020_summer,0.00022246440251668295,0.00033099021986887286
NDWI_mean_2021_summer,0.0002203186353047689,0.0002256755713644755
SAVI_median_2021_summer,0.0002154707908630371,0.0003251068822218404
NDRE1_q25_2021_spring,0.0002151926358540853,0.00044712642243642037
NDRE2_median_2021_spring,0.00020736455917358398,0.00038919655080266196
NDBI_mean_2020_spring,0.00020649035771687826,0.00011419393720918573
B8A_std_2020_summer,0.0002031524976094564,0.00025886010310198455
B8A_q75_2021_spring,0.00020182132720947266,0.00016387261274389611
LBP_u8_8_2020_spring,0.0001954038937886556,8.46260067781647e-05
NDRE2_q25_2020_summer,0.0001942912737528483,0.0002599761943387446
B12_max_2020_spring,0.0001879731814066569,0.00030812588047768015
B06_max_2021_autumn,0.00018543004989624023,8.79022955294895e-05
NBR_q25_2021_summer,0.00018155574798583984,0.00017414152290259728
LBP_u8_7_2020_spring,0.0001812577247619629,0.0005087124429031939
NDVI_std_2020_autumn,0.00017426411310831705,0.0002662817846445761
BSI_q75_2021_spring,0.00016985336939493814,0.00012728994237469574
B08_finite_frac_2021_autumn,0.000156402587890625,0.0002196871640228854
B05_finite_frac_2021_spring,0.00015314420064290365,4.296171514707194e-05
B08_median_2021_summer,0.00015046199162801108,3.602785100895923e-05
B11_mean_2021_summer,0.00014859437942504883,0.00034101723647565383
NDRE1_mean_2020_summer,0.00014613072077433267,4.2366460852309026e-05
B12_finite_frac_2021_spring,0.00013860066731770834,2.671322688369961e-05
B8A_std_2021_autumn,0.00013492504755655924,0.00015101717374606534
NDRE1_median_2020_summer,0.00013361374537150064,0.00019394548075878356
B07_finite_frac_2021_spring,0.00013321638107299805,2.0267507517459357e-05
B04_std_2020_autumn,0.00012820959091186523,0.0003242515940500927
LBP_u8_5_2020_summer,0.00010140736897786458,0.0007779854170366499
NDBI_q75_2021_summer,9.576479593912761e-05,7.13574953490939e-05
B06_q75_2021_spring,9.298324584960938e-05,0.00031949939958877846
B06_mean_2021_autumn,8.813540140787761e-05,1.858475840222647e-05
NDRE1_q75_2020_autumn,8.491675059000651e-05,0.00027799938736142854
B08_max_2021_spring,8.461872736612956e-05,0.0009851068321994018
NBR_q25_2021_autumn,8.183717727661133e-05,0.00029357419727237883
NDBI_mean_2021_autumn,8.12212626139323e-05,6.976402781865883e-05
B04_finite_frac_2020_spring,8.036692937215169e-05,5.794786194865679e-05
B08_q25_2020_autumn,7.981061935424805e-05,8.318179299515479e-05
B08_finite_frac_2020_spring,7.915496826171875e-05,6.631066066758434e-05
TC_wet_mean_2020_summer,7.710854212443034e-05,7.524606337410237e-05
NDBI_q25_2021_autumn,7.387002309163411e-05,0.00018215682209747895
B06_max_2021_spring,7.277727127075195e-05,0.00036379934074228084
LBP_entropy_2020_spring,7.239977518717448e-05,0.00011096415289179845
NDRE2_q75_2021_spring,7.039308547973633e-05,0.0008196082146522906
B07_std_2020_summer,7.013479868570964e-05,0.0001602343240039957
B07_median_2021_spring,6.928046544392903e-05,8.957931455100662e-05
NDWI_mean_2021_spring,6.536642710367839e-05,0.00010947256251909527
B05_finite_frac_2021_autumn,6.37372334798177e-05,6.866298706134386e-05
B8A_q25_2020_spring,6.192922592163086e-05,0.00012973378713388708
B08_q75_2021_summer,5.8531761169433594e-05,0.00029230881077382603
NDMI_q25_2020_summer,5.543231964111328e-05,0.00033064867848612867
B11_q75_2021_summer,4.903475443522135e-05,0.00016194894837976903
B06_finite_frac_2021_autumn,4.798173904418945e-05,9.111524806555909e-05
NBR_q25_2020_spring,4.764397939046224e-05,0.0003188409780070636
NDVI_q75_2021_summer,4.365046819051107e-05,0.00015818572890894083
NDVI_q25_2021_autumn,3.832578659057617e-05,0.0001187030952710081
B11_max_2021_autumn,3.5762786865234375e-05,0.00010365136331307335
NDWI_mean_2020_summer,3.316005071004232e-05,0.00012632130113818192
B07_max_2020_autumn,2.962350845336914e-05,0.00020003557369543184
B07_finite_frac_2020_autumn,2.7020772298177082e-05,1.0940912014528169e-05
B02_finite_frac_2020_summer,2.6245911916097004e-05,3.558932507653339e-05
NDVI_q25_2020_summer,1.9371509552001953e-05,5.14703277766454e-05
B08_finite_frac_2020_summer,1.8596649169921875e-05,1.2755951022525248e-06
B11_finite_frac_2020_autumn,1.7702579498291016e-05,5.870479589183123e-05
B05_finite_frac_2021_summer,1.6391277313232422e-05,2.185684254436981e-06
NDBI_q25_2021_spring,1.5536944071451824e-05,0.00020606999131926457
NDBI_mean_2021_spring,1.0768572489420572e-05,0.00014013930718485498
B11_finite_frac_2021_summer,1.045068105061849e-05,5.6170504213032425e-06
NDWI_q75_2021_autumn,1.0311603546142578e-05,0.000311261211495682
B08_finite_frac_2020_autumn,9.238719940185547e-06,9.504309028863066e-05
B07_q25_2020_spring,8.4837277730306e-06,0.00013587412151459062
B03_finite_frac_2020_summer,7.510185241699219e-06,1.7126839190354724e-05
NBR_median_2021_summer,5.563100179036458e-06,0.00011846394117321107
B8A_finite_frac_2021_autumn,5.543231964111328e-06,1.8445944348877004e-05
B11_finite_frac_2021_autumn,5.304813385009766e-06,1.3644734372630612e-05
B06_finite_frac_2021_summer,4.192193349202474e-06,3.7861332448813407e-06
B12_finite_frac_2021_summer,2.562999725341797e-06,6.326708526647352e-07
B08_finite_frac_2021_summer,2.463658650716146e-06,5.1420567735860324e-05
B08_q25_2021_summer,1.7881393432617188e-06,0.00012543656469873936
B05_finite_frac_2020_summer,1.6490618387858074e-06,4.122738377742422e-06
B8A_finite_frac_2020_spring,1.3510386149088542e-06,8.662359428237844e-06
B12_finite_frac_2020_spring,7.549921671549479e-07,1.3015515802313789e-05
B8A_min_2021_spring,-9.934107462565105e-08,0.00014375879453593554
B06_finite_frac_2020_summer,-7.947285970052084e-07,1.1058584888836341e-06
B06_finite_frac_2020_spring,-1.1920928955078125e-06,7.512234857208141e-06
B07_finite_frac_2020_summer,-1.4702479044596355e-06,1.3070809208074034e-06
B8A_finite_frac_2020_summer,-1.5099843343098958e-06,2.680368734048216e-06
B11_finite_frac_2020_summer,-1.5298525492350261e-06,2.7673221185175816e-07
B8A_finite_frac_2021_spring,-1.6887982686360676e-06,1.5629328461041042e-05
B12_finite_frac_2020_summer,-2.1457672119140625e-06,2.969882796773083e-06
B03_finite_frac_2021_summer,-2.2649765014648438e-06,1.1632021157959787e-05
B11_finite_frac_2020_spring,-4.967053731282552e-06,7.155923139775411e-06
B07_finite_frac_2020_spring,-7.271766662597656e-06,4.488985629978831e-06
B07_finite_frac_2021_summer,-7.64926274617513e-06,2.200444045696407e-06
B04_finite_frac_2020_summer,-7.947285970052084e-06,5.603541111223103e-06
B05_finite_frac_2020_spring,-8.126099904378256e-06,9.256498772292537e-06
B04_finite_frac_2021_summer,-8.463859558105469e-06,8.098485227895591e-06
NDMI_mean_2020_autumn,-9.834766387939453e-06,0.00011293930495941334
NDMI_q25_2021_spring,-9.914239247639975e-06,0.00018454369589569826
B12_finite_frac_2020_autumn,-1.1006991068522135e-05,1.7492335687160263e-05
B8A_finite_frac_2021_summer,-1.1444091796875e-05,4.28601192196014e-06
BSI_mean_2021_spring,-1.6927719116210938e-05,2.6207388036891693e-05
LBP_u8_4_2021_autumn,-1.7881393432617188e-05,0.00019086234357537123
B03_finite_frac_2020_spring,-2.0345052083333332e-05,4.3854582929244755e-05
B04_finite_frac_2020_autumn,-2.0821889241536457e-05,3.25283880717434e-05
NDBI_q25_2020_summer,-2.4199485778808594e-05,0.0003657223786842674
B04_mean_2020_summer,-2.505381902058919e-05,0.00026179700934882133
NDVI_median_2020_spring,-3.053744633992513e-05,0.0001334633432730421
NDRE2_mean_2021_spring,-3.2564004262288414e-05,0.0001328908810395782
B06_q25_2021_autumn,-3.8405259450276695e-05,0.0002892657905637897
B05_finite_frac_2020_autumn,-4.0411949157714844e-05,3.8072487262824874e-05
B03_finite_frac_2020_autumn,-4.116694132486979e-05,2.197341934636978e-05
B06_finite_frac_2020_autumn,-4.220008850097656e-05,3.9832049796122725e-05
B8A_max_2020_spring,-4.293521245320638e-05,0.00029424848707835795
B03_std_2020_autumn,-4.8061211903889976e-05,0.00026858644977746204
B8A_finite_frac_2020_autumn,-5.2710374196370445e-05,3.9600228297544105e-05
B12_finite_frac_2021_autumn,-5.414088567097982e-05,5.908630079196656e-05
NDMI_median_2021_autumn,-5.5730342864990234e-05,7.08212714227354e-05
NDVI_iqr_2020_spring,-5.835294723510742e-05,0.00021914171101144268
B02_finite_frac_2020_spring,-5.9942404429117836e-05,7.236688483921277e-05
TC_bright_std_2020_summer,-7.204214731852214e-05,0.00036275126731411856
NDVI_q75_2020_spring,-7.52409299214681e-05,0.0003598870417104635
TC_wet_std_2021_spring,-8.255243301391602e-05,0.0007956328071169187
NDRE1_mean_2020_autumn,-9.532769521077474e-05,0.00015098270535121035
BSI_q75_2021_autumn,-9.592374165852864e-05,6.388374799977132e-05
LBP_u8_5_2020_autumn,-9.604295094807942e-05,0.001134339051351406
NDBI_median_2020_summer,-9.66787338256836e-05,6.51533025539567e-05
B02_finite_frac_2020_autumn,-9.767214457194011e-05,5.350165359550174e-05
NDWI_q75_2020_summer,-0.00010289748509724934,0.00027232371088285366
B07_finite_frac_2021_autumn,-0.00010339419047037761,7.235673822350374e-05
NDBI_median_2020_autumn,-0.00010959307352701823,0.00012719894053615053
NDBI_mean_2020_autumn,-0.00011098384857177734,0.00010208718433870934
SAVI_q75_2020_summer,-0.00011565287907918294,4.5899558548244984e-05
B8A_mean_2021_spring,-0.000125885009765625,9.02151430010101e-05
BSI_q25_2021_autumn,-0.00012769301732381186,0.00038527007975908215
B07_mean_2021_autumn,-0.0001341104507446289,9.537387617509391e-05
NDWI_mean_2020_spring,-0.00013788541158040365,0.00016123983935676945
B02_finite_frac_2021_spring,-0.00013909737269083658,0.00028559454398979615
SAVI_mean_2020_summer,-0.00014156103134155273,0.00015526922635121453
B8A_q75_2020_autumn,-0.0001504818598429362,0.00025051227037695747
B03_median_2020_summer,-0.00015467405319213867,4.9169243974220136e-05
B8A_std_2021_summer,-0.00015999873479207358,0.000227014201129356
B08_mean_2020_spring,-0.0001602768898010254,0.00011491244788267561
B07_mean_2021_spring,-0.00016089280446370444,3.7623370056914835e-05
NDMI_median_2020_autumn,-0.00016266107559204102,0.00022489514659868008
SAVI_q25_2020_spring,-0.00016282002131144205,0.00018829943022448953
B12_min_2021_summer,-0.00016293923060099283,0.0003463236072107102
NDVI_std_2020_spring,-0.00017517805099487305,0.0001882123476902398
NDBI_mean_2021_summer,-0.00017662843068440756,0.00018960822006390608
B11_min_2021_autumn,-0.00019339720408121744,0.0003348621314345619
B04_finite_frac_2021_spring,-0.00019971529642740885,7.976407102761386e-05
NDWI_mean_2020_autumn,-0.00020899375279744467,0.0001069053831664339
B06_median_2021_summer,-0.00021010637283325195,0.00033214536637358853
NDRE1_q25_2020_summer,-0.00021098057428995767,5.984405939549044e-05
LBP_u8_6_2020_spring,-0.00023239850997924805,0.0003473619024014475
NDWI_q75_2020_spring,-0.0002327561378479004,0.0007483264711849911
BSI_q25_2020_spring,-0.00023357073465983072,0.000216311928711361
NBR_median_2021_spring,-0.00024503469467163086,0.00018382625838475207
NDVI_mean_2020_summer,-0.0002599159876505534,7.994298167305826e-05
B12_median_2021_autumn,-0.000260015328725179,8.792429738021203e-05
B07_min_2021_autumn,-0.0002605319023132324,0.00016976216934940354
SAVI_q25_2020_summer,-0.0002638498942057292,7.899546287230908e-05
NDMI_median_2020_spring,-0.0002639492352803548,0.000163722580566929
NDWI_std_2021_autumn,-0.00026647249857584637,0.0003440130885653929
B07_median_2021_autumn,-0.00026786327362060547,0.0002710515306564891
NDWI_q75_2020_autumn,-0.0002695520718892415,0.00021942328473760053
B12_std_2021_autumn,-0.0002709229787190755,0.00015970632242358565
NDMI_median_2021_summer,-0.00027740001678466797,0.00016145799943193898
NDRE2_mean_2020_summer,-0.0002842148145039876,0.00022505000764780738
BSI_q25_2021_spring,-0.0002859632174173991,0.00013237861358141273
B08_finite_frac_2021_spring,-0.00028653939565022785,0.0002559688249949631
B8A_q25_2021_spring,-0.00029021501541137695,0.00011170668450741022
B05_max_2021_spring,-0.0002929965655008952,0.00035889772739122706
BSI_median_2021_spring,-0.00030159950256347656,8.749565291794851e-05
NBR_q25_2020_summer,-0.0003083944320678711,0.0004039057843606315
SAVI_mean_2020_spring,-0.0003101627031962077,0.0004104571467914145
B05_std_2021_spring,-0.00032522281010945636,0.00030586867604009624
LBP_u8_7_2020_summer,-0.00033217668533325195,0.0009372177345124709
B07_std_2021_summer,-0.00033388535181681317,0.0007175622023732071
LBP_u8_0_2021_spring,-0.00033481915791829425,0.00025728861793317473
BSI_q75_2020_autumn,-0.0003405610720316569,7.523073280172136e-05
B06_median_2021_autumn,-0.0003430644671122233,9.802399381700771e-05
NDRE1_q25_2021_summer,-0.0003432631492614746,0.0006509394320414438
SAVI_q25_2021_summer,-0.0003432830174763997,0.00014987676391912342
NDMI_mean_2021_autumn,-0.00035011768341064453,0.0001627255780783591
SAVI_mean_2021_spring,-0.0003578066825866699,0.00020680984582179893
B03_q75_2020_autumn,-0.00036321083704630536,0.0011587171809763813
B03_mean_2021_autumn,-0.0003669460614522298,0.0001725495363872977
B03_mean_2020_autumn,-0.00037852923075358075,0.00027679555630808156
NDMI_q25_2021_summer,-0.00038047631581624347,0.0003986566984044685
B04_std_2020_summer,-0.00038184722264607746,0.0001356883675930783
B11_q75_2021_autumn,-0.00038631757100423175,0.00011336096570984346
NDVI_mean_2020_spring,-0.00038874149322509766,0.00017880894733468387
NDVI_mean_2021_spring,-0.00039706627527872723,0.00035038786783559854
NBR_mean_2020_summer,-0.00039772192637125653,0.0002635354299518005
NBR_mean_2020_spring,-0.0004050731658935547,9.100012462844143e-05
LBP_u8_1_2020_autumn,-0.00040529171625773114,0.0011609977214966473
LBP_u8_1_2021_summer,-0.0004214048385620117,0.00031311401041039035
NDMI_median_2020_summer,-0.0004279017448425293,0.0004159921618812476
NBR_q25_2021_spring,-0.0004297494888305664,0.0005208936242796088
B03_finite_frac_2021_spring,-0.00043024619420369464,9.115973075955919e-05
B06_q75_2020_spring,-0.0004489223162333171,6.660223350963391e-05
LBP_u8_9_2021_summer,-0.00045214096705118817,0.0006168739842575574
B07_median_2020_spring,-0.0004647970199584961,0.000284111906853989
B8A_median_2021_autumn,-0.0004685521125793457,0.00044369089029147385
NDRE2_q25_2021_spring,-0.00046896934509277344,0.00018488590915981143
NDWI_median_2020_autumn,-0.00047079722086588543,0.00020204483137848428
NDRE1_q25_2020_autumn,-0.0004718104998270671,3.3562208211269855e-05
B12_std_2020_autumn,-0.00048031409581502277,0.0002251417917021147
B08_q25_2020_spring,-0.00048162539800008136,4.047198783824048e-05
B08_std_2021_autumn,-0.00048436721165974933,8.981672186742092e-05
B04_q75_2020_summer,-0.0004847248395284017,0.00012011277365932944
NDVI_q25_2020_spring,-0.0004955728848775228,0.00025830612201999483
BSI_mean_2020_summer,-0.0005015134811401367,6.028227266996276e-06
B03_std_2021_summer,-0.0005041360855102539,0.00023351226009839902
LBP_u8_0_2020_spring,-0.0005044738451639811,0.0005787192273152882
B03_std_2021_autumn,-0.0005115667978922526,0.0004917696917124047
LBP_u8_3_2021_autumn,-0.0005156993865966797,0.000846076811491976
NDRE1_median_2020_spring,-0.0005324085553487142,0.0001421060429983911
B08_std_2020_summer,-0.0005340576171875,0.00021180570695793473
B04_mean_2020_spring,-0.0005373557408650717,0.0004256512465823032
LBP_entropy_2021_spring,-0.0005435546239217123,0.0004131006318446261
BSI_q75_2020_summer,-0.0005563894907633463,0.00015405832814088593
B06_max_2020_spring,-0.0005576213200887045,1.93104535736173e-05
NDWI_std_2020_autumn,-0.0005655288696289062,0.0001706452839410944
B8A_std_2020_spring,-0.0005703171094258627,0.0006580358116184983
B07_mean_2021_summer,-0.0005729595820109049,7.873549220732444e-05
NDWI_median_2021_spring,-0.0005817015965779623,0.00020778880946732686
B03_std_2020_summer,-0.0005953311920166016,2.7353575270627542e-05
NDWI_median_2020_spring,-0.0005966623624165853,0.00027667948934310304
B05_std_2021_autumn,-0.0005967020988464355,0.0002743216644564866
B06_std_2020_spring,-0.0005969206492106119,0.00021686080776524185
NDWI_mean_2021_autumn,-0.0006012916564941406,0.00031854285115692765
B06_max_2020_autumn,-0.0006141463915506998,2.6967938394542167e-05
NBR_q75_2020_summer,-0.0006185571352640787,0.0002907612092298326
B8A_mean_2020_autumn,-0.0006329615910847982,0.0002821366718656732
B03_max_2020_summer,-0.0006365378697713217,0.0003602098938637
NDBI_median_2020_spring,-0.000639955202738444,7.961140417773083e-05
LBP_u8_2_2021_summer,-0.0006415247917175293,0.0002924366709753428
B07_max_2020_spring,-0.0006456375122070312,0.00015933931067590534
B04_std_2021_autumn,-0.0006465117136637369,0.001226677468508862
BSI_median_2021_summer,-0.0006552537282307943,4.443734028798506e-06
NDVI_iqr_2021_autumn,-0.0006558696428934733,0.0003314118673002181
B03_max_2021_spring,-0.0006560881932576498,0.00016958872586334537
B08_std_2020_spring,-0.0006593068440755209,0.00020778162260383636
NDVI_std_2021_autumn,-0.0006641348203023275,0.00014376573048900432
NDMI_q25_2020_autumn,-0.0006742278734842936,0.0001805416873693031
B12_max_2020_summer,-0.000678102175394694,0.00021957471141941654
LBP_u8_9_2021_spring,-0.0006825129191080729,0.0006633013125317441
B07_mean_2020_spring,-0.0006847580273946127,0.00031245531898408763
LBP_u8_0_2021_summer,-0.0006899833679199219,0.00024043596614595986
B8A_mean_2020_spring,-0.0006973942120869955,0.00015805099161683603
B03_q75_2020_spring,-0.0007037123044331869,0.00010272942326272951
SAVI_std_2021_autumn,-0.0007084012031555176,0.000391799645738382
NDBI_q75_2020_autumn,-0.0007137656211853027,0.0003115166417536014
B06_min_2021_spring,-0.0007232228914896647,0.00022440476887346548
NDWI_std_2021_summer,-0.0007316668828328451,0.00038787754937982095
NDRE2_mean_2020_autumn,-0.0007357001304626465,0.00031324865176499226
TC_green_std_2021_spring,-0.0007418990135192871,0.00047971567661351367
B8A_q25_2020_autumn,-0.0007494489351908366,0.00019093307198337757
LBP_u8_6_2021_autumn,-0.0007549524307250977,0.0008285311710649602
NBR_q75_2020_autumn,-0.0007567008336385092,0.00042497049008214424
LBP_u8_3_2020_spring,-0.0007677872975667318,0.0008868002490530742
NDWI_std_2021_spring,-0.0007730523745218912,0.00018617763930472276
NBR_mean_2021_autumn,-0.0007945895195007324,0.00027261111162396996
NBR_q75_2021_autumn,-0.0008094509442647299,0.00013395981216868897
B08_std_2021_summer,-0.0008136828740437826,0.00017264973712070395
BSI_q75_2021_summer,-0.0008231997489929199,0.0003218616195480724
B8A_q75_2020_spring,-0.0008388161659240723,0.00016992154884454448
NDBI_median_2021_autumn,-0.0008488098780314127,0.00029255527588868403
NBR_q25_2020_autumn,-0.000854333241780599,0.0002948120058041114
NBR_std_2021_summer,-0.0008547504742940267,0.00014557493274694577
B07_q75_2021_spring,-0.0008576909701029459,3.14646415518171e-05
B11_std_2021_autumn,-0.0008608500162760416,0.0007156223978782686
B07_std_2020_spring,-0.000860889752705892,0.000587028522812522
B8A_min_2020_spring,-0.000864724318186442,0.00024821350012080426
B08_min_2021_spring,-0.0008665919303894043,0.0003008258763150605
NBR_q75_2021_spring,-0.0008872548739115397,0.0005420561101886083
B8A_q25_2021_autumn,-0.0008901755015055338,7.606935744887335e-05
SAVI_median_2020_summer,-0.0009049574534098307,0.00020565728140656855
B07_q75_2020_autumn,-0.000907599925994873,0.00015267136862020693
NDWI_median_2020_summer,-0.0009210109710693359,0.00021089321669922505
BSI_median_2020_summer,-0.0009221434593200684,0.00021108633540831254
B07_mean_2020_autumn,-0.0009225805600484213,8.933320358127281e-06
LBP_u8_1_2021_spring,-0.0009235342343648275,0.00019447008565732008
NDVI_range_2020_summer,-0.0009528001149495443,0.00024318204363950156
NDRE2_q75_2020_spring,-0.0009588797887166342,0.0006171240853273113
LBP_u8_8_2021_summer,-0.0009608864784240723,0.0003067117530248313
B08_std_2021_spring,-0.0009689529736836752,0.00010756941836526782
B08_max_2020_autumn,-0.0009723305702209473,0.00032029836130645264
B8A_min_2020_autumn,-0.0009903113047281902,0.0004892988463479151
NBR_median_2020_summer,-0.000990748405456543,0.00017422028811483204
B07_q75_2021_summer,-0.000991503397623698,0.0005101411188064318
TC_bright_std_2020_autumn,-0.001002947489420573,0.0004860365222168756
LBP_u8_9_2020_summer,-0.0010037620862325032,0.00042795929163706937
NDRE1_mean_2020_spring,-0.0010041594505310059,0.00014998656647764112
B06_median_2020_autumn,-0.0010199546813964844,6.971477754545057e-05
TC_bright_std_2021_summer,-0.0010472536087036133,0.00033672504820127854
LBP_u8_8_2020_summer,-0.0010645389556884766,0.00021878484407921863
BSI_mean_2021_summer,-0.0010735789934794109,8.425646376546065e-05
LBP_entropy_2021_autumn,-0.0010802149772644043,0.00033305477969519784
B08_mean_2021_summer,-0.0010860164960225422,0.0003839830720704992
B07_min_2020_autumn,-0.0010888973871866863,0.00029773321478779796
B07_max_2021_autumn,-0.0010953942934672038,0.000660886382019851
B04_std_2021_spring,-0.001112838586171468,0.00016860328499802003
B06_std_2021_autumn,-0.0011128783226013184,0.0003847171565860624
LBP_u8_4_2021_spring,-0.0011133750279744465,0.00026184898821213345
NBR_q75_2020_spring,-0.0011421442031860352,0.00037021219789443193
B8A_q75_2021_summer,-0.001188039779663086,0.0006763723097468579
NBR_median_2020_autumn,-0.0011930267016092937,5.5085320098568215e-05
NDRE2_median_2021_autumn,-0.0012142062187194824,7.701705874321492e-05
B03_mean_2020_spring,-0.0012260675430297852,0.00016009799450019896
LBP_u8_0_2021_autumn,-0.0012384851773579915,0.0007616818239119365
B07_q25_2021_summer,-0.0012502471605936687,0.0005517577087713057
NDWI_q25_2021_autumn,-0.0012508233388264973,8.900000528975997e-05
B12_std_2021_spring,-0.0012673536936442058,0.00014355149231491164
TC_bright_mean_2020_spring,-0.0012723406155904133,8.461942944500761e-05
B03_q75_2021_autumn,-0.0012735327084859212,0.00017595354627924305
NBR_mean_2021_spring,-0.001294553279876709,0.00014234413662763044
B06_std_2021_summer,-0.001301407814025879,0.0005584213893121229
B8A_median_2021_summer,-0.001322607199350993,0.00015376492247070665
TC_green_mean_2021_spring,-0.0013229648272196453,0.0005610890347798762
NDRE1_q25_2020_spring,-0.0013238191604614258,0.00018144413597552485
LBP_u8_4_2021_summer,-0.001336534818013509,0.0003575045364139035
LBP_u8_9_2020_spring,-0.0013789534568786621,0.00031644673810023177
LBP_u8_8_2021_spring,-0.00139083464940389,0.00023078439363990297
B05_max_2020_summer,-0.001393437385559082,7.730628217448101e-05
LBP_u8_2_2020_summer,-0.0013938148816426594,0.0006369662801104514
B07_median_2021_summer,-0.0013977686564127605,0.0005923662722465338
B06_min_2020_autumn,-0.0014153122901916504,0.00019517566794645622
B12_median_2020_summer,-0.0014567772547403972,9.0440869432961e-05
LBP_u8_0_2020_autumn,-0.0014795263608296712,0.00021619948247172548
NDVI_median_2020_summer,-0.0014908909797668457,0.00016735329194078762
B8A_median_2020_autumn,-0.001509706179300944,0.0002871975050028966
B06_q25_2020_autumn,-0.0015139579772949219,0.00020042767668871525
B12_mean_2021_summer,-0.0015139977137247722,0.000611643786745055
NDRE2_std_2021_summer,-0.0015232165654500325,0.00036736325743135027
B11_min_2021_summer,-0.0015813906987508137,0.0004739185292542147
B07_q75_2020_summer,-0.0015860994656880696,2.858382293424343e-05
B05_max_2021_autumn,-0.0016042192776997883,7.756886477431357e-05
B12_q75_2020_summer,-0.0016229748725891113,0.00024520861635936184
B07_q75_2020_spring,-0.0016437172889709473,0.0004318899777444621
B05_std_2021_summer,-0.0016488035519917805,0.0006654736012516595
B12_min_2021_autumn,-0.0016532341639200847,4.079606905472053e-05
B03_std_2021_spring,-0.0016598701477050781,0.0004792036797382018
B07_max_2021_spring,-0.0016980171203613281,0.00024020607260371896
NDVI_range_2020_autumn,-0.0017047325770060222,0.0010245259239594986
LBP_u8_1_2020_summer,-0.0017161965370178223,0.00021959341827097024
B07_min_2020_summer,-0.0017298062642415364,4.839822119228768e-05
B8A_mean_2021_summer,-0.0017496546109517415,0.00018901098908681037
B06_max_2020_summer,-0.001778105894724528,0.00014522365056571652
B12_q75_2021_summer,-0.0017948746681213379,0.00019351828799100214
LBP_u8_6_2021_spring,-0.001884003480275472,0.000553755222105601
B04_q75_2021_summer,-0.0019193291664123535,0.00014269138668944562
TC_bright_std_2021_autumn,-0.0019306540489196777,0.0003402301868222269
B07_q25_2020_autumn,-0.001958608627319336,0.00039643361854830976
B07_median_2020_autumn,-0.0019792517026265464,4.9636376077706375e-05
B12_median_2020_spring,-0.00198209285736084,0.0001751142873653196
NDVI_range_2021_spring,-0.0019935170809427896,0.0005466809266686569
B07_mean_2020_summer,-0.002019087473551432,0.00013161347428470574
B8A_min_2021_summer,-0.00204773743947347,0.000795406416087226
B8A_max_2021_summer,-0.0020508567492167154,0.00014626361530645576
B07_median_2020_summer,-0.002066453297932943,0.00039858040684982276
B08_min_2021_summer,-0.002084930737813314,0.00030557097011332503
B03_median_2021_spring,-0.002101937929789225,0.00047455850266358874
NDRE2_std_2021_autumn,-0.0021210908889770508,0.00022942807742882474
TC_bright_std_2021_spring,-0.0021510720252990723,0.0005935097139178777
NBR_mean_2020_autumn,-0.0021513899167378745,0.0008331533896956694
B12_median_2021_summer,-0.0021761655807495117,0.0002761171943369024
B05_mean_2020_spring,-0.0021907885869344077,0.00015387550867051788
B12_q25_2021_summer,-0.002194702625274658,0.0004047944852649505
B07_min_2020_spring,-0.002228120962778727,0.000584479066706053
B8A_q25_2021_summer,-0.0022296905517578125,0.0006711522720376355
NDRE2_q75_2020_autumn,-0.0022750099500020346,0.00127754434907161
LBP_u8_3_2020_summer,-0.002307434876759847,0.0013376428400160335
NDRE2_std_2020_autumn,-0.0023883183797200522,9.19758876748359e-05
B07_max_2021_summer,-0.0023998419443766275,0.0003849338667803514
B05_min_2021_summer,-0.0024628043174743652,9.332687864541849e-05
B04_q25_2020_spring,-0.002462883790334066,0.00027260154294903076
LBP_u8_4_2020_summer,-0.0024645328521728516,0.0004239172178245394
LBP_u8_4_2020_autumn,-0.0024676124254862466,0.0005281787503522907
B07_q25_2020_summer,-0.002469440301259359,0.000490574944847642
B04_min_2020_autumn,-0.0025190909703572593,0.00030277542016193923
LBP_u8_5_2021_autumn,-0.0025191307067871094,0.0004938719751456848
B12_mean_2020_spring,-0.002522548039754232,0.00041767959350986865
B03_median_2020_autumn,-0.0025279919306437173,0.00012202456564155113
B03_min_2020_spring,-0.0025574366251627603,0.0001549832429693819
B11_median_2021_summer,-0.002559324105580648,0.0004982281065196694
B06_min_2020_spring,-0.0026191274325052896,0.00022363323990220625
B11_min_2020_summer,-0.002623756726582845,0.0003188045768081119
B8A_max_2020_summer,-0.002686619758605957,0.0008607935247330118
B04_median_2020_summer,-0.0026911099751790366,0.0002772553702867729
NDRE2_q75_2020_summer,-0.0027103622754414878,0.0010033420560344557
B07_q25_2021_autumn,-0.002711216608683268,0.00019509150705666013
LBP_u8_9_2021_autumn,-0.0027147531509399414,0.0004164800670988669
TC_wet_mean_2021_autumn,-0.0027190446853637695,0.0004576591733156534
NDRE2_std_2020_spring,-0.002774953842163086,0.0010771333846577111
B08_min_2021_autumn,-0.0028674801190694175,0.0007507207262610857
B12_min_2020_spring,-0.002918541431427002,0.0004286122469359267
NDVI_range_2020_spring,-0.0029366215070088706,0.000573218659717867
B04_std_2021_summer,-0.0029390652974446616,0.0011585543977570892
B12_q25_2020_autumn,-0.0030505855878194175,0.0002350800758622335
B04_min_2020_summer,-0.003110607465108236,0.00024466771009037784
B8A_median_2020_summer,-0.0031164089838663736,0.0005749250196115996
B08_max_2020_summer,-0.0031810998916625977,0.00037156721246828727
B02_min_2020_autumn,-0.0032732089360555014,0.00017016958252382973
B12_min_2020_summer,-0.003304759661356608,0.00041041095553517187
B12_mean_2020_summer,-0.0033202568689982095,0.0002698889949236702
NDRE2_std_2021_spring,-0.0033295750617980957,0.0005619950674456785
B8A_q75_2020_summer,-0.0033919413884480796,0.0010821375099366924
B8A_mean_2020_summer,-0.0034386118253072104,0.00017456467128635012
B12_max_2021_autumn,-0.0035363038380940757,0.00031554878835866277
B06_min_2020_summer,-0.0036013126373291016,0.00011435838337476378
B11_q25_2021_spring,-0.0036409894625345864,0.00021557496434609693
B07_max_2020_summer,-0.0037235617637634277,0.000950890659519773
B04_mean_2021_spring,-0.0037860472997029624,0.00018140007080860328
NDVI_range_2021_summer,-0.0037864247957865396,0.0008681432428373403
B08_min_2020_spring,-0.003840625286102295,0.0014026599405832327
B08_min_2020_autumn,-0.003890653451283773,0.0013317665866323604
B05_max_2020_spring,-0.003932098547617595,0.00039189584603942094
B12_max_2020_autumn,-0.004043718179066976,0.000431727328845617
B05_min_2020_autumn,-0.004056135813395183,0.00020035582366192338
B12_q75_2021_autumn,-0.004099706808725993,0.0003272622222285406
B11_q25_2021_autumn,-0.004462937513987224,0.0001967778498362502
B12_mean_2020_autumn,-0.004592239856719971,0.00034686063565449225
B04_median_2021_spring,-0.004620969295501709,0.00027069241893738826
TC_wet_mean_2021_summer,-0.004713435967763265,0.00013981894845001416
B12_median_2020_autumn,-0.004804134368896484,0.0003946579763494269
NDVI_range_2021_autumn,-0.004960854848225911,0.0007477458559124584
B8A_q25_2020_summer,-0.0049767692883809405,0.0007555053419361638
B02_min_2020_summer,-0.005106290181477864,0.00028153195209467736
B12_mean_2021_autumn,-0.005398909250895183,0.0004382006828491885
B03_min_2021_summer,-0.005519012610117595,0.0005875321402199608
B11_min_2020_autumn,-0.005540927251180013,0.00034580766829081066
B04_min_2020_spring,-0.005678395430246989,0.00044598669075253476
B03_min_2020_summer,-0.005717794100443522,0.0002589084544139621
B02_min_2020_spring,-0.005764087041219075,0.001358387970770798
B8A_min_2020_summer,-0.005787889162699382,0.0021301051908502316
B05_min_2020_summer,-0.005926469961802165,0.00016744454628942775
B08_min_2020_summer,-0.006122072537740071,0.0012846239514765479
B12_q75_2020_autumn,-0.006435751914978027,0.0006142474607128783
B12_q25_2020_spring,-0.006637752056121826,0.0002621153182533474
B12_median_2021_spring,-0.006811598936716716,0.00026451871756841153
B03_min_2020_autumn,-0.006872256596883138,0.0005187202380257446
B12_q75_2021_spring,-0.006884137789408366,0.000569678318902929
B12_q25_2021_spring,-0.007465819517771403,0.0009533288130322365
B04_min_2021_spring,-0.008215645949045816,5.708980738773597e-05
B12_q25_2021_autumn,-0.008221765359242758,0.0001631686074766183
B12_max_2021_spring,-0.008465429147084555,0.0014109026416875591
B12_min_2021_spring,-0.00854569673538208,0.00045877725930063343
B12_mean_2021_spring,-0.009054303169250488,0.0006726422024201855
B04_min_2021_summer,-0.00908742348353068,0.0005622045251658152
B12_min_2020_autumn,-0.010269920031229654,0.000494721906081219
B03_min_2021_autumn,-0.01099987824757894,0.00017223440039897583
B04_min_2021_autumn,-0.012538770834604899,0.0008131040802903658
