feature,tree_cover,grassland,cropland,built_up,bare_sparse,water,abs_mean
SAVI_mean_2020_spring,0.03683709,-0.033173658,0.009019107,-0.019521426,-1.3268151e-05,0.006859048,0.017570602
B04_q25_2021_summer,0.010872526,-0.035274345,0.028595567,-0.0054675248,0.0006986923,0.0005831449,0.013581966
B04_q75_2021_summer,0.010645765,-0.02289296,0.026283821,-0.016617129,9.0115514e-05,0.0024756861,0.013167579
TC_green_mean_2021_summer,-0.023361403,0.030692723,0.006579844,-0.0128151225,0.0011622764,-0.002260334,0.01281195
SAVI_q25_2020_spring,0.023878261,-0.021104146,0.008854943,-0.0157663,-4.1867803e-05,0.004176239,0.012303625
B04_q25_2021_autumn,0.015301561,-0.0208551,0.019434454,-0.015822507,0.0015425383,0.0003886757,0.012224139
NBR_mean_2021_autumn,0.020753643,-0.0038984702,0.00813944,-0.032075115,0.00162875,0.0054637133,0.0119931875
B04_mean_2021_summer,0.011428779,-0.027082715,0.021968514,-0.008401838,0.00026895432,0.001820592,0.011828565
B8A_median_2020_summer,0.00831508,-0.016108718,0.0262811,-0.018561773,-0.0006918497,0.0007661885,0.011787451
B12_q25_2021_spring,-0.0039690626,-0.019118289,0.034548555,-0.011866487,0.0007133883,-0.000308025,0.011753966
NBR_mean_2021_summer,0.008201383,-0.0051862337,0.018716598,-0.02958993,0.00036461544,0.0074993707,0.011593021
SAVI_q75_2020_spring,0.018911552,-0.023662828,0.010896695,-0.011002232,0.00090811355,0.003951476,0.011555483
SAVI_mean_2021_autumn,0.02013892,-0.01779068,0.011138268,-0.016423956,-0.00015843706,0.0030930792,0.011457223
B8A_q25_2020_summer,0.006601392,-0.012165619,0.02718097,-0.020992776,-0.0006477771,2.6020081e-05,0.011269092
SAVI_median_2020_spring,0.02226608,-0.022926457,0.008097388,-0.010531534,0.0009547747,0.0021350067,0.011151875
B02_q25_2021_autumn,0.019036144,-0.019230034,-0.011325221,0.013938872,-0.002015681,-0.00040530536,0.010991876
NDRE1_std_2021_summer,-0.011695424,0.0014521288,0.026258748,-0.019945007,-0.0012857349,0.005214681,0.010975287
B8A_mean_2020_summer,0.008133437,-0.014456803,0.024481563,-0.017916676,-0.00038193836,0.00014286299,0.010918881
NDWI_q25_2020_spring,0.008406373,-0.012090919,0.014159219,-0.0200517,0.00018412438,0.009391006,0.01071389
B12_mean_2020_autumn,0.004011944,-0.009124288,0.024870854,-0.022897521,0.0007454166,0.0023834882,0.010672252
B12_q75_2020_autumn,0.005125922,-0.013943453,0.024010569,-0.017969195,0.00075661484,0.0020171567,0.010637152
SAVI_mean_2021_spring,0.018197661,-0.015954973,0.009468563,-0.015041158,-0.0006665242,0.0039858497,0.010552455
B04_median_2020_autumn,0.026133519,-0.018782487,-0.0031343433,-0.0097112,0.002638633,0.0028566613,0.010542807
B04_q25_2020_summer,0.0143614765,-0.02781275,0.014850298,-0.0033393025,-0.000119655466,0.0020601277,0.010423935
BSI_q25_2021_summer,-0.01085183,-0.0068680025,0.031099517,-0.01201834,-0.00057489733,-0.0007677732,0.010363393
B04_q25_2020_autumn,0.029134393,-0.020983199,-0.004185856,-0.0059013306,0.0007347135,0.0012136113,0.01035885
NBR_std_2020_summer,0.0072550005,-0.006036672,-0.024641188,0.023301413,0.0005041438,-0.0003834713,0.010353648
B12_q25_2021_autumn,0.007433285,-0.012274838,0.022690829,-0.018317604,-0.00040382746,0.0008644593,0.010330807
NDVI_mean_2021_autumn,0.01878007,-0.0058983243,0.009229456,-0.02489818,0.0012240862,0.0015599576,0.010265012
B12_q25_2020_autumn,0.0013251841,-0.00783818,0.026520079,-0.022852939,0.00019208065,0.0026497275,0.010229698
BSI_q75_2021_summer,0.0019696592,-0.008642895,0.026772838,-0.020755565,-0.0011849755,0.0018435906,0.01019492
B12_mean_2021_spring,-0.007856752,-0.012578307,0.028776074,-0.009868299,0.0007061126,0.0008187398,0.010100714
B03_q25_2021_autumn,-0.02105029,0.019250814,0.010286006,-0.008235803,0.00047264676,-0.0007327923,0.010004725
B04_median_2021_summer,0.013627279,-0.023737488,0.014425069,-0.006263585,4.5467867e-05,0.0018979192,0.009999468
TC_wet_mean_2020_autumn,0.019376013,-0.014985437,-0.013258435,0.009851464,0.00075531116,-0.0017466809,0.009995556
B12_mean_2021_autumn,0.008871212,-0.012671461,0.018755687,-0.017187083,0.00018566896,0.002058943,0.0099550085
B04_mean_2020_autumn,0.026286244,-0.017869774,-0.008510728,-0.0033983085,0.0020347699,0.0014525105,0.009925389
BSI_median_2021_summer,-0.002366143,-0.006399219,0.029333096,-0.020359293,-0.000652294,0.00043626898,0.009924386
BSI_mean_2021_summer,-0.007871924,-0.0075466693,0.029758167,-0.012568258,-0.0015943084,-0.00017674464,0.009919345
NDVI_mean_2020_autumn,0.010038378,-0.0040192357,0.015968304,-0.025705358,0.0016124167,0.0020976856,0.009906896
NDWI_std_2020_spring,-0.012232554,0.011156904,0.0027374064,-0.01742522,0.00034167545,0.01542187,0.009885939
NDWI_mean_2020_spring,0.0008686766,-0.008664499,0.015057768,-0.020829666,0.00025712344,0.013315313,0.0098321745
NDVI_mean_2020_spring,0.026492644,-0.012487947,-0.009148253,-0.007837867,0.0010903719,0.001893552,0.009825106
B04_median_2021_autumn,0.016918998,-0.017803764,0.009035597,-0.011538619,4.6851626e-05,0.0033464828,0.009781718
NDVI_median_2020_autumn,0.0038168665,-0.0018308964,0.022189528,-0.027361672,0.0013306256,0.0018599589,0.009731592
NDVI_median_2021_autumn,0.015467246,-0.005508326,0.011345687,-0.022974264,-0.0005224293,0.0022031078,0.009670177
B12_median_2020_autumn,0.006206079,-0.010050286,0.021831911,-0.018681912,0.000117221105,0.0005879652,0.009579229
SAVI_mean_2021_summer,0.024502506,-0.011130129,0.00077245367,-0.017372949,-0.0001016053,0.0033214563,0.009533516
B02_min_2021_autumn,0.016171278,-0.007167983,-0.019813614,0.008954911,-0.0010660167,0.0029212427,0.009349175
NBR_mean_2020_autumn,0.023069888,-0.0078312615,3.321534e-05,-0.02012458,0.0008382932,0.0040084617,0.009317617
NDVI_q75_2020_spring,0.024596155,-0.012726968,-0.0072700223,-0.00794815,0.0010292478,0.0023215797,0.009315354
B04_min_2021_summer,0.0039674044,-0.011091128,0.021510422,-0.016526133,0.0023974993,-0.0002573573,0.009291657
B03_q25_2020_spring,0.022965854,-0.020061273,0.0043139206,-0.006214292,0.00041727285,-0.0014223964,0.0092325015
B12_median_2021_autumn,0.009421622,-0.01228232,0.015322322,-0.015189867,0.0014678447,0.0012567255,0.009156784
B08_q25_2021_autumn,-0.016188728,0.016913194,-0.01116476,0.0077715963,0.0009762243,0.0016891161,0.009117271
B04_q25_2021_spring,-0.0016770044,-0.018622722,0.026259523,-0.0070298,0.0004902454,0.0005810267,0.009110054
B11_mean_2020_autumn,-0.014167367,0.02662741,-0.012377815,-0.00062868034,-3.5892714e-05,0.00057562377,0.009068797
SAVI_mean_2020_summer,0.024255132,-0.017523542,-0.0020381166,-0.007520707,0.00023446423,0.0025973949,0.009028227
SAVI_std_2021_summer,-0.007484729,0.003523362,-0.014182052,0.021792287,0.0017319741,-0.00538298,0.009016231
TC_wet_mean_2020_spring,-0.009891292,-0.0074866926,0.024952397,-0.009183982,-0.0004531966,0.0020623542,0.009004986
B11_q25_2020_spring,-0.003879407,0.02298904,-0.023014063,0.0023433198,0.00017981723,0.0013788863,0.008964089
B8A_min_2020_summer,0.009723478,-0.012382912,0.017109279,-0.0133111905,-0.00057469466,-0.000567529,0.008944848
B04_q75_2020_autumn,0.022594495,-0.0111198295,-0.012205022,-0.0033996948,0.0022809703,0.0018514039,0.008908569
B12_median_2021_spring,-0.008556211,-0.010954281,0.024419744,-0.006891714,0.00036525482,0.0016178774,0.0088008465
B02_mean_2021_summer,0.0011396075,0.0044097803,-0.02333283,0.020714056,-0.001614975,-0.0013193988,0.008755107
B11_q25_2020_autumn,-0.013709155,0.02366408,-0.007752704,-0.004481933,-0.00015289045,0.0024341282,0.008699148
B04_q75_2021_autumn,0.020382373,-0.018274296,0.0025761584,-0.0078120357,0.00067586545,0.0024530306,0.008695626
NDVI_q75_2020_autumn,0.005529868,-0.0042944984,0.016109208,-0.021554772,0.00047678818,0.0037207822,0.008614319
B12_q75_2021_autumn,0.011888139,-0.013999146,0.0102924425,-0.011820475,0.0013416766,0.002288418,0.008605049
NBR_q75_2020_autumn,0.022942884,-0.010008297,-0.0032658733,-0.0124893915,6.628442e-05,0.0027562913,0.00858817
B03_q25_2021_summer,-0.018889552,0.020311788,0.004713622,-0.0064529753,-0.00038720356,0.0007203136,0.008579242
B02_std_2020_spring,-0.008106267,0.0032219272,0.021946609,-0.015910018,0.00024170084,-0.0013937043,0.008470038
TC_wet_mean_2020_summer,0.020877395,-0.018765615,0.0035867777,-0.006116996,0.0009022467,-0.00047885836,0.008454649
B8A_mean_2021_summer,0.008231634,-0.009446992,0.017105574,-0.013211407,-0.00025786707,-0.0024288564,0.008447055
B08_median_2021_spring,-0.019334134,0.022348607,-0.005991581,0.0020611198,7.167124e-06,0.0009059904,0.008441434
NDVI_median_2020_spring,0.019626653,-0.012732707,-0.0023370807,-0.01019082,0.0017007987,0.003937865,0.008420988
B08_q75_2021_spring,-0.010467873,0.015598932,-0.014782777,0.007331852,0.0014429557,0.0008767521,0.008416857
B11_median_2020_autumn,-0.009693039,0.024829907,-0.015428981,-2.2703967e-05,0.00015642267,0.00015342524,0.0083807465
B8A_q75_2021_summer,0.005751635,-0.006264452,0.019214178,-0.01772289,-0.0004114137,-0.0005644838,0.008321508
B12_min_2021_summer,-0.00058106956,0.002980012,-0.022776369,0.021468723,0.00039653195,-0.001485113,0.008281303
TC_green_mean_2020_autumn,-0.0022782865,-0.006611674,0.023184638,-0.015779415,0.00014369287,0.001350199,0.00822465
NBR_std_2021_summer,0.009908614,0.008519063,-0.017325478,0.0046980456,0.0015141913,-0.007313025,0.008213069
B04_mean_2021_autumn,0.01714901,-0.015728232,0.005711748,-0.008796701,0.0011831326,0.0004958245,0.008177442
B8A_q75_2020_summer,0.0091938395,-0.01094436,0.014786335,-0.013184736,0.00047582824,-0.00032757342,0.008152111
NBR_q75_2021_summer,0.0067612315,-0.0021520108,0.012378997,-0.022068229,-0.0001689895,0.005235683,0.008127524
NDWI_std_2021_summer,0.013847159,-0.0029353618,-0.02142701,0.0021468555,0.0015768573,0.0067867963,0.008120006
NDWI_median_2021_summer,0.015064865,-0.004735531,-0.0060638054,-0.013450486,0.002039839,0.0071548806,0.008084902
B07_std_2021_summer,-0.012143449,-0.006058289,0.022906408,-0.005768259,-0.00027558426,0.0013377778,0.008081628
NDRE2_mean_2021_summer,-0.017042931,-0.0024935747,0.009662471,0.014521727,-0.00048019466,-0.004166904,0.008061301
NBR_q25_2021_summer,0.0043165656,-0.0046263477,0.012585884,-0.01946968,7.423629e-05,0.0071199825,0.008032116
B12_median_2020_summer,0.00936719,-0.019502822,0.014628565,-0.003675503,-0.0005430527,-0.00027444764,0.007998596
NDVI_mean_2020_summer,0.016671916,-0.0060613453,0.0044320873,-0.017869417,0.0014407855,0.0013972741,0.007978804
NDWI_median_2020_spring,0.0024261803,-0.008457436,0.014889538,-0.015237661,-0.00018263875,0.0065595717,0.007958838
B04_median_2020_summer,0.0131239835,-0.016332325,0.0069684014,-0.007510309,0.002175118,0.0015796938,0.007948305
B02_q25_2021_summer,0.0010906692,0.0021043175,-0.020789953,0.020630276,-0.001173999,-0.0018771269,0.00794439
NDWI_q75_2020_spring,-0.0026659262,-0.005005299,0.012070381,-0.01575755,-0.00024550073,0.011602139,0.0078911325
B12_mean_2020_summer,0.007690831,-0.019031528,0.014114371,-0.004521737,0.00014193387,0.0016087058,0.007851518
BSI_median_2020_summer,-0.0022185622,0.006906309,0.016094292,-0.021121582,-0.0002001285,0.00053420017,0.007845846
NBR_median_2020_autumn,0.02065961,-0.007395312,-0.005521112,-0.01057665,0.00061669457,0.0022244405,0.007832304
SAVI_q75_2021_spring,0.009431993,-0.011641297,0.009925187,-0.010906284,-0.0008315228,0.0040126056,0.0077914814
B11_mean_2020_spring,-0.006218313,0.021497628,-0.016153162,-0.0006814365,-7.203206e-05,0.0016268771,0.0077082417
NDWI_median_2021_autumn,-0.0011682472,-0.0016695007,0.016560625,-0.020214807,0.0020175648,0.0044674743,0.0076830364
BSI_mean_2021_autumn,-0.01786187,0.0056048734,-0.003982113,0.014613366,-0.0011716102,0.0027951438,0.0076714964
B05_std_2021_summer,0.0025906325,-0.016927188,0.009777525,0.010617868,-7.506328e-05,-0.005979703,0.00766133
NDVI_q25_2020_autumn,0.004426264,-0.0017886407,0.015752124,-0.021179264,0.000643801,0.0021518408,0.007656989
NDVI_median_2020_summer,0.011767978,-0.004835141,0.008711269,-0.018130127,0.0013445753,0.0011274081,0.00765275
B07_mean_2021_spring,0.010964027,-0.021313077,0.003997261,0.007943081,-0.0005326499,-0.0010587515,0.0076348074
NDVI_q25_2020_spring,0.019278944,-0.009360569,-0.00491096,-0.008598467,0.0008469921,0.0027402379,0.007622695
B12_q75_2021_spring,-0.003835739,-0.010632994,0.019495536,-0.008160862,0.0011469541,0.0019803105,0.0075420663
TC_bright_std_2020_spring,0.017537039,-0.0064858543,-0.008887051,-0.0066450885,-0.0005478633,0.005028964,0.0075219763
B08_mean_2021_autumn,-0.01198743,0.014883667,-0.010532476,0.005038923,0.00031308338,0.0022924312,0.007508002
B03_median_2021_autumn,-0.014087033,0.017136013,0.0049762074,-0.0056546805,0.00027015863,-0.0026419298,0.0074610044
BSI_std_2021_summer,0.02074398,-0.005790566,-0.0028086968,-0.01316987,-0.00060141704,0.0016295951,0.0074573546
B02_q25_2020_spring,-0.0009961842,0.004269605,-0.016628552,0.01808916,-0.0017444559,-0.0029869932,0.007452492
NDWI_q25_2021_summer,0.008023607,0.0047225906,-0.016522173,-0.005726683,0.001882402,0.007620392,0.0074163075
B05_min_2021_summer,-0.013595408,0.018742193,-0.00834952,0.0026468716,0.00082152785,-0.00026197627,0.0074029155
B08_median_2021_autumn,-0.013978817,0.013542752,-0.008167309,0.0057785017,0.0007980666,0.002030028,0.007382579
B08_mean_2020_autumn,-0.009866577,0.011974464,-0.012199884,0.009880615,-7.909196e-05,0.00028984557,0.007381747
B08_std_2021_spring,0.0015029397,0.009148146,-0.01850526,0.01007813,0.0013793383,-0.0036033317,0.007369524
B11_q25_2020_summer,-0.009247879,0.016918058,-0.012657039,0.0034068294,-0.00020069124,0.0017837143,0.0073690354
NDRE1_q25_2020_spring,0.0015912652,0.00073849206,-0.017379994,0.019741777,-0.00033828334,-0.0043596425,0.0073582423
SAVI_std_2021_spring,-0.0043557286,-0.009552884,0.01372624,0.008091577,-0.0020659408,-0.0058447532,0.007272854
TC_bright_std_2021_summer,-0.0063284338,0.013978446,-0.0091313645,-0.006282127,0.0013209293,0.0064455746,0.0072478126
B03_q25_2020_summer,-0.015098276,0.016458903,0.003625565,-0.006397658,-0.00023708437,0.0016493488,0.007244473
B02_median_2021_summer,0.0015060419,0.0038987615,-0.019410694,0.01610049,-0.00042720124,-0.0016742513,0.007169573
B02_mean_2021_autumn,0.0086501315,-0.0024699226,-0.014737877,0.012852177,-0.0012658525,-0.0030210784,0.007166174
NDVI_q75_2021_autumn,0.01014742,-0.004070866,0.0078076287,-0.017401638,0.00060780894,0.0029069432,0.0071570505
B03_median_2020_spring,0.01931393,-0.018014548,0.0011398749,-0.0024011596,0.0010009193,-0.0010422812,0.0071521183
NDVI_mean_2021_summer,0.012543206,0.003815129,0.0035115287,-0.021440249,0.0005857883,0.0009863672,0.0071470444
B04_q75_2020_summer,0.015403589,-0.012116278,0.0020749134,-0.0092980685,0.0015205089,0.0024182624,0.007138603
NDBI_mean_2020_autumn,0.0026785755,-0.0044667874,-0.01204446,0.01844701,0.00028892752,-0.0048937695,0.0071365875
NDMI_mean_2020_autumn,-0.0026785166,0.004466793,0.012044353,-0.018446963,-0.0002889353,0.0048937765,0.007136556
NDWI_q25_2021_autumn,5.64971e-05,0.0008841135,0.011740577,-0.021306891,0.0011247243,0.0075160833,0.0071048145
NDWI_q75_2021_autumn,-0.009693362,0.003124566,0.013510257,-0.011574516,0.0009018496,0.0037330445,0.0070895986
B05_q25_2021_summer,-0.013581145,0.018880682,0.0023720781,-0.0061043636,-0.0005715999,-0.000998646,0.007084753
B04_min_2021_autumn,0.006515071,-0.006172882,0.012708718,-0.013720688,0.0019975274,-0.0013284821,0.0070738946
B02_median_2021_autumn,0.016804334,-0.006989525,-0.012145916,0.0038427678,0.00052834145,-0.0020459169,0.0070594675
B03_min_2021_autumn,-0.0065741264,-0.0044938456,0.01708814,-0.010103678,0.0005935604,0.0034873735,0.0070567876
B11_min_2021_summer,0.010753446,-0.005970551,0.010360961,-0.013919765,-0.0010602549,-0.00016937668,0.0070390594
NBR_q75_2021_autumn,0.01247313,-0.0011250576,0.0035470792,-0.019955767,0.0006119994,0.0044565583,0.007028265
B08_mean_2021_spring,-0.01415913,0.017885406,-0.0068058358,-9.569153e-05,8.2904226e-05,0.0031000804,0.0070215077
BSI_q25_2020_spring,0.011513379,-0.01285312,0.006949919,-0.007363537,-0.00081123476,0.002564631,0.007009303
B8A_median_2021_summer,0.005295234,-0.0059543634,0.015270263,-0.0130887525,0.0003315155,-0.0018584307,0.006966427
NDRE1_std_2021_spring,-0.0019790705,0.00078125455,0.020114388,-0.01700586,-0.00090121536,-0.0010072638,0.006964842
B08_q75_2021_autumn,-0.012268026,0.01071148,-0.0078063025,0.010086919,-1.8210552e-05,-0.00070920744,0.006933357
BSI_q25_2020_summer,-0.010746995,0.0027367605,0.017526934,-0.009715717,-0.00031405222,0.0005150909,0.0069259256
B08_mean_2020_spring,-0.012839129,0.01562001,-0.0057447567,-0.0021689632,0.00023938653,0.004890266,0.0069170855
B12_q25_2020_spring,-0.0018422712,-0.008166455,0.020235434,-0.010079347,-0.0006076072,0.000462693,0.0068989675
NBR_q25_2021_autumn,0.01239764,-0.0035565402,0.0037609707,-0.017148241,0.0011500489,0.0033767435,0.0068983645
B04_std_2020_spring,0.0080203535,-0.008244234,-0.012400409,0.009722127,0.0009695326,0.0019346813,0.0068818894
NDWI_std_2021_spring,-0.0032414556,0.008742597,-0.012778064,-0.004606294,0.0013943256,0.010489181,0.0068753194
SAVI_std_2020_spring,0.001255199,-0.011700124,0.011044468,0.008322167,-0.0011117306,-0.007811214,0.006874151
B02_q25_2021_spring,-0.0047358396,0.011416348,-0.013364604,0.009189141,-0.00090522907,-0.0016114681,0.006870439
B12_q75_2020_summer,0.0111212125,-0.018054258,0.008196531,-0.002508024,0.00029634536,0.00095147884,0.006854642
BSI_std_2021_autumn,0.016541934,0.003973042,-0.009371494,-0.010077399,-1.6804275e-05,-0.001054175,0.0068391412
B08_std_2021_autumn,0.010009288,-0.01156446,0.010483114,-0.0073829493,-0.0007275081,-0.00081712444,0.0068307403
B07_median_2021_spring,0.011103833,-0.019929955,0.0038670679,0.0047475263,-0.00055731967,0.000777591,0.0068305484
NDRE1_std_2021_autumn,-0.008652927,0.011050483,0.009202898,-0.010009425,0.00017579689,-0.00176633,0.006809643
NBR_median_2021_summer,0.00249403,-0.00212648,0.013802329,-0.01803952,-0.00023841656,0.0040928777,0.0067989416
B11_q75_2020_autumn,-0.013511777,0.01995286,-0.0057687354,-0.0011135817,0.00043678549,7.926067e-06,0.0067986115
NDWI_mean_2021_autumn,-0.012399644,0.00602915,0.005289831,-0.007946347,0.0004236307,0.008607016,0.0067826025
TC_wet_std_2021_summer,-0.002277958,-0.0059971623,0.01813764,-0.011579846,-0.00048580143,0.0022051584,0.006780594
NDRE1_median_2020_spring,-0.0010809123,0.0035189658,-0.015747305,0.0166774,0.0001049442,-0.003474446,0.006767329
NDWI_median_2021_spring,0.0018741206,-0.0022766802,0.014185341,-0.017982822,0.0002609078,0.0039326325,0.0067520845
B03_mean_2021_autumn,-0.013709526,0.01230626,0.007855317,-0.0023347395,6.204981e-05,-0.0041834917,0.0067418963
B07_q75_2021_spring,0.009516601,-0.019408314,0.008482378,0.0019262477,6.810298e-05,-0.00059045013,0.006665349
B08_q75_2020_spring,-0.013047101,0.01549965,-0.0064522983,0.0020494158,-0.00040833605,0.0023579414,0.0066357907
NDRE1_std_2020_summer,0.0014495722,-0.0034992434,0.018353045,-0.015867952,8.870752e-05,-0.00052543014,0.0066306577
B12_median_2021_summer,0.007947645,0.004077443,-0.019885117,0.003917422,0.0016614307,0.0022771633,0.006627703
B02_min_2021_summer,-0.0020640283,0.011386229,-0.014812926,0.007966699,-0.0029906773,0.00051564,0.0066227
NDWI_q25_2021_spring,0.0041708546,-0.00082657055,0.0064783744,-0.018953575,0.0007341899,0.0083911475,0.006592452
B06_std_2021_spring,-0.012283203,0.006574572,0.010557112,-0.0074374303,0.00047365576,0.0021149863,0.006573493
B04_min_2020_spring,-0.013999417,0.011292078,0.0077617774,-0.0053543714,-0.00035537017,0.00065560767,0.0065697697
BSI_q75_2020_summer,-0.0050096028,0.0039959913,0.014478361,-0.01445589,-0.00022538079,0.0012173818,0.006563768
NBR_q25_2020_autumn,0.015119533,-0.0034982779,-0.005550238,-0.010583909,0.00083725306,0.0036700063,0.006543203
B03_std_2021_summer,0.009974479,-0.0014687512,-0.012617586,0.0082934145,0.0013593059,-0.005540823,0.0065423925
NDVI_median_2021_summer,0.008476235,0.0021090803,0.0077196197,-0.019514155,-7.858884e-05,0.0012807611,0.0065297396
B11_mean_2020_summer,-0.007931666,0.014384086,-0.011109124,0.0043466287,-0.00051716395,0.0008260451,0.006519119
BSI_mean_2020_summer,-0.009810282,0.004393243,0.013019214,-0.00889946,-0.0008179584,0.0021137104,0.006508978
NDWI_mean_2021_summer,0.005100753,0.003590313,-0.019506002,0.00047500935,0.0012404161,0.009099032,0.006501921
B08_std_2021_summer,0.011137289,0.0012494628,-0.014949566,0.007112261,-0.00061382,-0.003936061,0.006499743
SAVI_median_2021_spring,0.011886403,-0.007685727,0.007085327,-0.011385384,-0.00039343885,0.0005003706,0.0064894413
B11_min_2021_spring,0.0062967585,0.00812315,-0.018915532,0.003110269,-0.0005126274,0.0019014606,0.006476632
NDBI_std_2020_summer,-0.01410118,0.0070599183,0.009582641,-0.0052367114,-4.4449476e-05,0.0027363144,0.0064602024
NDMI_std_2020_summer,-0.014099973,0.0070604184,0.009581701,-0.0052364254,-4.44119e-05,0.0027360276,0.0064598266
B02_std_2021_autumn,-0.013890393,0.012584117,0.006782257,-0.0048431717,-0.0005596274,-7.65352e-05,0.006456017
B08_median_2020_autumn,-0.007485479,0.009510646,-0.00968299,0.009056509,0.0007816387,-0.0021801095,0.006449562
NDVI_q25_2021_autumn,0.00951937,-0.0014616239,0.0069322004,-0.017807728,0.00030787807,0.002510828,0.006423271
B8A_std_2020_autumn,0.007460977,0.0021568732,-0.019267391,0.00817207,8.295361e-05,0.0013954227,0.0064226147
TC_wet_mean_2021_spring,-0.0058524283,-0.010218993,0.018880775,-0.0013317679,0.00035187716,-0.0018314251,0.00641121
B04_mean_2020_summer,0.012049242,-0.015873298,0.0039051555,-0.0033374398,0.0015926879,0.0016558792,0.006402284
B07_q25_2020_spring,-0.012600461,-0.005990792,0.018575849,-0.00027299012,-0.0003407484,0.0006314746,0.0064020525
B02_std_2021_spring,0.0009823192,-0.0045314515,0.018100787,-0.010728623,-0.0027326017,-0.001096266,0.006362008
B06_mean_2021_spring,-0.00805066,0.011427669,-0.008169803,0.007597307,-0.00018975962,-0.0026178674,0.0063421777
NBR_q75_2021_spring,0.0073263953,0.00947986,-0.015208808,-0.0038104649,0.00079154794,0.0014141797,0.006338543
NDRE2_std_2020_autumn,0.0030049654,0.005732591,-0.018098583,0.009679439,0.0005892242,-0.00090794655,0.0063354583
B02_q75_2021_autumn,0.006063126,-0.0015331316,-0.01241909,0.01294104,-0.0016679354,-0.0033870048,0.006335221
TC_green_mean_2021_autumn,-0.016789189,0.005244194,0.012342695,-0.0021582935,-1.30621365e-05,0.0013679896,0.0063192365
B11_median_2020_spring,0.0012295444,0.015312632,-0.014118651,-0.0044728233,-0.0003652055,0.0024134412,0.006318716
NDRE2_mean_2020_summer,-0.010958107,0.0014308282,-0.0065766037,0.017502904,-1.5273346e-05,-0.0013884042,0.00631202
TC_green_mean_2020_summer,-0.009864209,0.0018341861,0.016491499,-0.008476895,-0.00053983397,0.00054907677,0.006292617
B08_q25_2021_summer,-0.0064153383,0.012774311,-0.012383465,0.0033192418,-3.2242406e-05,0.0027418104,0.0062777344
NDVI_q75_2021_summer,0.008423053,0.006357296,0.0019114439,-0.018063676,-0.0007593995,0.0021435928,0.00627641
SAVI_std_2020_summer,-0.010921514,0.0059934673,-0.002329509,0.012813186,-0.00029910155,-0.005255304,0.00626868
B05_median_2021_summer,-0.014007265,0.009838005,0.0075103194,-0.0037522565,0.0014326165,-0.0010128117,0.0062588793
B07_q25_2021_spring,0.003983602,-0.018596668,0.008241408,0.0063465224,-0.00017176624,0.00020206817,0.0062570055
B12_std_2020_spring,0.002019072,0.004569705,-0.018762197,0.01125093,0.00040915917,0.00051248854,0.0062539256
B07_std_2021_spring,0.0070004044,-0.012472436,0.010328648,-0.005925458,-0.00030853093,0.0013768196,0.006235383
SAVI_std_2021_autumn,0.0027180878,-0.008284208,0.015790716,-0.0077151135,0.00017971426,-0.0026854102,0.006228875
SAVI_mean_2020_autumn,0.010813068,-0.010761999,0.007857276,-0.0076071336,-7.0533904e-05,-0.00021506785,0.006220847
NDVI_q25_2021_summer,0.007873906,0.00478384,0.00454228,-0.018016392,-0.0003464914,0.0011739002,0.006122802
B04_max_2021_summer,-0.004692646,-0.004318087,0.016908046,-0.007730864,-0.0015934862,0.001417503,0.006110105
SAVI_q25_2021_spring,0.01555136,-0.007961671,0.0024620716,-0.0098186005,0.00030365595,-0.00054294086,0.006106717
B05_q25_2020_autumn,0.011763901,-0.011787842,0.0051760892,-0.005346547,-0.0011880888,0.0013771973,0.0061066113
NDRE2_mean_2020_spring,-0.012874735,-0.0017598722,-0.0015134647,0.01831292,-9.1635855e-05,-0.0020676681,0.006103382
NDMI_mean_2021_spring,-0.008632617,-0.0016373206,0.017473195,-0.006985943,-0.0010488443,0.0008391423,0.0061028437
NDBI_mean_2021_spring,0.008632613,0.0016373217,-0.017473197,0.00698594,0.0010488447,-0.00083914195,0.0061028427
B04_median_2021_spring,0.0018211013,-0.0132293105,0.012249736,-0.005077196,0.0022272114,0.0020022471,0.006101134
SAVI_q25_2020_summer,0.01735337,-0.0074189887,-0.008831136,-0.001985436,0.0004045256,0.00047971812,0.006078862
BSI_q25_2021_autumn,-0.017806605,0.0025168401,0.0064331233,0.0052109757,-0.00037489872,0.004014057,0.006059416
NDMI_mean_2020_summer,-0.008076896,0.0063651106,0.011785421,-0.009266989,2.391229e-05,-0.0008350744,0.006058901
NDBI_mean_2020_summer,0.008076886,-0.0063651092,-0.011785423,0.009266993,-2.3912284e-05,0.0008350743,0.0060588997
TC_wet_std_2020_spring,0.012476578,-0.011868882,-0.0042198696,0.0056229904,-0.0003487762,-0.001662711,0.006033302
B11_median_2020_summer,-0.007222881,0.013013626,-0.0100629795,0.0046090456,-0.0008064808,0.00047119442,0.0060310345
B8A_q25_2021_summer,0.0030313614,-0.0042661936,0.015053308,-0.0119142635,-0.00016402567,-0.0017393768,0.006028088
B03_min_2020_autumn,-0.0009790113,-0.009427543,0.017512998,-0.0076360973,-3.531089e-06,0.0005349362,0.0060156863
B08_q25_2020_spring,-0.017987395,0.013445148,0.0014545727,0.000592562,0.00041985503,0.0020766854,0.005996037
TC_green_mean_2020_spring,-0.0015070547,-0.0044699917,0.01797521,-0.01088538,-0.0004519048,-0.0006648765,0.005992402
B04_min_2020_summer,0.0023978334,-0.012494037,0.015555441,-0.000845766,-0.0016936071,-0.002917156,0.0059839734
B11_median_2021_autumn,-0.008153068,0.014777479,-0.006355421,-0.0034421769,0.0018562942,0.0013156848,0.005983354
B02_mean_2020_summer,-0.002760946,0.0077456823,-0.012787616,0.010194494,-0.000903594,-0.0014925288,0.0059808106
B05_median_2020_autumn,0.008470339,-0.008380247,0.007088455,-0.009541577,0.0007893595,0.0015768402,0.0059744697
B05_mean_2021_summer,-0.010053556,0.008904794,0.00890768,-0.0059509287,0.000110509674,-0.0019128397,0.005973385
B11_median_2021_spring,0.00773161,0.006526509,-0.016527599,-0.0013610644,9.480235e-06,0.0036284302,0.0059641153
B8A_median_2020_spring,-0.01065473,0.012017041,0.0055302703,-0.006584731,-0.00062478194,0.00031771412,0.0059548784
B06_mean_2021_summer,0.0015122269,0.004055977,-0.01310838,0.012104583,0.000107422704,-0.0046842596,0.0059288074
NDWI_median_2020_summer,0.012797224,-0.0052400827,-0.0030370518,-0.0094745485,0.0011352565,0.003822554,0.005917786
B03_q25_2020_autumn,-0.009149085,0.011295075,0.005196958,-0.008558607,0.0011108496,0.000103068516,0.005902273
B06_q25_2021_spring,-0.011598246,0.012235666,-0.004297179,0.0054563107,-6.126221e-05,-0.0017343101,0.005897162
B03_median_2021_summer,-0.00962113,0.017692497,-0.005070827,-0.00028629787,-0.0006074664,-0.002100051,0.0058963783
LBP_entropy_2021_autumn,0.00554952,0.004844288,-0.01623678,0.0072703296,-8.1865524e-05,-0.0013444319,0.0058878693
BSI_median_2020_spring,0.008694512,-0.008367558,0.005760454,-0.008207282,-0.0010772359,0.0031951256,0.005883694
NDVI_q75_2020_summer,0.011195428,-0.0012988508,0.0022322,-0.016323905,0.0009114264,0.0032840918,0.005874317
BSI_mean_2020_spring,0.0070677707,-0.016597329,0.0074807615,-0.0007400643,-0.00026477093,0.0030555588,0.005867709
B08_median_2020_spring,-0.015965635,0.015292674,0.00081226433,-0.0016007113,0.00046740417,0.0009945661,0.005855543
B02_median_2020_spring,-0.0044530975,0.0028014362,-0.0072956993,0.014757504,-0.0024543053,-0.0033553112,0.005852893
B8A_q25_2020_autumn,0.010183002,-0.007052378,0.0070201405,-0.009677208,0.00029886444,-0.0007746954,0.0058343816
NDRE1_mean_2021_summer,0.007255365,-0.0150330635,0.007392065,0.0021478613,0.000609398,-0.0023625325,0.0058000474
B03_mean_2020_spring,0.016224656,-0.013015231,0.0011592298,-0.002492393,-1.5833753e-05,-0.0018623865,0.0057949554
B03_median_2020_autumn,-0.0118784215,0.0063871196,0.010976482,-0.004355919,-0.000569507,-0.0005734245,0.0057901456
B07_mean_2020_spring,-0.010260634,-0.0046130945,0.017352486,-0.0009069145,-0.0005116436,-0.0010619133,0.005784447
B12_min_2021_spring,-0.005169223,-0.012134181,0.016947899,0.00027884854,0.00010530127,-2.595078e-05,0.005776901
B04_mean_2021_spring,0.0054166517,-0.013086781,0.008671399,-0.004220137,0.0026033684,0.00059868343,0.00576617
NDRE1_mean_2021_autumn,0.013036659,-0.009663209,0.003123606,-0.0069944384,0.0011246994,-0.0006261835,0.0057614655
NDRE1_q75_2021_summer,0.00066469685,-0.014552692,0.016583314,-6.810599e-05,-0.0004535112,-0.002159758,0.005747013
B07_max_2020_summer,-0.009174271,0.007327108,0.009099564,-0.0075089885,-0.000547407,0.00080495374,0.0057437145
B03_min_2021_summer,-0.014888329,0.005619801,0.009060302,-0.0023332424,0.0017441496,0.00079683634,0.0057404437
B8A_std_2021_autumn,-0.0004999184,0.00848362,-0.016213369,0.0063281683,-0.00043020057,0.002334088,0.005714894
B11_mean_2021_autumn,-0.006218721,0.015430736,-0.008580752,-0.0023061296,0.00062173064,0.0010668054,0.005704146
B05_mean_2020_autumn,0.008777668,-0.009938559,0.0072930492,-0.0071618697,0.0009165563,0.00012198075,0.005701614
NDWI_q75_2021_summer,0.009880905,-0.0014710565,-0.014568041,-0.001057158,0.0023093175,0.004902783,0.00569821
B12_min_2020_spring,-0.0064951554,-0.009120855,0.014153224,0.0026681707,-0.0014577666,0.00025117025,0.005691057
B02_q75_2021_summer,-0.0009870452,0.0070619555,-0.0153839495,0.009692699,-0.00069602556,0.00031243562,0.005689019
NBR_median_2021_autumn,0.007789705,-0.00027204343,0.004364966,-0.016776938,0.0019369402,0.002950578,0.0056818617
TC_wet_std_2020_summer,-0.01033368,0.012761745,-0.0048825447,0.0042622914,-8.054627e-05,-0.0017278732,0.0056747794
B04_std_2021_summer,-0.0023110905,0.0007717336,0.012969208,-0.014707958,0.00091790844,0.002363497,0.0056735654
B08_q25_2020_autumn,-0.012958689,0.0062242756,-0.0036406417,0.009154781,-0.0003924442,0.0016034909,0.0056623872
B06_median_2021_summer,0.006262823,0.0015911121,-0.014066592,0.008720045,0.00040929258,-0.0029117274,0.005660265
B11_q75_2021_autumn,-0.0024509903,0.013551921,-0.010725802,-0.0038038194,0.0012978108,0.0021222285,0.005658761
B12_q25_2020_summer,0.006052335,-0.014671725,0.009496527,-0.0022046906,0.00032039467,0.0010091945,0.005625811
B07_median_2021_autumn,-0.010306899,-0.005624579,0.009504307,0.006305923,-0.00079700176,0.0009297507,0.005578077
B04_min_2020_autumn,0.015047884,-0.013184381,0.0016521486,-0.0013140735,-5.3269505e-05,-0.0021507568,0.005567085
B08_mean_2021_summer,-0.0005741761,0.008795312,-0.01599422,0.0044084974,-0.000100033474,0.003463266,0.005555917
B02_min_2020_summer,0.0067879832,0.0042655985,-0.014241737,0.005143798,0.00044700713,-0.0024032523,0.0055482294
B08_median_2021_summer,-0.004328377,0.00867079,-0.011415078,0.0076878644,0.00024954937,-0.0008700867,0.005536957
B06_q25_2021_summer,0.003962704,0.0063719936,-0.013031401,0.006205746,6.4695625e-05,-0.0035738363,0.0055350624
B8A_q25_2020_spring,-0.009817945,0.0077604144,0.008795971,-0.0062778504,-1.5046984e-05,-0.00044831255,0.0055192565
B11_q75_2020_spring,-0.0043451996,0.011173891,-0.011320132,0.004960058,-0.0008628904,0.00039264056,0.005509135
B05_min_2021_spring,-0.00095331186,0.004353395,-0.012075951,0.011322882,0.00083470775,-0.0034811297,0.005503563
NDBI_std_2021_autumn,-0.0112873,-0.00061557384,0.015015006,-0.003740523,-0.0007660104,0.0013981869,0.005470433
NDMI_std_2021_autumn,-0.011287296,-0.00061560614,0.015014978,-0.0037404993,-0.00076601084,0.0013981865,0.005470429
B11_mean_2021_spring,0.006167199,0.007827151,-0.015142319,-0.0011620497,-6.109358e-05,0.0023621044,0.005453653
B07_std_2020_summer,-0.005415215,0.0014672611,0.013645957,-0.0102307405,-0.0007038433,0.0012365011,0.0054499204
NDVI_q75_2021_spring,0.013619249,-0.0014246021,-0.009178632,-0.005741961,0.0011314263,0.0015990799,0.0054491586
SAVI_median_2020_autumn,-0.0071136206,0.002407343,0.013906797,-0.006845026,-0.00015910895,-0.002198578,0.005438412
B03_q75_2020_spring,0.015929995,-0.008116397,-0.0038419315,-0.0025950396,0.000350652,-0.0017287094,0.0054271203
BSI_std_2020_autumn,0.001744763,-0.004063306,0.013322855,-0.011748424,-0.00046989223,0.0012109939,0.0054267063
NDRE2_median_2021_spring,0.009608937,-0.00036310081,0.0065951436,-0.015355041,3.8065136e-05,-0.0005187488,0.0054131728
NDVI_std_2020_summer,0.014261344,-0.0057539274,-0.00613773,0.0016658099,0.0003073672,-0.004340607,0.0054111313
B12_mean_2021_summer,0.0049222526,0.0035462216,-0.01618934,0.0046387357,0.0005234886,0.0025534453,0.0053955805
B07_mean_2021_autumn,-0.01253547,-0.0027963226,0.00965572,0.0065253787,-0.00027521834,-0.0005823836,0.0053950814
B06_median_2021_spring,-0.010254711,0.010308543,-0.005054976,0.0054380232,-0.00084136165,0.00040566426,0.0053838794
NDWI_mean_2021_spring,0.0025983634,0.002180818,-0.0009930147,-0.015153529,0.0003539794,0.011014248,0.0053823255
B8A_q75_2020_autumn,0.014999236,-0.005231198,-0.004017938,-0.005535285,0.0011111631,-0.0013297288,0.0053707585
BSI_median_2020_autumn,0.008292484,-0.0033425696,0.003009154,-0.012008226,-0.0007224155,0.0047839778,0.0053598043
B02_min_2020_autumn,-0.009760255,0.012466029,0.001448412,-0.0062848567,0.0003440505,0.001785616,0.0053482037
B8A_median_2020_autumn,0.007106452,-0.0056402953,0.008010825,-0.009918733,0.0008118648,-0.00036615643,0.005309054
B07_max_2021_spring,0.009220643,-0.012187453,0.006248261,-0.0031334616,0.00039478025,-0.0005388989,0.00528725
B07_min_2020_autumn,-0.0048610955,0.005746468,-0.011000844,0.00822508,0.00034558546,0.0015391154,0.0052863644
NDVI_median_2021_spring,0.012198545,-0.0049268,-0.0044734995,-0.0063326075,0.0014579715,0.0020692667,0.0052431156
B08_q75_2021_summer,0.0016398042,0.008018094,-0.015099292,0.005391681,0.0006065145,-0.00055446825,0.005218309
NDRE2_median_2021_summer,-0.005579385,-0.0033295273,0.015618712,-0.0048738713,-0.00012855031,-0.0017026995,0.0052054576
NBR_q75_2020_summer,0.01137014,-0.0038212426,-0.011746906,0.002306051,-1.649137e-05,0.0019115064,0.00519539
NDRE1_mean_2020_spring,0.0018992918,0.0014106676,-0.012145048,0.011798401,0.00045126266,-0.003412709,0.00518623
BSI_q75_2020_autumn,0.006250641,-0.0057314443,0.0045777955,-0.009236641,-0.0005441533,0.004690261,0.005171823
NDRE2_std_2021_summer,-0.006582259,0.0037597988,-0.008927075,0.009557275,0.00028686487,0.0019080552,0.005170221
SAVI_q75_2021_autumn,0.005039285,-0.011840156,0.008447481,-0.00340693,-0.00022933916,0.0019929677,0.00515936
NDBI_mean_2020_spring,0.009014972,-0.0097757755,-0.005677554,0.005138605,0.0011994818,0.00010178641,0.0051513626
NDMI_mean_2020_spring,-0.009014968,0.009775773,0.005677559,-0.0051385937,-0.0011994827,-0.00010178576,0.0051513603
NDRE2_q25_2021_spring,0.0006864817,-0.0040144688,0.014731595,-0.0101860035,-0.00015685128,-0.001061162,0.005139427
B04_max_2020_autumn,0.009256589,-0.0032257729,-0.011926238,0.005223096,-0.00024647097,0.000918065,0.0051327054
B07_q25_2021_autumn,-0.013551651,-0.0010076836,0.012968868,0.001130693,-0.0008393389,0.0012917317,0.005131661
NBR_mean_2020_summer,0.012700124,-0.005136368,-0.0021307492,-0.008120829,0.0007489288,0.0019296256,0.005127771
B08_max_2021_autumn,0.012817378,-0.010527896,0.0024345622,-0.0043995664,-0.00022918303,-9.3171e-05,0.005083626
NDVI_q25_2020_summer,0.007986624,-0.001271007,0.003951,-0.013966669,0.00077690737,0.002521762,0.005078995
B8A_max_2021_summer,0.008030197,-0.0061251232,0.005882302,-0.009026056,0.00025054876,0.0009903773,0.005050767
B02_median_2021_spring,0.0009415772,0.0076872883,-0.011488492,0.006515775,-0.001485579,-0.0021794438,0.0050496925
NBR_mean_2021_spring,0.0053220913,0.0069992333,-0.004649778,-0.010450879,-1.0756752e-05,0.0027981023,0.0050384738
B08_q75_2020_autumn,-0.007605268,0.0070723095,-0.0062264926,0.0076333038,0.00038952116,-0.0012618531,0.005031458
B06_min_2021_autumn,-0.0077605657,0.0075525297,-0.004864312,0.0075311204,-0.0010059869,-0.0014572254,0.005028623
B12_q25_2021_summer,0.0016915847,0.0021801554,-0.01506613,0.009332444,0.0010869143,0.00077470794,0.00502199
B08_min_2020_spring,-0.0044983253,-0.0040050233,0.011495021,-0.005828992,-0.0007118246,0.0035478994,0.005014514
B07_median_2020_spring,-0.010238053,-0.0034252591,0.014673799,-0.0011825744,-0.00018012877,0.00035209156,0.0050086514
B08_median_2020_summer,0.0063610435,0.0014792267,-0.0149039645,0.0068305493,-0.00010736099,0.00033844536,0.0050034313
NDBI_mean_2021_summer,0.0056710904,-0.0007985359,-0.009218809,0.009298256,-0.00016581384,-0.0047889,0.0049902345
NDMI_mean_2021_summer,-0.0056710886,0.0007985363,0.00921881,-0.009298256,0.00016581347,0.0047889003,0.0049902336
B03_std_2021_spring,-0.010840888,0.0040967776,0.009981121,0.0007556999,-0.0005662282,-0.0034220002,0.0049437857
B02_max_2021_autumn,-0.0044237776,0.0025201482,-0.01008226,0.011493574,-0.00030126586,0.0007912453,0.0049353787
NDRE1_q25_2021_autumn,0.007371346,-0.009379282,-0.0049481383,0.0069590686,0.00046390126,-0.0004470761,0.0049281353
B03_q75_2020_autumn,-0.0073172986,0.009790065,-0.0054122997,0.004313887,0.000603112,-0.0019819406,0.0049031
NDRE2_mean_2020_autumn,-0.009023555,0.01195613,-0.0036067753,0.0026308703,0.000116660005,-0.0020791888,0.0049021966
B07_std_2021_autumn,-0.0146637615,0.004926463,0.0029072706,0.004759997,0.00026336184,0.0018033206,0.0048873625
NDRE1_q25_2021_summer,0.0016402879,-0.0077708038,-0.004181288,0.012240428,0.0007679629,-0.0027005873,0.00488356
NDVI_std_2021_summer,-0.0038974106,0.0035330039,-0.009845791,0.010704644,0.00041191146,-0.0009012215,0.0048823305
B02_max_2020_spring,-0.0044805976,-0.0031993072,0.014642241,-0.0059161894,-0.0004081304,-0.0006363456,0.0048804684
NBR_std_2020_spring,-0.0053526848,-0.0035171304,0.0145375,-0.0033982643,-0.0010991637,-0.0011696691,0.004845735
NDRE2_q25_2021_autumn,-0.01021135,0.009239135,0.0052391747,-0.0014654256,-0.00095024955,-0.0018520063,0.004826223
B02_median_2020_autumn,-0.004855239,-0.004822806,0.011953317,0.002528417,-0.0036666598,-0.0011255665,0.004825334
NDWI_std_2020_summer,0.006699121,-0.005504458,-0.008333685,0.0020066958,-0.00061233033,0.0057425695,0.0048164767
B02_mean_2021_spring,-0.00072864455,0.004545491,-0.009133959,0.009916661,-0.0015558453,-0.0030179503,0.0048164255
B12_q75_2021_summer,0.0018259507,0.001852232,-0.014439422,0.0069351243,0.0012227735,0.00260895,0.004814076
B02_q75_2020_summer,-0.0064840615,0.009089311,-0.006787484,0.0052939984,-0.0009345997,-0.00017786566,0.0047945534
NBR_mean_2020_spring,0.0059309313,0.0030023854,-0.0047379113,-0.009374442,-0.00026369127,0.005442897,0.004792043
NDWI_q75_2021_spring,0.0031547658,-0.0005681012,0.004906653,-0.013788929,0.0007082642,0.0055836393,0.0047850586
B12_max_2021_spring,-0.004572766,2.60083e-05,0.014059057,-0.008794097,0.0002282811,-0.0009411156,0.0047702207
B07_std_2020_autumn,-0.009705984,-0.00089051545,0.012937501,-0.0030172549,-0.0006173006,0.0012867755,0.004742555
B03_min_2020_summer,-0.010892247,0.003541813,0.010268548,-0.0021677655,-0.0011635225,0.00041355193,0.004741241
B06_min_2020_spring,0.0051246076,-0.0020628588,-0.009281813,0.009084979,-0.00015898093,-0.0027045307,0.004736295
B08_max_2020_spring,0.00524359,-0.0049386835,-0.009234289,0.00741037,0.0007221244,0.0007977596,0.0047244695
B07_median_2020_summer,-0.010391894,0.004935006,-0.0025711283,0.008391559,-0.0011122565,0.000749762,0.004691934
B04_q25_2020_spring,-0.011766245,0.006310185,0.005616353,-0.002307549,0.0013346054,0.0008119199,0.004691143
B06_max_2021_summer,-0.007929004,0.008516932,-0.004700943,0.0053641456,0.00018782922,-0.0014418287,0.004690114
TC_green_std_2021_autumn,0.0023821578,-0.012664986,0.004825338,0.0068517523,-0.001149179,-0.00024213882,0.0046859253
NDRE2_q75_2021_summer,-0.006547204,-0.006048788,0.0005298077,0.0130179245,0.00050124386,-0.0014591835,0.0046840254
B02_median_2020_summer,-0.0005367198,0.008021271,-0.008947704,0.0060096374,-0.0018263627,-0.0027168642,0.0046764263
TC_green_mean_2021_spring,-0.0075974585,0.00841094,-0.006425453,0.0047673946,0.00042212653,0.0004130046,0.0046727294
NBR_q25_2021_spring,0.0005260743,0.008913654,-0.008998043,-0.0049973004,0.0003184711,0.0042374954,0.004665173
B04_min_2021_spring,0.00061705045,-0.0082179615,0.011511529,-0.0057304245,0.00062635227,0.0011945969,0.004649652
SAVI_q75_2021_summer,0.010711963,-0.0050300946,0.0005019321,-0.008828691,-5.312202e-05,0.0026869432,0.0046354583
B8A_mean_2020_spring,-0.006708718,0.008108248,0.0056808265,-0.005503569,-0.00021397749,-0.0013630837,0.0045964033
B02_q25_2020_summer,0.0027565598,0.0039669075,-0.013714145,0.006303031,0.00020874217,0.00047633535,0.004570954
NDRE2_q25_2020_spring,0.0013807773,3.6815552e-05,0.012291225,-0.0077336254,-0.0003479946,-0.0056302645,0.0045701168
B04_std_2021_autumn,0.00603108,0.0029939476,-0.011359304,-0.0023436826,0.0016574461,0.0030141394,0.0045666
B06_q75_2021_spring,-0.008422062,0.013207128,-0.0034887388,-0.0004013203,0.00047983305,-0.0013777958,0.0045628124
B08_min_2020_summer,-0.005737406,-0.0007044619,0.011107283,-0.0066918447,-0.00051990256,0.0025469258,0.004551304
B03_mean_2020_summer,-0.006486015,0.011913299,-0.0051944344,0.0007543296,0.0009535159,-0.001937262,0.0045398097
NDBI_mean_2021_autumn,1.127487e-05,-0.0024766563,-0.007912565,0.013611766,-0.00024785718,-0.0029649076,0.0045375046
NDMI_mean_2021_autumn,-1.1276827e-05,0.0024766554,0.007912559,-0.013611747,0.000247857,0.0029649062,0.0045375
NDBI_q25_2020_summer,0.007872737,-0.0054063695,-0.00816525,0.004278214,0.00032417226,0.0010937011,0.004523407
NDMI_q75_2020_summer,-0.00787212,0.005405945,0.008165715,-0.0042783194,-0.00032422677,-0.0010935174,0.0045233076
B05_q75_2021_summer,-0.006179341,-0.00044374383,0.013534708,-0.0053808033,2.8937828e-05,-0.0015641965,0.0045219553
B8A_mean_2020_autumn,0.01313283,-0.007603824,-0.00074577547,-0.004051073,0.00043493393,-0.0011631041,0.004521923
B08_mean_2020_summer,0.006584967,-0.0019419703,-0.0113444775,0.004218468,-0.00026238323,0.002748071,0.0045167226
B8A_min_2021_summer,0.0027820417,-0.0074370354,0.010710108,-0.005043749,-0.0007181871,-0.00029339513,0.004497419
B05_mean_2020_spring,0.0002442416,-0.005625427,0.013223698,-0.005661799,-0.0002240458,-0.0019582377,0.004489575
BSI_q75_2020_spring,0.006659524,-0.010676552,0.0057842834,-0.0023231911,-0.00043496676,0.0009910556,0.0044782623
B04_std_2021_spring,0.006129591,0.0015585052,-0.013403663,0.0032373047,0.00068178104,0.0017969304,0.004467963
B05_median_2020_spring,-0.0020274401,-0.005571438,0.013388197,-0.003915098,-0.00068655063,-0.0011859338,0.004462443
B05_q25_2020_spring,0.0034055908,-0.006547985,0.009507023,-0.0055298074,0.0004659458,-0.0013016823,0.0044596726
NDVI_mean_2021_spring,0.011002076,-0.003157378,-0.0041770088,-0.0060229404,0.0015275168,0.0008359275,0.004453808
B02_std_2020_summer,-0.00933503,-0.0017151816,0.010037365,0.0027155695,-0.0023037412,0.0006030499,0.0044516562
B06_q75_2020_summer,0.0022453745,0.004947737,-0.011939816,0.0056216368,0.0004639063,-0.0013416228,0.004426682
B05_std_2020_summer,0.00033763883,-0.01120722,0.00036227526,0.012555413,-0.00043731363,-0.0016157303,0.0044192653
NDRE2_q75_2020_summer,-0.0031099927,-0.001790093,-0.008349216,0.011103125,0.0002396238,0.0019100734,0.004417021
NBR_q25_2020_spring,0.005248598,0.0024291915,-0.0101383,-0.0031056567,0.00012612237,0.0054450217,0.004415482
TC_green_std_2020_autumn,0.0027150738,-0.0058928556,-0.006284164,0.0102359485,-0.0009888404,0.00021702982,0.0043889857
B12_std_2021_summer,-0.002606488,0.004008,0.006234148,-0.010553697,2.0175567e-05,0.0029017623,0.0043873787
SAVI_median_2021_summer,0.011199639,-0.0021719676,0.00096818304,-0.009701582,-0.001263537,0.00097564736,0.004380093
B08_q25_2021_spring,-0.012390538,0.010612249,-8.7375214e-05,0.0009883778,-0.0006470731,0.001525983,0.0043752664
B04_q75_2021_spring,0.009317932,-0.0069215475,-0.001579014,-0.004526118,0.0025641203,0.0011507248,0.004343243
NDWI_q25_2020_summer,0.0076115727,-0.004745626,-0.0034097384,-0.0048724664,0.0009910866,0.004424822,0.0043425523
NDRE2_std_2021_autumn,0.003492555,0.0024311813,-0.013024172,0.0053071203,0.0010894268,0.0007027314,0.004341198
B11_std_2020_spring,-0.0013196301,-0.002632516,0.012983715,-0.0060916804,-0.0014458254,-0.0014929405,0.0043277177
SAVI_median_2021_autumn,0.00082819397,-0.0049270666,0.010403404,-0.006359762,-0.0016764005,0.0017223915,0.0043195365
NDRE2_q25_2021_summer,-0.0007035409,-0.004699745,0.012774865,-0.0037884582,7.59004e-05,-0.0036616393,0.004284025
B07_min_2021_spring,0.003664234,-0.011743015,0.0070084604,0.0021763835,-0.0005354999,-0.0005676199,0.0042825355
NBR_median_2021_spring,0.0022522712,0.007342386,-0.009648526,-0.0031747804,0.0008279483,0.0024104659,0.004276063
B05_std_2021_spring,-0.0045301393,-0.008286177,0.008555158,0.0030948985,0.0006987031,0.0004728424,0.004272986
B8A_std_2020_summer,0.0042252513,-0.0001501767,-0.012255644,0.0076695024,-0.00039769997,0.00090645626,0.0042674555
B02_std_2021_summer,-0.0029491184,0.007532145,-0.009403467,0.0052507315,1.3839477e-05,-0.00044948148,0.004266464
B06_mean_2021_autumn,-0.0029728361,0.002650721,-0.0061180177,0.009997524,0.00014130844,-0.003707253,0.00426461
B07_min_2020_summer,-0.003793873,0.0049285144,-0.0089900745,0.007516738,0.00022137212,0.00011764,0.0042613684
B03_q75_2021_autumn,-0.007986991,0.0006364453,0.012086566,-0.00017843563,-0.00040549817,-0.004154032,0.004241328
NDWI_mean_2020_autumn,-0.012696525,0.004645222,0.000602065,0.0014805151,0.00046460293,0.0055159642,0.004234149
B11_q25_2021_autumn,-0.00397919,0.011037707,-0.0059833378,-0.0026947553,6.4058577e-06,0.0016041035,0.004217583
NDRE1_q75_2021_spring,-0.006086978,0.005473276,0.006871565,-0.0057510165,0.0003012587,-0.0008140382,0.004216355
SAVI_q25_2021_summer,0.009148953,0.001748712,-0.0024143043,-0.009422317,-0.00081060745,0.0017511941,0.004216015
B06_max_2021_spring,-0.009468198,0.00904316,-0.0009759801,0.003494498,0.00010681567,-0.002198449,0.0042145164
B05_min_2021_autumn,-0.0044631967,0.002320155,-0.0066213915,0.010321637,-0.0002603663,-0.0012940951,0.0042134738
B05_q25_2020_summer,-0.0024006027,0.0052949423,0.0033209384,-0.010159111,0.0013258237,0.0026165578,0.004186329
B05_max_2021_autumn,0.005883491,-0.00470252,0.0060558096,-0.006528468,0.000544976,-0.0012562207,0.0041619143
B06_median_2020_summer,0.0046380037,0.001164609,-0.011354989,0.006651892,-0.00016151718,-0.00093877234,0.0041516307
TC_wet_mean_2021_summer,-0.0011197685,0.003689722,-0.01119302,0.0074560046,-0.000107136075,0.001276684,0.0041403887
B02_q75_2020_autumn,-0.0075077442,-0.00040303956,0.0064960094,0.0058923275,-0.0020011037,-0.0024688374,0.0041281767
NDRE1_mean_2021_spring,-0.0033558018,-0.003041919,0.011726099,-0.005233836,0.0006303311,-0.0007346889,0.004120446
B07_q75_2020_spring,-0.0063442877,-0.005393741,0.011948733,0.00037651416,-0.00010750418,-0.00048040628,0.004108531
B07_q75_2021_autumn,-0.011773087,0.00086193875,0.0047545685,0.0066492087,-0.0005273804,3.782682e-05,0.0041006687
LBP_entropy_2020_spring,0.00687647,0.0007134742,-0.012213136,0.004074377,0.0006351421,-8.5761145e-05,0.0040997267
TC_green_std_2021_spring,0.010951068,-0.00317337,-0.004614903,-0.0020819786,0.0013391508,-0.0024220007,0.0040970785
B06_max_2020_spring,0.005492001,-0.0011672648,-0.011071537,0.0056305416,0.00022924315,0.00088816526,0.004079792
TC_bright_std_2020_autumn,0.0010262312,0.0031846643,0.004380353,-0.01223696,0.0013000598,0.002347887,0.004079359
B02_mean_2020_autumn,-0.0079160975,-0.00019029164,0.003648206,0.008585131,-0.0018298546,-0.00229271,0.0040770485
B8A_q75_2021_spring,0.008396083,0.0038264685,-0.009085875,-0.0015881509,-0.0005005266,-0.0010392573,0.0040727267
NDVI_q25_2021_spring,0.009510776,0.00029865198,-0.0056880205,-0.006493491,0.001098045,0.0012658925,0.004059146
B06_q75_2021_summer,-0.0007269934,0.0040115993,-0.009865025,0.007791686,0.00029990898,-0.001514531,0.0040349574
B07_max_2020_spring,-0.0076726424,-0.0017162773,0.012086977,-0.0023466835,-0.000116519965,-0.00023646264,0.0040292605
B06_mean_2020_summer,0.0008415009,0.0003317109,-0.010215447,0.010564555,0.00034549303,-0.0018754071,0.004029019
B06_std_2020_summer,0.00020477669,0.0055995756,-0.011986198,0.005255589,0.0009729027,-4.3137745e-05,0.004010363
BSI_median_2021_autumn,-0.00826515,0.007827477,-0.00064401363,-0.0020632776,-0.0010535389,0.0041991384,0.004008766
B02_q75_2021_spring,0.0013253487,0.004078557,-0.008020885,0.006598606,-0.0030584028,-0.0009295152,0.004001886
B05_max_2020_autumn,0.008422735,-0.009113737,0.0029271517,-0.0017621543,0.00065272034,-0.0011291977,0.0040012826
NDRE2_mean_2021_autumn,-0.005138554,0.0032863028,-0.0043746727,0.008313244,0.00032096833,-0.0024026665,0.003972735
BSI_std_2020_spring,-0.003210927,0.010484467,-0.0022965372,-0.0052375235,0.001417187,-0.0011569539,0.003967266
B07_max_2021_autumn,-0.0097324215,-0.0013876461,0.011723667,-0.0005691515,-0.00020555504,0.0001684648,0.0039644847
B08_q75_2020_summer,0.0034365586,-0.0037637919,-0.008113791,0.0081679905,0.0002433965,2.9438228e-05,0.003959161
B07_max_2020_autumn,-0.008422831,0.0044542165,0.006458942,-0.0032227472,-0.00021194461,0.00094821386,0.003953149
B12_median_2020_spring,-0.0033910614,-0.008055784,0.010474278,0.0013747339,-0.00010438624,-0.00030166382,0.003950318
TC_green_std_2020_spring,0.011847168,-0.0038843998,-0.003684941,-0.0010052439,-0.0020709042,-0.0012007536,0.003948902
B02_max_2021_summer,-0.0002749368,0.0031594657,-0.0113963485,0.0074393093,-0.00017188658,0.0012423758,0.003947387
B08_std_2020_autumn,3.0652667e-05,-0.008492369,0.011805819,-0.0026000089,-0.0007471014,2.1263259e-07,0.0039460273
B08_min_2021_summer,-0.00571686,0.0026076373,0.00587797,-0.0056252955,-0.00048065028,0.00333746,0.0039409786
B07_q75_2021_summer,-0.0018959336,-0.009490496,0.006745094,0.0050730086,-0.00022224877,-0.00020609284,0.0039388123
NDMI_std_2021_spring,-0.0031369436,-0.0063712494,0.007994917,-0.0023067885,0.0007543038,0.0030640177,0.0039380365
NDBI_std_2021_spring,-0.0031369175,-0.0063711395,0.007994844,-0.0023067691,0.00075429364,0.0030640077,0.003937995
B06_std_2021_summer,-0.003559423,0.0043409364,-0.008093985,0.0073011247,0.00016109025,-0.00014812368,0.003934114
B8A_max_2020_summer,0.0063461647,-0.006944488,0.0054523144,-0.004288582,-0.00036294234,-0.00020274983,0.0039328733
B05_std_2020_autumn,0.0049246093,-0.007315659,0.006549521,-0.0042465096,0.00032231046,-0.00023313574,0.0039319573
B07_q25_2021_summer,-0.004869403,-0.0010729486,-0.0053215474,0.011792983,-0.00010185365,-0.00042439913,0.0039305226
NDWI_q75_2020_autumn,-0.009385023,0.001313282,0.008791872,-0.0023874356,0.0010734702,0.00059073383,0.0039236364
BSI_q75_2021_autumn,-0.0039443625,0.0055034915,-0.0073614144,0.003382197,-0.00042794814,0.0028521384,0.003911925
B07_mean_2021_summer,0.00017552264,-0.010003641,0.0011351123,0.010317723,-5.4318174e-05,-0.0015607481,0.0038745112
B06_q75_2021_autumn,-0.0016818413,0.0026620082,-0.0076115197,0.00892666,-2.1043223e-05,-0.0022699682,0.0038621733
B05_q75_2021_autumn,-0.003870577,-0.0029962424,0.011092539,-0.0046942956,0.00023799937,0.0002292362,0.0038534815
NBR_q75_2020_spring,0.0075446116,-0.002127808,-0.0018482509,-0.0071255313,-0.00043216842,0.0039891033,0.003844579
B05_q75_2020_spring,0.0012458991,-0.004486445,0.010286467,-0.0037923013,-0.001384573,-0.0018675287,0.003843869
B8A_q75_2021_autumn,0.0048662936,0.0058249785,-0.010511878,0.00083284115,-0.00052324205,-0.00049348007,0.0038421184
B04_max_2020_spring,-0.002427922,0.0023173464,-0.009039426,0.008691864,0.00017255296,0.00028496174,0.0038223455
NDMI_q25_2021_spring,-0.0030840717,-0.0053834682,0.010145025,-0.0023837022,-0.00059716,0.0013043468,0.0038162956
NDBI_q75_2021_spring,0.0030839532,0.0053835684,-0.010144981,0.0023837022,0.00059713534,-0.0013043666,0.0038162842
B05_std_2021_autumn,0.005796484,-0.009308961,0.0055669667,-0.0001387462,-0.00061356946,-0.0012970802,0.003786968
B07_mean_2020_summer,-0.010797681,0.0040151174,-0.00033859568,0.0068301847,-0.00021077404,0.0004971225,0.0037815792
B08_std_2020_summer,0.0058162846,-0.0020827707,-0.0064489245,0.0051529612,0.00037110306,-0.0028071278,0.0037798618
B11_max_2021_autumn,-0.0046841498,0.00933513,-0.0059361025,-0.0006947463,0.0005672287,0.0014176477,0.0037725011
B8A_max_2021_spring,0.0048604207,0.005872181,-0.009646991,-0.0010093695,0.0005715165,-0.0006542129,0.0037691155
B11_q75_2021_spring,0.0065686414,0.0009965871,-0.008033505,-0.0031976185,-7.126623e-05,0.003742788,0.003768401
B06_q25_2020_autumn,-0.0042907232,-0.00198102,-0.0024348723,0.0113037,-0.0015107861,-0.0010884857,0.0037682643
B03_median_2020_summer,-0.0052761743,0.0101235425,0.0007090632,-0.0037548356,0.00038499452,-0.0021890837,0.0037396152
B11_std_2020_summer,0.0021636349,0.006905222,-0.008765781,0.0019691437,0.00018026953,-0.0024489334,0.0037388306
NDRE1_std_2020_spring,-0.003200968,0.007817926,0.0023170877,-0.007977756,0.00033890601,0.0007038979,0.0037260903
SAVI_std_2020_autumn,-0.005816765,0.0016119169,0.009207979,-0.0034375289,0.0003445393,-0.0019109063,0.0037216058
SAVI_q25_2021_autumn,0.005356348,-0.0025994873,0.0049083084,-0.0075976932,-0.0009320729,0.00086356857,0.0037095798
B06_min_2020_autumn,-0.008817418,0.0004729994,0.007529645,0.002861081,0.00024538426,-0.0022963772,0.0037038175
B06_q25_2020_summer,0.001471241,-0.0008291613,-0.010280219,0.0087498,0.0006221949,0.00026746633,0.0037033467
B02_mean_2020_spring,-0.0035619573,0.0018118803,-0.0025984426,0.009295589,-0.0015016113,-0.0034475704,0.0037028415
NDMI_median_2021_spring,-0.0044233403,-0.0052678958,0.009805578,-0.00093613024,-0.00045498344,0.0012686682,0.0036927657
NDBI_median_2021_spring,0.004423474,0.005267781,-0.009805523,0.00093598524,0.00045498213,-0.0012686292,0.0036927292
B12_mean_2020_spring,-0.0024589573,-0.0032726265,0.0099844765,-0.005335369,0.0004782051,0.0006095309,0.0036898607
B8A_min_2020_autumn,0.0075637186,-0.0055535,0.0034766519,-0.0042946273,-0.00010231213,-0.0010835609,0.0036790613
B03_std_2020_autumn,-0.0050453385,0.006723827,-0.0040432895,0.004237322,3.4737615e-05,-0.0019082719,0.003665465
TC_bright_std_2020_summer,-0.0027118463,0.006372904,-0.0007275044,-0.007283843,-0.0002693694,0.0046191653,0.0036641054
NDWI_median_2020_autumn,-0.004034825,-0.0010401392,0.006232324,-0.005879491,0.0010336686,0.0036840166,0.0036507442
NDVI_range_2020_spring,-0.00093230174,0.00022761416,-0.009418851,0.010442429,-0.00058814767,0.00026997173,0.0036465523
B8A_std_2021_summer,0.004619957,0.003022715,0.0008865576,-0.010547507,-0.00029538124,0.0023161946,0.0036147188
B11_q75_2020_summer,-0.00017031934,0.0066820914,-0.010173475,0.0041564405,-0.00023139003,-0.00026111322,0.0036124717
B03_mean_2021_summer,-0.0058434424,0.010809346,-0.002482704,-0.000111650166,-0.00029018713,-0.0020822317,0.0036032607
NDWI_std_2021_autumn,-0.00072940125,0.0051163607,-0.0022112667,-0.007857464,0.0012839434,0.0043991194,0.0035995925
B11_q25_2021_spring,0.0046737012,0.0033226176,-0.010623242,0.00076382735,-0.00015375655,0.0020196182,0.0035927936
B11_min_2020_autumn,-0.005044212,0.010618235,-0.0031473376,-0.002463412,-3.8065416e-05,7.433621e-05,0.0035642663
B06_max_2020_summer,-0.003549946,0.0008189787,-0.0054962463,0.00920033,0.0006330465,-0.0016069475,0.0035509153
NDVI_range_2020_summer,0.0063518896,-0.0029649877,0.003294713,-0.005075509,0.0009900093,-0.0025968668,0.0035456624
B06_q25_2021_autumn,0.0014221238,-0.0004297419,-0.0073522804,0.009168411,-0.00073266734,-0.0020696823,0.0035291512
B08_max_2021_summer,0.0056464174,-0.00067696127,-0.009396389,0.0045519033,-0.00047784354,0.0003518607,0.0035168957
NBR_q25_2020_summer,0.0072268783,-0.0022591264,-0.002840301,-0.0054198625,0.00046475435,0.0028278572,0.0035064633
TC_bright_std_2021_autumn,0.00426693,0.0014528616,-0.00078615185,-0.009735145,0.0004857705,0.004310438,0.0035062162
B03_std_2020_summer,0.002224364,-0.0020665366,-0.0052080723,0.008035397,0.00019778244,-0.0031872415,0.0034865655
B11_max_2020_autumn,0.00010325706,0.0053838626,-0.010372324,0.00449832,0.00034920004,3.5198675e-05,0.0034570268
B03_std_2020_spring,-0.0038684353,0.009621354,0.00010771248,-0.003242685,0.0006308528,-0.003249817,0.0034534761
B03_mean_2020_autumn,-0.00820876,0.0087605445,0.0006580651,0.00023534606,0.0006677887,-0.0021029671,0.0034389116
B8A_std_2020_spring,-0.003793845,0.0096645,-0.0034210258,-0.0028681792,-0.000228753,0.00064610556,0.003437068
B07_median_2021_summer,0.00063621614,-0.008213894,-0.0016096842,0.009640231,-0.00014636149,-0.00031137193,0.0034262931
NDRE1_median_2021_summer,-0.003030211,-0.004485015,0.006317,0.0033366275,0.0005617852,-0.0027003735,0.0034051687
NDRE2_q75_2020_autumn,0.004936761,0.00446308,-0.009925055,0.0006138754,0.00018093617,-0.0002685758,0.003398047
NDVI_std_2021_spring,0.002124312,0.00461214,-0.0076108365,0.002225505,0.0012260794,-0.0025777076,0.0033960966
BSI_std_2020_summer,0.0096556,-5.750549e-05,-0.000493596,-0.009472882,-0.00015858865,0.00053211855,0.0033950487
NBR_median_2020_spring,0.0025537037,0.0016477576,-0.0052067204,-0.004968423,0.00032899916,0.005643958,0.0033915937
TC_wet_std_2020_autumn,-0.0014564184,0.0066893874,-0.008225578,0.0034855132,-9.767358e-05,-0.00039489637,0.0033915779
B02_max_2020_summer,0.004738866,0.00259873,-0.009887939,0.0025229875,-0.00026943785,0.00029163228,0.0033849322
B12_min_2020_autumn,-0.002324329,-0.004443549,0.009166565,-0.0023293688,-0.0010202286,0.00095811207,0.0033736918
B02_std_2020_autumn,-0.007900104,0.00021198846,0.009900118,-0.0002475647,-0.0016724968,-0.00030041122,0.003372114
NBR_std_2020_autumn,0.00821925,-0.0031848375,-0.003365773,0.0018921231,-0.0005509337,-0.003010929,0.0033706408
B8A_max_2020_autumn,0.0089489035,0.0008094907,-0.009914487,0.00034925912,-0.00013884497,-5.2056603e-05,0.0033688406
TC_bright_std_2021_spring,0.0030403403,0.0027024962,-0.008565542,-0.0013093214,-8.4028135e-05,0.004214159,0.0033193144
NDRE1_q75_2020_summer,0.0014031853,-0.0048454767,0.007982472,-0.0038626448,0.00056857016,-0.0012472911,0.0033182735
B11_std_2021_autumn,-0.008163178,0.0027287533,0.006927664,0.0001683878,0.00012518822,-0.0017899865,0.0033171931
NDRE1_q25_2020_summer,-0.0033015956,0.0016670361,-0.0065525584,0.0073456615,0.00057288504,0.0002615599,0.0032835493
B11_std_2020_autumn,-0.005552227,0.0043856613,-0.0013215389,0.005420446,-0.0010317711,-0.0019003886,0.0032686722
B06_mean_2020_autumn,-0.005489439,-0.0013447253,0.001602925,0.00819456,-0.000322837,-0.0026407961,0.0032658807
NDVI_iqr_2020_autumn,0.000104222985,-0.003638997,-0.0055820257,0.007774338,-0.00055082806,0.0018970402,0.0032579089
B05_q75_2020_autumn,0.0028112582,-0.0048922487,0.0062151384,-0.004761042,0.0007071965,-7.846106e-05,0.003244224
NDWI_q25_2020_autumn,-0.004494165,-0.0014029047,0.004343479,-0.0038307314,0.000633211,0.0047513386,0.0032426382
B8A_max_2020_spring,-7.945966e-05,0.0095019005,-0.0054415157,-0.0041030035,6.38109e-05,5.596555e-05,0.003207609
NDRE2_mean_2021_spring,-0.0063499794,-0.002053727,0.0042575547,0.0053409287,-0.00033651007,-0.00086501986,0.0032006197
B11_min_2020_spring,0.0010189322,0.007168561,-0.007554335,-0.0019929628,0.00071715796,0.0006437089,0.0031826098
B11_std_2021_summer,-0.007935679,-0.0012268762,0.001545693,0.0066861226,-0.00036543031,0.0012917323,0.0031752556
TC_green_std_2020_summer,0.0018491268,0.004744972,0.0026820279,-0.007909765,0.00020475415,-0.0015689272,0.003159929
NDRE1_std_2020_autumn,-0.0072518503,0.0065914663,0.00020026416,0.0026770425,-0.000618084,-0.0015956141,0.0031557202
B08_min_2021_spring,-0.0040886216,-0.0016863026,0.0062342556,-0.0036798287,-4.291086e-06,0.003225296,0.0031530994
B12_max_2021_summer,0.0026026466,0.0027615954,-0.009407818,0.0030101514,0.00015950887,0.0008706618,0.003135397
B07_mean_2020_autumn,-0.0073960098,-0.00038503687,-0.0015311593,0.008615907,-6.2459425e-05,0.00076437666,0.003125825
NDVI_iqr_2021_summer,-0.0024960246,0.00067986373,-0.0063109733,0.007598651,-0.0005439205,0.0010763892,0.003117637
B04_median_2020_spring,-0.0035423816,0.004466092,-0.0011279483,-0.004667131,0.003298495,0.0015770703,0.0031131862
B06_std_2020_spring,-0.0040853615,0.00078725506,0.0059253676,-0.005168998,-2.161871e-05,0.0025653136,0.0030923188
B8A_mean_2021_spring,0.008034727,0.0011965407,-0.006609127,-0.00015359969,-0.0006519146,-0.0018253077,0.0030785361
B04_q75_2020_spring,0.0035398863,-0.0016859837,-0.007496748,0.00090528216,0.0016658191,0.003073189,0.0030611514
B12_max_2020_spring,0.0032872527,-0.0020622942,0.0052433545,-0.0071015335,0.00047410885,0.00015934245,0.0030546475
NDMI_std_2020_spring,-0.00023066197,-0.004578854,0.006024018,-0.003504423,-0.0007270731,0.0030169752,0.0030136677
NDBI_std_2020_spring,-0.0002292593,-0.004578215,0.0060222624,-0.0035036947,-0.00072701415,0.0030165599,0.0030128343
B06_max_2020_autumn,-0.0047538155,-0.001256539,0.009037767,-0.00081009825,-2.7002006e-05,-0.0021916311,0.003012809
NBR_median_2020_summer,0.0056352755,-0.0018593488,-0.0071077556,0.0016159669,0.00023878532,0.0014793291,0.0029894104
NDWI_mean_2020_summer,-0.000891158,0.0012416327,-0.0070569688,-0.0010138022,0.0006583201,0.007050789,0.002985445
NDRE1_q25_2020_autumn,0.005684901,-0.0013164688,-0.0076315952,0.0027413627,0.00051952293,-1.0915508e-06,0.0029824905
B05_q25_2021_spring,0.0002636617,-0.0008932998,-0.005845486,0.007741943,0.0009386435,-0.0021986216,0.002980276
NDRE2_median_2020_summer,0.0024919303,-0.0064183744,0.0037289287,-0.0018520837,-0.0006710555,0.0027132775,0.002979275
BSI_q25_2020_autumn,0.0034769378,-0.0031243633,0.0015686866,-0.005752608,-4.8008493e-05,0.0038777601,0.0029747274
BSI_q75_2021_spring,-0.0012505343,0.005760475,-0.005182147,0.003165265,-0.0014018851,-0.0010875588,0.0029746443
B05_mean_2021_autumn,-0.002567748,-0.0018795191,0.008518091,-0.0028028428,0.00040491734,-0.0016670302,0.0029733581
B8A_q75_2020_spring,-0.0035200207,0.006349103,0.0022898114,-0.0044949306,0.00027649145,-0.00089738134,0.0029712897
B03_max_2020_summer,0.00135901,0.001149983,-0.007062836,0.0051594125,0.0011594788,-0.0017641932,0.0029424855
NDMI_q75_2021_summer,-0.0059935176,-0.0024801258,0.0044803037,0.0014637168,-0.00031153008,0.0028472764,0.0029294116
NDBI_q25_2021_summer,0.005993481,0.0024801288,-0.004480283,-0.001463746,0.00031153005,-0.0028472776,0.0029294074
NDMI_q75_2020_autumn,-0.0015221639,6.193258e-05,0.004903999,-0.007245502,0.00019336262,0.0036120128,0.0029231624
NDBI_q25_2020_autumn,0.0015222706,-6.233435e-05,-0.0049034036,0.007243672,-0.00019342665,-0.0036120918,0.0029228665
B12_std_2021_autumn,0.004660438,-0.008568241,0.00046035525,0.0028303463,-0.00019897013,0.00081659603,0.0029224912
NDRE2_q25_2020_autumn,-0.0037187363,0.0060737473,0.0018150562,-0.0050000804,0.0008645769,-2.7782517e-05,0.0029166632
NDVI_iqr_2020_spring,0.00517621,-0.003997166,-0.0032795444,0.0034367044,0.00012475143,-0.0014632262,0.002912934
NDRE1_q25_2021_spring,-0.0025279014,0.0023235348,-0.006194161,0.0041835187,0.0007131878,0.0015093395,0.0029086072
B05_mean_2021_spring,-0.0013083839,-0.0013203591,-0.003488461,0.0073457286,0.0013666144,-0.002602475,0.0029053371
B05_std_2020_spring,-0.0067616208,0.0014370484,0.0065208212,0.0007512263,-0.00078261213,-0.0011663154,0.002903274
NDRE2_median_2020_spring,0.0022849597,0.0016407914,0.0047590807,-0.0069379956,-0.0010576884,-0.0006890048,0.0028949203
SAVI_median_2020_summer,0.006175266,-0.0021607177,0.00065173523,-0.0062072086,-0.00027679006,0.0018324256,0.0028840236
SAVI_q75_2020_summer,0.0057778,-0.0069442736,0.0002784483,-0.0013927066,-0.00030880675,0.002590663,0.0028821165
TC_wet_mean_2021_autumn,0.0041546407,-0.0023827015,0.0044904784,-0.0052495366,-0.0005416588,-0.00047176107,0.0028817963
B8A_max_2021_autumn,0.00462938,0.0034509324,-0.008484044,0.000423342,-0.00013532091,0.00011463675,0.002872943
B03_min_2020_spring,-0.0014452098,-0.006043397,0.007539727,0.00035142712,-0.0011242168,0.0007232752,0.0028712086
B07_q75_2020_autumn,-0.008566973,0.0004828837,0.0011528614,0.006532822,0.00014141478,0.0002565146,0.0028555777
NDMI_std_2021_summer,-0.00451417,-0.002110387,0.0012411776,0.0072645745,-0.00041800196,-0.0014654411,0.0028356255
NDBI_std_2021_summer,-0.0045141554,-0.0021103914,0.0012411763,0.007264571,-0.00041800278,-0.001465433,0.0028356218
B03_q75_2020_summer,-0.00087922084,0.0071310275,-0.0019929602,-0.003954465,0.0013452983,-0.001651039,0.0028256683
NDVI_range_2021_summer,-0.0019108761,-0.0020719764,-0.0044702156,0.004598978,0.0008214103,0.0030328494,0.0028177176
B04_std_2020_summer,0.002373233,0.0036832676,0.00020875894,-0.008442883,0.0003730121,0.0018037684,0.002814154
B02_min_2021_spring,0.0030808966,0.004786306,-0.0068050497,-0.0015966359,-3.984922e-05,0.00057130196,0.0028133395
B06_min_2021_summer,-0.0057011014,0.003649865,0.0047813496,1.543411e-06,-0.00034157227,-0.0023869113,0.0028103904
B06_min_2020_summer,0.0045500314,-0.005144102,0.00050197734,0.0027959526,0.00057049154,-0.0032712352,0.0028056316
NDBI_std_2020_autumn,-0.0022451547,-0.0011827296,0.00839244,-0.004440783,7.4483805e-06,-0.00052894454,0.0027995836
NDMI_std_2020_autumn,-0.002246191,-0.0011815584,0.008390851,-0.0044395234,7.505971e-06,-0.00052919006,0.0027991368
NDVI_range_2021_autumn,0.0012428969,-0.007583873,0.0015384707,0.0056052664,-0.0005551029,-0.00024558068,0.0027951982
B05_min_2020_summer,-0.0054475334,0.007591562,-0.002106315,-1.9354839e-05,0.0007631787,-0.000781854,0.0027849663
NDRE2_std_2020_summer,0.0017448344,-0.0031196207,0.001307193,-0.0042349217,-0.0009880927,0.0052900007,0.0027807772
B07_q25_2020_autumn,-0.0037426148,-0.0018761534,-0.0020292255,0.0070081605,-0.000662592,0.0013028674,0.002770269
NDMI_q75_2021_spring,-0.0064471276,-0.0007880009,0.008185144,-0.0010588234,0.00012319729,-1.2173527e-05,0.002769078
NDBI_q25_2021_spring,0.0064471387,0.00078791985,-0.0081850365,0.001058753,-0.00012319049,1.2191897e-05,0.002769038
B12_min_2020_summer,-0.0006261405,-0.007240495,0.0026541366,0.0050743097,-0.00042869704,0.0005562177,0.0027633328
NDRE1_q75_2020_spring,-0.0005896725,0.0006223586,-0.0026060834,0.006802582,0.00083429227,-0.005065724,0.0027534522
B11_q25_2021_summer,0.0016884108,0.00016583297,0.0036004125,-0.0075866296,-0.00061296934,0.0027460898,0.0027333908
NDRE1_median_2020_summer,-0.0045844987,0.00056155294,-0.003569434,0.0068590194,0.0007199353,9.482505e-06,0.0027173206
B07_q25_2020_summer,-0.0060085775,0.00263489,-0.0020924055,0.005072748,-3.979679e-05,0.00042868964,0.0027128512
B03_q75_2021_spring,-0.0005161284,0.0073650936,0.0007690435,-0.0037937374,-7.455086e-05,-0.003754764,0.0027122197
NDVI_iqr_2021_spring,0.0045498726,-0.003256486,-0.0045970595,0.0033564977,-0.0002817244,0.00022708753,0.0027114546
BSI_mean_2020_autumn,0.003134669,-0.0060136328,-0.0010847382,0.00084268133,-0.00102969,0.0041439557,0.0027082276
TC_green_std_2021_summer,0.000121809986,-0.0003326245,0.0080021545,-0.0058673094,-0.00025169394,-0.0016736441,0.002708206
B05_max_2020_spring,-0.002596238,-0.002893338,0.0057040346,0.0024023647,-0.00014675925,-0.0024683485,0.0027018476
NDRE1_mean_2020_autumn,0.004315062,-0.0019640229,0.0024657173,-0.006101835,0.0008231244,0.00047500076,0.002690794
B05_max_2021_spring,-0.0014047227,0.002777263,-0.0037596324,0.0051882397,-0.00014348215,-0.002662554,0.0026559823
NBR_std_2021_spring,-0.004761486,-0.0018408454,0.0048396504,0.0028198366,0.00030568775,-0.001357993,0.0026542498
B07_min_2020_spring,-0.0025329895,-0.0022463708,0.007893195,-0.0021804713,-0.00011781694,-0.0008157052,0.0026310915
B05_q75_2020_summer,0.0013731482,-0.00629842,3.518434e-05,0.006242963,0.00021812343,-0.0015629337,0.0026217953
B08_std_2020_spring,0.002055758,-0.0026103954,-0.0020909205,0.005778947,1.7912891e-05,-0.0031521264,0.0026176767
B05_min_2020_autumn,0.0021030577,-0.007052363,0.004695638,0.0010364912,-0.00013064836,-0.0006549171,0.002612186
NDRE2_q75_2020_spring,0.0006845223,-0.0012220495,-0.0064477623,0.0066972077,-0.0001389182,0.00042638247,0.002602807
NDVI_iqr_2021_autumn,-0.00306396,-0.0029953902,-0.0017385439,0.007430359,0.00034017008,2.8650964e-05,0.0025995125
B08_q25_2020_summer,0.004720929,-0.0029722773,-0.0005617604,-0.0042590336,0.00010588177,0.0029679732,0.002597976
B11_min_2021_autumn,-0.000658226,0.0034214496,-0.0061512874,0.0027436588,-0.0009168907,0.0015590223,0.0025750892
B04_max_2021_autumn,0.0013591049,0.0023265579,-0.0059936703,0.003996069,-0.0002611937,-0.0014258669,0.0025604106
B02_max_2020_autumn,-0.003908191,0.002299413,-0.0023233104,0.0050065382,0.00036335754,-0.0014265375,0.002554558
B02_q25_2020_autumn,-0.0018306918,-0.0021798697,-0.0017796995,0.007619688,-0.00060134765,-0.0012294289,0.0025401206
B04_max_2021_spring,0.0011705763,0.004271562,-0.0076106237,0.0014776469,0.00010049444,0.00059244595,0.002537225
B12_min_2021_autumn,-0.0036670011,-0.0039353883,0.0008386493,0.005218371,0.0010419956,0.0004986803,0.0025333476
B03_max_2020_autumn,-0.003718555,0.005244429,-0.0026144437,0.0023466093,-4.3975188e-06,-0.0012606126,0.0025315078
B11_std_2021_spring,0.00026392136,-0.0065488396,0.0054868287,0.00140763,-0.0010125653,0.00040685147,0.002521106
NDVI_range_2021_spring,0.0034773953,-0.004885412,-0.00210701,0.0011165513,-0.0005630688,0.002960824,0.002518377
B03_median_2021_spring,0.0043896115,0.0017528811,0.000807637,-0.0065281293,0.0005640335,-0.0009760254,0.0025030528
B8A_min_2021_autumn,0.0017983072,0.0021443698,-0.007503893,0.0027456726,0.00026849066,0.00054354046,0.0025007122
NDWI_std_2020_autumn,0.0024804587,-0.00087646616,-0.0026189273,-0.003984022,0.0013765631,0.0036266663,0.0024938504
B11_max_2021_spring,0.0026306778,0.0012577561,-0.007471241,0.0028640982,0.000564131,0.00015266528,0.0024900949
B11_mean_2021_summer,0.0032235563,0.00066434016,-0.00047112964,-0.0061499276,-0.00081750454,0.0035635207,0.0024816631
B8A_mean_2021_autumn,0.0012810121,0.0051806257,-0.0056035705,0.0005547261,0.0004086081,-0.0018048607,0.002472234
SAVI_q75_2020_autumn,-0.0028497218,-0.0030693975,0.007295435,9.432553e-05,-0.00086797273,-0.0006004657,0.0024628865
B07_min_2021_autumn,-0.007372296,0.0010530341,0.003091583,0.0014352447,5.433981e-05,0.0017455954,0.002458682
TC_wet_std_2021_autumn,0.0024978034,0.0005881668,-0.0058078757,0.004288558,-0.0003356366,-0.0012321817,0.0024583703
B06_median_2021_autumn,0.0022016235,-0.0015003631,-0.0043889037,0.005114605,-2.4443783e-05,-0.0014055938,0.0024392556
B12_max_2021_autumn,0.0047989213,-0.0032906786,-0.0039445814,0.0008469278,0.00016578687,0.0014204592,0.0024112258
B8A_q25_2021_autumn,-0.0005465455,0.0066252663,-0.0022611981,-0.0038210303,0.0005734692,-0.0005675298,0.0023991733
B03_q75_2021_summer,6.8001216e-05,0.0052002845,0.0019093327,-0.00428873,-0.0007153632,-0.002166805,0.0023914194
NDRE1_median_2021_autumn,0.0041425256,-0.0033893264,-0.0032553393,0.0018316781,0.0011106979,-0.00045707598,0.0023644406
B07_std_2020_spring,-0.0056019253,-0.0005365174,0.0070378026,-0.00085295475,-9.115129e-05,4.689244e-05,0.0023612073
B07_min_2021_summer,0.0020888331,-0.0031987843,-0.0038830503,0.0045889346,0.0003965119,4.5009538e-06,0.0023601025
NDRE1_mean_2020_summer,0.004927504,-0.005873127,0.0013035525,-0.00036183838,0.000822256,-0.00080853625,0.002349469
NDRE2_median_2021_autumn,-0.005298631,0.005566084,2.0532729e-05,-0.0017103262,0.0006926324,0.0007271278,0.002335889
B07_max_2021_summer,-0.004201925,-0.0027966262,0.0040296786,0.0016673885,0.00021575108,0.0010863614,0.0023329554
BSI_std_2021_spring,-0.0019984483,0.0052537783,0.0016773157,-0.0014452385,-0.0016044807,-0.0018832192,0.0023104134
B03_min_2021_spring,-0.0021705597,0.002571982,-0.0046998477,0.004063312,-4.1764324e-05,0.00027542873,0.0023038157
NDBI_median_2020_summer,0.006349416,-0.0024752691,-0.0035612304,-0.00084870646,-1.7148024e-05,0.0005523843,0.0023006925
NDMI_median_2020_summer,-0.0063487543,0.0024731748,0.0035619673,0.0008490785,1.7149443e-05,-0.0005521088,0.002300372
TC_wet_std_2021_spring,0.0016602157,-0.00094139186,-0.004035645,0.005179967,-0.00018521007,-0.0016775697,0.00228
B8A_min_2021_spring,0.0047285557,0.0013861943,-0.0018063828,-0.005030139,0.0007165844,2.5103277e-06,0.0022783943
B05_max_2020_summer,-0.00019385808,-0.0043343385,0.0060825916,-0.002301007,0.0004962087,0.0002571381,0.0022775235
LBP_u8_4_2021_spring,0.0023469334,-0.00222013,0.0044834954,-0.0034622264,-0.0004458661,-0.0006979068,0.002276093
NDMI_q25_2021_summer,-0.004148306,-0.001400557,0.003374538,-0.0011707533,-8.286043e-05,0.003422493,0.0022665847
NDBI_q75_2021_summer,0.0041482835,0.0014005562,-0.003374543,0.0011707561,8.286184e-05,-0.0034224945,0.0022665823
B12_std_2020_autumn,0.0029306158,1.5057158e-05,0.0011794316,-0.006792219,0.0004788767,0.0021885312,0.0022641218
B06_q75_2020_autumn,-0.0044515957,0.0007855642,0.00033029154,0.0056246617,-0.00035479513,-0.0019351309,0.0022470064
LBP_u8_0_2021_spring,-0.0009051046,0.0012869771,-0.0058269007,0.005094781,3.711983e-05,0.00031460178,0.0022442474
SAVI_q25_2020_autumn,0.0002263235,-0.0039182296,0.0039586676,0.0025463237,-0.0007842461,-0.0020240997,0.0022429817
B04_std_2020_autumn,0.0027677943,-0.0015993236,-0.0002533503,-0.0048675174,0.0007023143,0.0032536252,0.002240654
B07_q75_2020_summer,-0.006551574,0.000982447,0.0022672177,0.0028335967,-8.309896e-05,0.0005529097,0.0022118073
B11_max_2020_summer,0.0049713203,-0.000712436,-0.0040784082,-0.0018289301,0.0004954721,0.0011484263,0.0022058322
B04_max_2020_summer,0.0030499229,-0.0024216988,0.0026608463,-0.0039974144,-0.00018434729,0.00089829246,0.0022020868
NDRE2_median_2020_autumn,-0.003371363,0.0053962874,-0.003220281,0.00087859,0.00020348789,0.00011343226,0.0021972402
B05_median_2021_autumn,-0.0013929397,0.0015708413,0.0038248592,-0.0051890863,0.0010156662,0.0001667192,0.002193352
NDVI_std_2020_spring,0.00069408945,0.00015161792,-0.0011977784,0.005555081,8.835513e-05,-0.005291503,0.002163071
B05_q75_2021_spring,-0.0050398763,0.0011373793,0.003918557,-0.00067368196,0.0014232348,-0.00076665817,0.002159898
NDRE2_q25_2020_summer,0.0027766686,-0.0031484987,0.003688633,-0.0018312406,-0.00021701951,-0.0012675065,0.002154928
B8A_median_2021_spring,0.0038456067,0.0025450427,-0.001353332,-0.004548924,-0.00019375948,-0.000297089,0.0021306255
B02_q75_2020_spring,-0.00081363425,-0.0010778161,0.0034011449,0.002986548,-0.00082057796,-0.0036750853,0.0021291345
NDVI_std_2020_autumn,0.0046260348,-0.0020402395,-0.0032666952,0.0017341215,2.5612622e-05,-0.0010785682,0.0021285454
NDRE2_std_2020_spring,-0.0043804017,-0.001143608,-4.016338e-05,0.0015316944,-0.00079010724,0.0048226095,0.0021180974
B08_min_2021_autumn,-0.0011143564,0.0042379415,0.00081036566,-0.005130623,0.000568834,0.00062743283,0.0020815923
B03_q25_2021_spring,0.0033566214,0.0022991425,-0.0022002778,-0.0029606721,0.00056108914,-0.0010534016,0.0020718675
NDRE2_q75_2021_autumn,0.00093863084,-0.0019154673,-0.004299174,0.0038081147,0.0007904482,0.0006762465,0.0020713469
NDVI_std_2021_autumn,0.0023807876,-0.004191074,-0.00024959253,0.0037894782,-0.00024701917,-0.0014875946,0.0020575912
NDBI_q25_2021_autumn,0.0061641773,-0.0014154023,-0.0024353913,-0.0002877986,3.2566545e-06,-0.002027906,0.0020556552
NDMI_q75_2021_autumn,-0.0061641857,0.0014154091,0.0024353834,0.00028776174,-3.257714e-06,0.0020279058,0.0020556506
B06_min_2021_spring,-0.0043472894,0.0050765257,-0.00023462492,0.0010753637,-0.00024344694,-0.001324661,0.0020503185
TC_bright_mean_2021_autumn,-0.0058188513,0.0013980421,0.0040519633,0.00047569204,0.00020593414,-0.00030577584,0.0020427096
B8A_std_2021_spring,0.0002785523,0.00064385415,-0.0045354003,0.0034528985,-0.0015880482,0.0017507032,0.0020415762
B05_max_2021_summer,0.000465756,0.0006666107,0.004595163,-0.0040248176,0.00035471685,-0.00206262,0.0020282806
BSI_mean_2021_spring,-0.0023704923,0.0013906884,-0.0024155308,0.0046827337,-0.0008458185,-0.00044352273,0.0020247977
B04_mean_2020_spring,-0.002453332,0.0014123009,-0.0035950162,0.0013398824,0.0013449056,0.0019498488,0.002015881
B11_min_2020_summer,-0.002790749,0.006040533,-0.001182045,-0.0015800648,-8.9412446e-05,-0.0003934283,0.0020127054
B11_median_2021_summer,0.001766586,-0.0011399175,-0.0035457849,-0.0012267189,0.0010574438,0.0030896075,0.00197101
B12_max_2020_autumn,0.002800147,-0.00558781,0.0018290294,-0.0003197873,0.00060422474,0.0006747326,0.0019692883
B12_q75_2020_spring,0.0010465917,-0.0029330312,0.0042037447,-0.002937785,0.00019464568,0.0004263309,0.0019570214
LBP_u8_4_2020_spring,0.0010119821,-7.002149e-06,0.0048590577,-0.0048993914,-0.00018822003,-0.00077342294,0.001956513
NDMI_q25_2020_autumn,0.001003339,0.0007281108,-0.00048900704,-0.0050048595,-0.00036535453,0.0041383663,0.0019548396
NDBI_q75_2020_autumn,-0.001001195,-0.0007287191,0.00048984075,0.0050046807,0.00036540933,-0.004137984,0.0019546382
B02_min_2020_spring,0.0048266114,-0.00012039731,-0.0030234659,-0.001130101,0.0010052628,-0.001558098,0.0019439895
B06_q25_2020_spring,-0.0024773886,0.0012949271,-0.0020259204,0.004527463,-8.065205e-05,-0.0012361696,0.00194042
LBP_u8_3_2021_spring,0.0034951488,-0.0022405402,-0.0032507211,0.0015404824,-0.00031432247,0.0007727654,0.0019356633
LBP_u8_0_2021_autumn,0.0039607054,-0.0012537923,-0.004201987,0.0010349582,-0.00023066966,0.00068912446,0.0018952062
B06_mean_2020_spring,5.5516466e-05,0.00042327036,-0.0037140273,0.0051068314,6.946336e-05,-0.0019368153,0.0018843208
B07_median_2020_autumn,-0.0041991733,-0.0014433432,0.0014027453,0.002513125,0.0004092098,0.0013186134,0.001881035
NDMI_median_2021_autumn,0.0011870975,-0.0015992869,-0.004009814,0.0022280435,0.0005910484,0.0016086723,0.0018706605
NDBI_median_2021_autumn,-0.0011871151,0.0015992776,0.004009808,-0.0022280144,-0.0005910485,-0.0016086728,0.0018706559
B8A_median_2021_autumn,0.0009752202,0.0046120225,-0.000111191344,-0.0044337227,-4.4362343e-05,-0.0010060145,0.0018637556
BSI_q25_2021_spring,-0.0012403023,-0.0026431584,0.0045214505,0.0009628918,-0.0011319116,-0.0004736401,0.0018288925
LBP_entropy_2021_summer,0.004372998,-0.0019463502,0.0010340561,-0.002691356,-0.00014606169,-0.0006240159,0.0018024732
LBP_u8_0_2020_spring,0.0008655527,0.0007638092,-0.00525382,0.0037211156,-0.00014157034,4.5865854e-05,0.0017986223
NDRE2_std_2021_spring,-0.00024140943,0.0024865046,-0.00056967506,-0.00457522,0.001076986,0.0018214409,0.0017952059
LBP_u8_3_2020_spring,0.0030310913,0.0004424966,-0.005335911,0.0016056241,0.00029680354,-3.8248032e-05,0.001791696
B11_q75_2021_summer,0.0021047038,-0.0010216633,-0.002357164,-0.0014112558,-0.00057190645,0.0032534164,0.001786685
LBP_entropy_2020_summer,0.0033321201,-0.0042785457,0.0013811479,-0.0010764481,8.050324e-05,0.000560977,0.0017849569
LBP_entropy_2021_spring,0.004199068,0.0001069546,-0.004351201,0.00072624313,-0.0009949505,0.0003128808,0.0017818831
B05_mean_2020_summer,-0.00309502,-0.000801701,0.0045474553,-0.0013857001,0.00077749527,-4.481736e-05,0.0017753649
B03_max_2021_summer,0.005301606,-0.0020410854,-0.0017025399,-0.00020604228,-2.0428371e-05,-0.0013195418,0.0017652073
NDRE2_q75_2021_spring,0.0051861024,-0.0016814631,-0.002489721,-0.0010324132,7.581561e-05,-5.5694836e-05,0.001753535
B03_max_2020_spring,-0.0004275112,-0.00264909,0.004652906,0.00058901065,-0.0007827203,-0.0013843994,0.0017476063
B08_max_2021_spring,-0.0021429553,-0.0018570268,-0.00123893,0.0026838165,0.00078996795,0.0017652555,0.0017463254
NDBI_q75_2020_spring,0.0027058553,0.000538761,-0.003342559,-0.0018603544,0.00069772487,0.0012605146,0.0017342948
NDMI_q25_2020_spring,-0.0027044558,-0.00053855515,0.0033425898,0.001859818,-0.0006978304,-0.0012597304,0.0017338298
LBP_u8_8_2020_spring,0.0024527898,-0.0032072037,-0.00087441626,0.0026427412,0.00010560176,-0.0011185852,0.0017335564
LBP_u8_8_2020_summer,0.0007860732,0.001124638,-0.0013715075,0.0030222493,0.00025806343,-0.0038205865,0.0017305197
B03_mean_2021_spring,0.00041487874,0.0034968462,0.00056732475,-0.001551182,0.00066018634,-0.0035895456,0.0017133272
B06_median_2020_spring,0.0007513034,0.003925519,-0.0047141467,-0.00040604422,8.198233e-05,0.0003616961,0.0017067819
NDWI_q75_2020_summer,0.0025361273,-0.0026062906,-0.00076475495,-0.0017320433,0.0012782433,0.0013008451,0.0017030508
B12_max_2020_summer,0.0014408312,-0.0043913755,-5.9087528e-05,0.003126423,-0.00062600087,0.0005146813,0.0016930666
B03_std_2021_autumn,-0.0014608655,0.0011317446,0.002496948,0.00029404642,0.0011547821,-0.0036140413,0.0016920714
TC_bright_mean_2020_spring,-0.0032607012,8.556617e-05,0.004244232,-0.001793202,-1.4499267e-06,0.0007225213,0.0016846121
B8A_q25_2021_spring,0.0017226757,0.0032941524,-0.0016813517,-0.0015055722,-0.00024170676,-0.0015982192,0.0016739463
NDVI_range_2020_autumn,0.0002870479,-0.0038177173,-0.00117684,0.004050217,4.9486756e-05,0.0006056543,0.0016644938
B06_median_2020_autumn,0.00044355626,-0.0028794208,0.0003137229,0.0041998243,-0.0009371316,-0.0011433938,0.0016528416
B05_min_2020_spring,0.00027838364,-0.003223506,0.0016623059,0.0028612656,0.0001533502,-0.0017325148,0.0016518879
B08_min_2020_autumn,-6.3679974e-05,0.0029536374,0.001955424,-0.004445171,-0.00019349916,-0.00020607798,0.0016362482
B08_max_2020_autumn,-0.0022137233,0.0013057345,0.0033180271,-0.0024804852,0.0002813158,-0.0002094415,0.0016347879
B8A_min_2020_spring,-0.001060696,0.004764741,-0.0024893775,-0.00037025506,6.916055e-05,-0.00091297424,0.0016112007
NDRE1_q75_2021_autumn,0.0019198128,-0.0024256501,0.0022592973,-0.00045889826,0.0006202728,-0.0019060213,0.0015983254
NDBI_median_2020_autumn,5.270415e-05,0.001243548,-0.0012751526,0.002630458,0.0008414034,-0.0034908454,0.0015890185
NDMI_median_2020_autumn,-5.1683466e-05,-0.0012446624,0.0012759487,-0.002629367,-0.0008413388,0.0034908198,0.0015889701
NDBI_median_2020_spring,0.0012844483,0.00038227421,0.002348254,-0.0030847595,0.0007483646,-0.0016788064,0.0015878178
NDMI_median_2020_spring,-0.0012844153,-0.0003827419,-0.0023480512,0.003081732,-0.0007482718,0.0016783817,0.0015872656
NBR_std_2021_autumn,0.0014046709,-0.0015222725,0.0033380059,-0.0017414562,-7.962221e-05,-0.0014066751,0.0015821172
TC_bright_mean_2020_autumn,0.00018312162,-0.0027459199,0.0034119016,-0.001976227,0.0005516595,0.0005708543,0.0015732808
LBP_u8_4_2021_autumn,-0.0011860849,0.0011675821,0.0032957909,-0.0028356921,0.00016630604,-0.0006112942,0.0015437916
B05_q25_2021_autumn,-0.0025439,-0.00032029915,0.004157345,0.00046803764,-0.00076392846,-0.0009887058,0.0015403692
NDVI_iqr_2020_summer,0.003145634,0.00046828864,-0.0046116696,0.00043784446,-1.0567101e-05,0.0005659369,0.00153999
LBP_u8_5_2021_spring,-0.0003888923,-0.0028282588,0.004600969,-0.001078912,-1.2631985e-05,-0.0002898969,0.0015332601
LBP_u8_3_2021_autumn,0.0011151548,0.00012999932,-0.00447364,0.003345548,-8.1519785e-05,-3.7942802e-05,0.0015306341
LBP_u8_8_2020_autumn,0.0015238795,-0.0005315213,-0.0034383729,0.0025164424,0.0004079923,-0.0004784492,0.0014827762
B11_max_2021_summer,-0.00055704097,0.0006940259,0.0015459982,-0.003838114,0.00049825275,0.0016603261,0.0014656264
LBP_u8_7_2021_spring,-0.0026040976,0.0011299253,0.0029548942,-0.0012460522,0.00031233666,-0.0005454303,0.001465456
NDRE1_q75_2020_autumn,-0.0012508016,0.0031987503,0.00038794792,-0.0030391722,0.00071632507,-1.828971e-05,0.0014352143
NDRE1_median_2021_spring,0.0017445788,0.0022558523,-0.0015672883,-0.0016739599,0.0002957249,-0.0010675002,0.0014341507
B08_finite_frac_2021_summer,-0.0003000256,0.00019434761,0.0017660201,0.0022705428,-0.00010083049,-0.0038299542,0.0014102869
B04_finite_frac_2021_summer,-0.0003000254,0.00019434345,0.0017660253,0.0022705414,-0.00010083035,-0.0038299556,0.0014102869
B03_finite_frac_2021_summer,-0.0003000251,0.00019434487,0.0017660201,0.0022705358,-0.000100829304,-0.0038299554,0.0014102851
B02_finite_frac_2021_summer,-0.00030002536,0.00019434761,0.0017660146,0.002270538,-0.00010082922,-0.003829956,0.001410285
B11_max_2020_spring,-8.999319e-05,0.0034640175,-0.0032227852,-0.00081421563,0.0006852832,-2.456758e-05,0.001383477
B02_max_2021_spring,-7.071204e-05,-0.0026195473,0.0028012677,-0.0004939336,-0.0009147947,0.0013009028,0.0013668597
LBP_u8_0_2020_summer,0.0028468817,-0.0031151988,0.0011622244,-0.000695767,1.9629573e-05,-0.0002184416,0.0013430238
B05_median_2020_summer,-0.0026727566,-0.00021867431,0.0031119776,0.00060122524,-0.001139532,0.00031160944,0.0013426292
LBP_u8_7_2020_autumn,-0.002046082,1.6242217e-05,0.0038955465,-0.00185566,0.00010567225,-0.000115490824,0.0013391157
LBP_u8_2_2020_spring,-0.0011056701,0.0010599965,-0.0026091654,0.0029531296,-0.00012000669,-0.00017724217,0.0013375351
LBP_entropy_2020_autumn,0.0035982914,-0.0012827388,-0.0014270636,-0.0001916582,0.00039636594,-0.0010929689,0.0013315143
B06_max_2021_autumn,-1.29870605e-05,0.003684455,0.00025312617,-0.001027635,-0.00010224494,-0.0027934234,0.0013123119
NDBI_q25_2020_spring,0.002537157,-0.0033702173,0.0012459266,3.7542661e-06,0.00010903017,-0.0005260733,0.0012986931
NDMI_q75_2020_spring,-0.002536923,0.0033693977,-0.0012456918,-4.084827e-06,-0.000108983775,0.00052596146,0.0012985071
LBP_u8_1_2020_summer,0.00088098395,-0.0016730413,0.0026264307,-0.00222234,0.00013369032,0.00025259802,0.0012981807
TC_bright_mean_2021_summer,-0.0033457591,0.0018491603,-0.0003228503,0.0013412777,-0.00021960598,0.0006966166,0.0012958783
B08_finite_frac_2021_spring,-0.0007471,0.00024217223,-0.0018570097,0.0033227527,0.00029914375,-0.001259842,0.0012880034
B04_finite_frac_2021_spring,-0.0007471068,0.00024216839,-0.0018569784,0.0033227303,0.00029914602,-0.0012598424,0.0012879954
B02_finite_frac_2021_spring,-0.00074729614,0.00024200247,-0.0018569331,0.0033226223,0.00029914308,-0.0012597973,0.0012879657
B03_finite_frac_2021_spring,-0.00074729073,0.00024199777,-0.0018569318,0.003322625,0.00029914355,-0.0012597999,0.0012879649
LBP_u8_7_2021_autumn,-0.0029251825,0.0019304061,0.0017922532,-0.00090668706,0.00013300186,-2.4761152e-05,0.001285382
B08_max_2020_summer,0.0019818328,-0.00358229,0.0012329519,0.00048071015,0.0001504611,-0.0002652145,0.0012822434
LBP_u8_1_2020_spring,-0.003450922,0.0029866016,0.00084590213,-0.00033477723,-5.0845014e-05,5.144294e-06,0.001279032
B08_finite_frac_2020_summer,0.0012419401,0.0021063038,-0.0016002941,-0.00028721942,0.00046599377,-0.0019268874,0.0012714397
B04_finite_frac_2020_summer,0.0012417153,0.002106496,-0.0015998514,-0.0002870042,0.0004660007,-0.0019271519,0.00127137
B03_finite_frac_2020_summer,0.0012414124,0.002106607,-0.0015996953,-0.00028705172,0.00046601472,-0.0019273253,0.0012713511
B02_finite_frac_2020_summer,0.0012414034,0.002106601,-0.0015996791,-0.0002869825,0.00046601324,-0.0019273257,0.0012713341
B03_finite_frac_2021_autumn,0.00096646853,-0.0007338235,-0.0029907925,0.0013093546,-6.4686654e-05,0.0015134115,0.0012630896
B02_finite_frac_2021_autumn,0.0009664654,-0.0007338312,-0.0029907832,0.0013093536,-6.46866e-05,0.0015134136,0.0012630889
B04_finite_frac_2021_autumn,0.00096646446,-0.00073382776,-0.0029907909,0.0013093555,-6.468718e-05,0.0015134058,0.0012630887
B08_finite_frac_2021_autumn,0.00096647907,-0.0007338607,-0.0029907536,0.0013093228,-6.46884e-05,0.001513398,0.0012630838
NDBI_q75_2021_autumn,0.00238292,0.0013369694,-0.0005979709,-0.0021574595,-0.00024690497,-0.00072757003,0.0012416324
NDMI_q25_2021_autumn,-0.002382877,-0.0013369531,0.00059796986,0.0021574826,0.00024690648,0.000727569,0.0012416263
NDMI_q25_2020_summer,-0.001226193,5.932739e-05,0.0034818742,-0.0020487942,-0.0004477115,0.00018119483,0.0012408491
NDBI_q75_2020_summer,0.0012241735,-5.9161706e-05,-0.003481894,0.002046983,0.0004477511,-0.0001814417,0.0012402341
TC_bright_mean_2021_spring,-0.0024805542,-0.00039104634,-0.0008093581,0.0025835189,0.0010021437,0.00010204971,0.0012281117
LBP_u8_7_2020_spring,-0.0029823426,0.0011429632,0.00033185387,0.002185949,-0.00013925912,-0.00053852156,0.0012201483
B12_std_2020_summer,0.0014122116,-0.0007885558,0.0017742753,-0.002727956,-0.00011434536,0.00043923786,0.0012094303
B12_finite_frac_2021_summer,3.6364847e-05,-0.0012212784,0.001505407,-0.002386871,-2.81866e-06,0.002069591,0.0012037219
B06_finite_frac_2021_summer,3.635733e-05,-0.0012212783,0.0015054,-0.0023868594,-2.8189293e-06,0.0020695876,0.0012037171
B07_finite_frac_2021_summer,3.635675e-05,-0.0012212782,0.0015054006,-0.0023868596,-2.8189613e-06,0.0020695864,0.0012037168
B8A_finite_frac_2021_summer,3.635834e-05,-0.0012212772,0.0015053988,-0.0023868592,-2.819037e-06,0.002069586,0.0012037164
B11_finite_frac_2021_summer,3.6358666e-05,-0.0012212733,0.001505397,-0.0023868596,-2.8187956e-06,0.0020695867,0.0012037157
B05_finite_frac_2021_summer,3.6352558e-05,-0.0012212762,0.001505398,-0.0023868624,-2.8187e-06,0.0020695846,0.0012037155
BSI_median_2021_spring,-0.0010101914,0.0016631052,0.0019214809,-0.0012857645,-0.0011245921,-0.00016437513,0.0011949182
B03_max_2021_autumn,-0.0016555883,-0.00078788213,0.0026322738,0.0005745407,0.0003434234,-0.0011052581,0.0011831612
LBP_u8_3_2020_autumn,0.0010519631,0.00028487478,-0.0029195852,0.0022051102,-0.0003270414,-0.00029435387,0.001180488
LBP_u8_0_2020_autumn,9.4443e-05,0.00077847164,-0.0034136348,0.0022264442,-0.000107825654,0.00042279885,0.0011739364
LBP_u8_0_2021_summer,0.0009428553,-0.0022841743,-0.00065878284,0.0022882647,0.00027089915,-0.000559426,0.0011674004
LBP_u8_8_2021_summer,0.0007029383,-0.0017628421,-0.0010161012,0.0027846359,-0.0003634781,-0.00034558284,0.0011625964
LBP_u8_9_2021_autumn,-0.0028703231,-0.0005899217,0.00048300377,0.002440906,4.515728e-05,0.00048969756,0.0011531683
B08_finite_frac_2020_spring,0.0015999998,-0.0019121096,-0.0013212522,0.0010615329,-6.461756e-05,0.00063674443,0.0010993761
B04_finite_frac_2020_spring,0.0015999458,-0.0019121602,-0.0013212345,0.0010617635,-6.457718e-05,0.00063646154,0.0010993571
B02_finite_frac_2020_spring,0.00159996,-0.0019122962,-0.0013208694,0.0010616393,-6.4603075e-05,0.00063640246,0.0010992951
B03_finite_frac_2020_spring,0.0015999235,-0.0019122993,-0.0013208347,0.0010616399,-6.460855e-05,0.0006364174,0.0010992872
LBP_u8_6_2021_autumn,-0.00096294284,0.00010232263,0.0027455739,-0.0021608367,-0.00016098685,0.000435657,0.00109472
LBP_u8_2_2021_autumn,0.0005823473,0.0006891375,-0.0032254164,0.0016957857,1.1333785e-05,0.00024494072,0.0010748269
LBP_u8_4_2020_autumn,0.0016786486,0.0013657411,0.00017578967,-0.0026059942,-1.598881e-05,-0.0005969048,0.0010731778
LBP_u8_1_2020_autumn,-0.0018626845,0.00041170744,0.0024681047,-0.0010545867,-0.00030144813,0.00033963943,0.0010730285
LBP_u8_9_2020_autumn,-0.0023253846,-0.00016040546,-0.0004325159,0.0030165962,0.0001443876,-0.00024236794,0.0010536097
LBP_u8_8_2021_autumn,0.00013393335,-0.0009744669,-0.0010466551,0.0029945322,-0.00018395353,-0.0009246642,0.0010430341
B03_max_2021_spring,-7.8132725e-05,0.0005506877,0.0020533677,-0.0010974032,0.0005170351,-0.0019520208,0.0010414412
LBP_u8_6_2021_spring,-0.00073294336,-0.00213355,0.0028896574,-0.00021412165,6.1700826e-05,0.00013082768,0.0010271335
LBP_u8_4_2020_summer,0.0022834018,0.0002071209,0.0004747697,-0.0019741948,8.567601e-05,-0.0010801203,0.0010175473
LBP_u8_9_2021_summer,-0.000876474,0.0016548861,0.0010024318,-0.0021705676,0.00031645742,7.250732e-05,0.0010155541
LBP_u8_5_2020_summer,-0.0005542571,0.0013684997,-0.0012842804,0.0013501687,0.00023049112,-0.0011123732,0.000983345
NDBI_median_2021_summer,0.0002511582,0.00086422975,-0.00015311959,0.0017704249,-0.00036809393,-0.002375415,0.0009637402
NDMI_median_2021_summer,-0.0002511382,-0.0008642326,0.00015311572,-0.0017704107,0.00036809634,0.002375415,0.00096373475
TC_bright_mean_2020_summer,-0.0020463937,0.00028119242,-0.0008271777,0.0011024941,0.00042751554,0.0010627639,0.00095792295
B06_std_2020_autumn,-0.00038022082,-0.0009756295,0.0021543126,-0.0015141744,0.0004896402,0.00022662252,0.0009567666
LBP_u8_1_2021_autumn,-0.0005979825,0.00015180702,0.0019311436,-0.00210353,-8.518758e-05,0.0007018431,0.00092858233
B04_finite_frac_2020_autumn,0.0017634742,-0.0002841546,-0.0016198775,-0.0006522575,-0.000218358,0.0010110397,0.0009248602
B02_finite_frac_2020_autumn,0.0017633841,-0.00028380426,-0.0016201949,-0.00065216457,-0.00021835128,0.0010110831,0.0009248303
B03_finite_frac_2020_autumn,0.0017633655,-0.0002837773,-0.0016201833,-0.0006521677,-0.00021835002,0.001011076,0.0009248199
B08_finite_frac_2020_autumn,0.0017633426,-0.0002840686,-0.0016198766,-0.0006520274,-0.00021838085,0.0010110248,0.0009247868
B05_median_2021_spring,-0.0013865086,-0.001359761,0.0006845331,0.00050524203,-1.0675899e-05,0.0015605764,0.00091788283
LBP_u8_7_2020_summer,-0.0010697453,0.0016577629,0.0010903312,-0.0007216353,-1.6233167e-05,-0.0009412502,0.00091615965
NDRE1_median_2020_autumn,0.0002560496,0.0015441822,-0.0013302412,-0.001363939,0.00023782549,0.0006636985,0.0008993226
LBP_u8_8_2021_spring,8.481835e-05,-0.00039384546,0.0017850769,-0.0015142227,0.0006625496,-0.00062211184,0.0008437708
LBP_u8_6_2020_spring,-0.0007558867,-0.0017584034,0.001579989,0.0002534597,0.00020477184,0.0004766969,0.0008382013
LBP_u8_9_2020_summer,-0.0014840601,0.0016131967,0.0004001499,-0.0009093679,-9.584406e-05,0.0004742869,0.00082948426
LBP_u8_9_2021_spring,0.0010836482,-0.0019994664,-0.00046167328,0.00029876415,0.00038718237,0.00069328136,0.0008206693
LBP_u8_2_2020_autumn,-0.000458423,-0.0019456951,0.00053085276,0.0016214255,5.3353004e-05,0.00019908385,0.0008014722
B12_std_2021_spring,0.0007579095,0.00015728944,0.0014592153,-0.001901888,-0.00044060624,-3.469739e-05,0.0007919344
LBP_u8_3_2021_summer,0.00023030359,0.0010763732,-0.0022768881,0.0008051242,0.00025947907,-9.556558e-05,0.0007906223
B05_finite_frac_2021_autumn,-0.001307593,9.077239e-05,0.0022613122,-1.7473405e-05,-5.6034223e-05,-0.0009710149,0.0007840334
B07_finite_frac_2021_autumn,-0.0013075855,9.076072e-05,0.0022612815,-1.7467804e-05,-5.6033965e-05,-0.0009710064,0.0007840227
B06_finite_frac_2021_autumn,-0.001307585,9.0760856e-05,0.0022612817,-1.7467955e-05,-5.6034e-05,-0.0009710064,0.0007840227
B8A_finite_frac_2021_autumn,-0.0013075874,9.0750946e-05,0.002261275,-1.7465954e-05,-5.6033732e-05,-0.000971,0.00078401883
B12_finite_frac_2021_autumn,-0.0013075868,9.075735e-05,0.0022612656,-1.7459015e-05,-5.6033674e-05,-0.00097099954,0.000784017
B11_finite_frac_2021_autumn,-0.0013075868,9.075733e-05,0.0022612656,-1.7459004e-05,-5.6033685e-05,-0.0009709996,0.000784017
LBP_u8_7_2021_summer,-0.0018333523,0.0015457923,0.0007865181,-0.00029696256,-7.2709634e-05,-0.00012977616,0.00077751855
LBP_u8_5_2020_autumn,0.00064486807,-0.0013520045,0.0015174767,-0.00048599142,0.00016899253,-0.00049292616,0.0007770432
LBP_u8_2_2021_spring,2.9726792e-05,0.00036374922,-0.0022122338,0.0013355503,-9.7690514e-05,0.00058283185,0.00077029713
B05_finite_frac_2020_summer,-0.0012765921,-0.0007101696,0.0010679003,0.0004030716,-0.00021595435,0.00073126034,0.0007341581
B07_finite_frac_2020_summer,-0.0012763046,-0.0007102037,0.0010681084,0.00040302757,-0.00021592477,0.0007312879,0.0007341428
B06_finite_frac_2020_summer,-0.0012763033,-0.0007102039,0.0010681081,0.00040302542,-0.00021592488,0.00073128793,0.00073414226
B8A_finite_frac_2020_summer,-0.0012762867,-0.0007100627,0.0010683083,0.0004031802,-0.00021593079,0.00073100964,0.00073412975
B12_finite_frac_2020_summer,-0.0012769114,-0.0007094263,0.001068098,0.00040356402,-0.00021590409,0.0007308597,0.0007341272
B11_finite_frac_2020_summer,-0.0012763464,-0.00070989213,0.0010682789,0.0004032921,-0.00021592164,0.000730804,0.0007340892
LBP_u8_9_2020_spring,-0.0004897077,0.00017631632,-0.0016027726,0.0011618842,0.00011368222,0.0006412106,0.0006975956
B06_q75_2020_spring,-0.00042790995,-0.00038008884,-0.00019490322,0.001978912,-0.00073539687,-0.0002425506,0.00065996026
LBP_u8_3_2020_summer,-0.0011240703,-0.000645719,0.0005784598,0.0011191627,0.00013624382,-6.655622e-05,0.000611702
LBP_u8_6_2021_summer,-0.001334017,-3.927064e-05,0.00092687906,-2.9858458e-05,-0.0003328148,0.0008086677,0.0005785846
LBP_u8_1_2021_summer,0.0010126681,0.0002499967,-0.00023327857,-0.00064963626,0.00029312682,-0.00067355315,0.00051870995
LBP_u8_6_2020_summer,-0.00090357213,0.0012680917,-2.806103e-05,0.000114381095,0.00013842396,-0.0005901773,0.00050711783
B06_std_2021_autumn,-0.00058975397,0.000620434,2.6125688e-05,-0.0009233669,0.0007160848,0.00015035954,0.0005043542
B8A_finite_frac_2021_spring,0.00059966714,-0.000108131615,-0.00020074872,0.00069204223,0.00017669212,-0.00115942,0.0004894503
B11_finite_frac_2021_spring,0.00059965503,-0.00010812137,-0.00020075121,0.0006920494,0.00017669232,-0.0011594201,0.00048944826
B12_finite_frac_2021_spring,0.0005996552,-0.00010812187,-0.00020075128,0.00069204863,0.00017669234,-0.0011594202,0.00048944826
B07_finite_frac_2021_spring,0.0005996704,-0.00010812606,-0.00020074393,0.00069202797,0.0001766918,-0.0011594087,0.0004894448
B06_finite_frac_2021_spring,0.0005996685,-0.00010812614,-0.0002007402,0.00069202797,0.00017669192,-0.0011594084,0.00048944383
B05_finite_frac_2021_spring,0.00059964636,-0.00010810867,-0.000200764,0.0006920346,0.00017669583,-0.0011593963,0.000489441
LBP_u8_2_2020_summer,0.00044787937,-0.00072429964,0.0007745282,-0.00072345394,0.00010154264,0.00012212475,0.00048230475
LBP_u8_5_2020_spring,-0.00034141823,-0.00078250945,0.0012259295,-0.00024343948,8.533118e-05,5.736047e-05,0.0004559981
B05_finite_frac_2020_autumn,-0.00089671277,0.0003093076,0.00085968926,-0.00044627796,0.000100365396,7.362057e-05,0.00044766223
B06_finite_frac_2020_autumn,-0.0008968061,0.00030944223,0.0008597197,-0.00044608972,0.000100360994,7.3300114e-05,0.00044761982
B07_finite_frac_2020_autumn,-0.00089680654,0.00030944182,0.0008597197,-0.00044608954,0.00010036097,7.329917e-05,0.00044761962
B8A_finite_frac_2020_autumn,-0.0008967646,0.00030934945,0.00085971894,-0.00044610855,0.000100351564,7.330816e-05,0.00044760024
B12_finite_frac_2020_autumn,-0.00089670875,0.00030919898,0.0008595999,-0.00044611702,0.00010035982,7.342197e-05,0.00044756776
B11_finite_frac_2020_autumn,-0.00089670887,0.00030919857,0.0008595997,-0.0004461174,0.00010035981,7.3421885e-05,0.00044756776
LBP_u8_6_2020_autumn,-0.0010740375,0.00027500943,0.00088848703,-0.00018733086,0.0001559779,-5.783612e-05,0.0004397798
LBP_u8_5_2021_summer,0.00061697746,-0.00042227888,0.00036314625,-0.0007870686,-5.7269797e-05,0.00028568483,0.00042207097
LBP_u8_1_2021_spring,-0.00044951477,0.0003280452,0.0002634843,-0.0006798324,-0.00013033944,0.00067018834,0.00042023408
LBP_u8_5_2021_autumn,0.0006612396,-0.0004451782,0.00035370616,-0.0006447959,0.00012800275,-5.478791e-05,0.0003812851
LBP_u8_4_2021_summer,-0.00048414822,-6.381592e-05,0.00041467478,0.0007171373,-0.00012500494,-0.00046069658,0.00037757962
B05_finite_frac_2020_spring,-5.1003386e-05,0.0007120036,-0.00033094973,-0.0005461888,-8.407069e-06,0.00022437598,0.00031215473
B06_finite_frac_2020_spring,-5.1323063e-05,0.0007119773,-0.00033049815,-0.0005462293,-8.431589e-06,0.0002242189,0.00031211306
B07_finite_frac_2020_spring,-5.13167e-05,0.0007119801,-0.00033050007,-0.0005462275,-8.431694e-06,0.00022421393,0.00031211166
B12_finite_frac_2020_spring,-5.0880735e-05,0.00071201025,-0.00033069478,-0.00054653815,-8.361565e-06,0.00022418157,0.00031211117
B11_finite_frac_2020_spring,-5.087604e-05,0.00071201037,-0.00033069402,-0.00054653775,-8.36179e-06,0.00022418119,0.0003121102
B8A_finite_frac_2020_spring,-5.1069634e-05,0.00071201695,-0.00033065653,-0.0005461749,-8.405148e-06,0.00022401786,0.00031205683
LBP_u8_2_2021_summer,0.00010963521,-4.216756e-05,-2.4699973e-05,0.0006591872,-1.2966337e-05,-0.00068961317,0.00025637823
