feature,mean_abs_shap,shap_tree_cover,shap_grassland,shap_cropland,shap_built_up,shap_bare_sparse,shap_water
NDRE2_q25_2021_summer,0.02718471628985059,0.0008418400050387804,0.0008897059384907551,0.0022486930710417705,0.15903160773096203,3.181606755535523e-05,6.463492601482219e-05
CRI1_q75_2021_autumn,0.02170186201878717,0.12780300731411817,0.0014443631791823638,0.0006069355706799076,0.0003006059446041072,2.408284512166245e-05,3.217725901679575e-05
CRI1_q75_2020_autumn,0.010633548292287971,0.04764300638622379,0.0029664582894123174,0.012879247038639898,0.0002517904357546572,4.473371534821766e-05,1.6053888348947467e-05
TC_wet_mean_2020_autumn,0.010278073277855569,0.0068504983147847824,0.014380064657827901,0.03809867220038434,0.0022273900789581396,9.487960301950596e-05,1.6934812158737524e-05
CRI1_q25_2021_summer,0.008598627405318604,0.00038577861750592446,0.0010692786635745227,0.005036567227310719,0.04456218620233604,0.0004973974138357687,4.05563073486507e-05
CRI1_std_2020_autumn,0.006030002833010158,0.005122131327872228,0.0016100554979068694,0.028109535504147895,0.0012838198697930742,3.7145733467704024e-05,1.7329064873174577e-05
B05_q75_2021_summer,0.005679545097012659,0.0318343127694633,0.0010035204173671503,0.00036062663911147025,0.0008257752281375382,4.164403191081865e-05,1.1391496085668887e-05
TC_green_std_2021_summer,0.005417446801740088,0.00109049969812108,0.0008262286137315537,0.009641971641627604,0.020604843867723977,0.0002483364025501021,9.280058668621223e-05
CRI1_q75_2021_summer,0.004609002918614944,0.026418517888088782,0.000576982949236809,0.00042626677969471045,0.00018417522424086016,4.436830396129151e-05,3.7063664672086867e-06
CRI1_std_2021_summer,0.004536902848764652,0.009015753806362343,0.0004229473822411934,0.010543627343631876,0.007158762768154961,4.632170087842294e-05,3.400409131911748e-05
NDTI_q25_2021_spring,0.004519605392783969,0.0020461333386841266,0.0023936979892608423,0.011086534737129576,0.011532455119562413,3.9927060747889214e-05,1.8884111318966222e-05
IRECI_q75_2020_autumn,0.004382308720481351,0.0009098076408179204,0.0003279052847715492,0.00015237722585095164,0.024878836440237417,1.62306988526784e-05,8.695032357588508e-06
TC_wet_mean_2021_autumn,0.004296550543043134,0.001484714356426903,0.008465467827779244,0.015077659248481083,0.0006714998021700861,6.118265671055105e-05,1.8779366690937303e-05
NDTI_q25_2021_summer,0.004221034703188789,0.0003738172065281282,0.0013227754161765717,0.0003549303524255528,0.023108719504919842,0.00010105878264815731,6.490695643448072e-05
B05_q75_2021_autumn,0.004100171990744834,0.017549169518461964,0.0021615082961425423,0.0030478940154382204,0.0017909901452000945,3.895154716492802e-05,1.251842206125917e-05
B05_q25_2021_autumn,0.0033234834673543157,0.015913492104242862,0.0035431238644338375,0.00023343501591746943,0.000172892972412379,6.223028175701958e-05,1.5726565362326682e-05
TC_bright_mean_2020_spring,0.003276460838543102,0.008509575299187883,0.0006667359045226538,0.01004176805392722,0.00022833905260121829,0.00018074598657608307,3.160073444355183e-05
NDTI_q25_2020_spring,0.003185702495649496,0.00558791353998441,0.0011036415571122845,0.008746976630841978,0.0035702426893160517,7.348596742814545e-05,3.19545892141087e-05
TC_wet_mean_2021_summer,0.002965994213770816,0.0008965867989956417,0.00891750221601663,0.006196666162975175,0.0016532577625514365,7.36797559746843e-05,5.827258611132693e-05
NDTI_median_2021_summer,0.0026258820848129426,0.0010355249360763778,0.001775208402777792,0.0005765541754761007,0.01232217445709961,3.651483994808393e-05,9.315697499690807e-06
B8A_q75_2020_spring,0.0025889085861359904,0.0007814201216086615,0.014217051070664947,0.00014388509265760572,0.0003581675080086964,2.3527069018336778e-05,9.400654857693206e-06
B05_min_2020_autumn,0.002502906765422508,0.012626662933135155,0.0005454943418024613,0.0002898204471009077,0.0014747294301377632,5.432143125253245e-05,2.6412009106228244e-05
NDTI_mean_2021_spring,0.00243845737363147,0.005063368515736852,0.005712259589349405,0.0029165791608269987,0.0007256673145564375,0.00019913047673877644,1.3739184580351856e-05
NDRE2_q25_2020_spring,0.0022970985742012252,0.00038822393298109243,0.004091519106243356,0.00026209291229719304,0.008941404384158002,2.898191983261206e-05,7.036918969509487e-05
CRI1_median_2021_autumn,0.0022968490616446804,0.01215342707328376,0.0003536513921253456,0.0009161355563980945,0.00026443844320172817,5.6195709902371716e-05,3.7246194956780844e-05
NDRE2_std_2020_spring,0.0022164124986658847,0.0013450877919127878,0.0007441406284439937,0.0017186144886793527,0.008269190133999993,0.00030844646949212897,0.0009129954794670509
SAVI_q75_2020_autumn,0.0019482140906919379,0.0006492233747400165,0.0004911544386027744,0.00016253106847093364,0.010369292400703396,8.92547574378638e-06,8.157785890721176e-06
B06_q75_2021_spring,0.0019159013302955145,0.00012555107176924395,0.010938112810552172,0.00018273653765516073,0.0002222239932914349,1.9087764835614e-05,7.695803669463166e-06
TC_wet_mean_2020_summer,0.0018523011564608469,0.00042898089284677945,0.004602345467654073,0.005327633541712977,0.0005847326439103443,7.168228357308444e-05,9.84321090678239e-05
NDRE2_q75_2020_spring,0.0018504724482989107,0.0014974093804160855,0.0038366219144159077,0.0005756969660571146,0.005007267542235478,0.00011476361593149342,7.107527073738387e-05
B05_q25_2021_summer,0.0018229942025284934,0.007218693735238563,0.0022875519235639285,0.00016221666578586453,0.0012145451586805316,3.096806931592171e-05,2.398966258615129e-05
B8A_min_2020_summer,0.0018041329631302597,0.000665589543112304,0.0005529371792039443,0.0017547830723008816,0.0074664472729451085,1.215958222707828e-05,0.00037288112899224227
TC_green_mean_2021_summer,0.0017915242074197015,0.0004364685613638144,0.0008422929235598728,0.0024114287639979085,0.00678342104677758,0.0002692573712441176,6.276577574918142e-06
TC_wet_mean_2021_spring,0.0017586309018669999,0.0007446543712504337,0.002115076198282326,0.006406132554597345,0.0011632396227727062,6.566117067441047e-05,5.702149362477742e-05
B05_q75_2020_spring,0.0016174600553522723,0.002198039552635953,0.003826365892154983,0.0018235070140691137,0.0015975632990613766,0.0002407332245754706,1.855134961673495e-05
TC_wet_std_2020_autumn,0.001545381140427149,0.0031552868226544625,0.0011798470153249832,0.0021919604003098688,0.0025297430712723297,0.00012016743205038283,9.528210095086765e-05
B05_max_2021_autumn,0.001532999883627038,0.0008477912154414489,0.001629700293765273,0.005453762530614429,0.0007539493046948112,0.000413403551150894,9.939240609537192e-05
TC_wet_mean_2020_spring,0.0015274489232292552,0.0016208503446260732,0.004733822097525525,0.0013063427745589418,0.0010851267557989523,0.0003502325763851058,6.831899048093416e-05
NDVI_q75_2020_summer,0.0015172089822751485,0.008396032338525554,0.000330298979975777,8.947683798218033e-05,0.00018130488564492846,0.0001050313516755336,1.1094998469164587e-06
SAVI_q75_2021_autumn,0.0014832745762045681,0.00016380826581758999,0.000985637811312266,0.00019055051005712858,0.007299057565816202,0.0002605933042242226,0.0
TC_wet_std_2020_summer,0.0014674328650142161,0.0010623354345984215,0.0012724133848135474,0.005298913955443116,0.0007730460824770593,0.0002509401166870275,0.00014694821606612516
SAVI_median_2021_autumn,0.0014237683090684537,0.0004667435921595561,0.0008113782045508161,0.0002307441872206069,0.006815821639744435,0.00017198941927945227,4.593281145585578e-05
NDTI_q75_2021_spring,0.0014094241910496336,0.0016220892454383942,0.003924058999764451,0.0018593615902316456,0.0009976618253124314,4.524467899143814e-05,8.128806559442355e-06
NDVI_q25_2020_spring,0.0013956201696251596,0.0017820893170576483,0.00012514536857213696,0.0020432083363765554,0.0043658662887406845,5.134581100525462e-05,6.065895998678367e-06
B06_median_2021_summer,0.0013897487257737626,0.00025138310963209663,0.007409520017562275,0.00043702416585387804,0.00022361467093586643,7.594861883193585e-07,1.619090447013837e-05
NDRE1_q75_2020_summer,0.0013814881025225442,0.006301817358499893,0.00150130261682936,0.0001289400909252028,0.0003391383550048685,5.454110161427476e-06,1.2276083714513e-05
NDRE1_q25_2020_summer,0.001381403857847175,0.0073749431144042804,0.00035111473593014855,0.00025518752180017775,0.00027795343377237566,9.601589268754643e-06,1.962275190731227e-05
CRI1_q25_2020_spring,0.0013508413989191694,0.004997654193405749,0.0007731656021171117,0.0002049545549348091,0.0020172022218607165,8.017260692178588e-05,3.189921427484482e-05
B05_mean_2021_summer,0.001335937093170223,0.0070366215109709815,0.00010908423508542518,0.0005051150099946636,0.00016276780993479335,0.00017966675871701465,2.2367234318458457e-05
SAVI_q25_2021_summer,0.0013356599792406774,0.0018118713141467926,0.000461886747346587,0.0037360001880824773,0.0019195374347205048,5.8066535138544855e-05,2.6597656009157196e-05
B06_min_2020_summer,0.0013308806684012512,0.0004274804311009491,0.00037204189799075547,0.0054400050483359745,0.00048609008042181515,5.1315180466363796e-05,0.00120835137209165
NDTI_q75_2020_spring,0.0013167992888503113,0.002446267114047963,0.0012280497615974727,0.0008265910206370928,0.003234065279725693,9.989616094661611e-05,6.592639614703113e-05
NDRE2_std_2021_summer,0.001314856622937471,0.0004093869770245852,0.00015241015641249042,0.0010988919285103774,0.005813928831770978,4.5402534454759905e-05,0.0003691193094516343
NDRE2_q25_2021_spring,0.0013112259987099518,0.000399058396680981,0.000395679679404814,0.0004010902272361593,0.006303916937553627,0.000299539040788938,6.807171059519088e-05
NDRE2_median_2020_spring,0.0013106046450328224,0.001300010674864863,0.005607559853755768,0.00026541520530856894,0.0005728922836801475,5.0331512004931606e-05,6.741834058265681e-05
NDVI_q75_2020_spring,0.0012961746905585704,0.0058089958818711655,0.0007509779393422848,0.00012319789148112397,0.0009941458336854424,8.098606702842777e-05,1.8744529942979248e-05
NDTI_q75_2021_summer,0.00129508723470787,0.00031781434727982017,0.0008521110345350545,0.0005024125308022173,0.006027002533639144,6.160885234582539e-05,9.574109645159463e-06
B8A_std_2020_spring,0.0012926972419971346,0.0017092682177041005,0.005206788342612852,0.0003825775298040086,0.00023138840982296348,1.852281711443691e-05,0.00020763813492444708
B05_min_2021_summer,0.0012860761208827328,0.0016226205596705872,0.0009692656842364005,0.0005606961542307502,0.004436806234309605,0.00010805732972774585,1.9010763121307376e-05
NDTI_q25_2021_autumn,0.0012738455479113623,0.0005617597592241115,0.0042377766902884206,0.002210346613696052,0.0005326403115023828,8.747647523583113e-05,1.3073437521376566e-05
NDTI_q25_2020_summer,0.0012583782465279982,0.0007171471028939575,0.0035824816874723006,0.0027577575938977535,0.0003840701081149283,9.808415284159784e-05,1.072883394745053e-05
B05_q25_2021_spring,0.0012562271885793147,0.0022746012896636375,0.0009744758006360635,0.0007609711998285638,0.002709536078876638,0.00031043855519960635,0.0005073402072713787
B06_min_2020_spring,0.001247302594216391,0.000827139511639632,0.0003066802481615217,0.0018324334018344963,0.0008328715959633502,1.0633404417122742e-05,0.003674057403282223
CRI1_q25_2021_autumn,0.0012385261363762011,0.006488877471579155,0.0002838506925722336,0.00018150857790349804,0.00040873201216318135,4.4195174345548624e-05,2.399288969359079e-05
B06_mean_2021_summer,0.001228196034989953,0.0001114397762545923,0.006536742330444642,0.00012193886869170109,0.0005478898423310246,2.6128530145013326e-05,2.5036862072744077e-05
NDTI_median_2021_spring,0.0012251639787072294,0.0017537587502228973,0.0009613298839323508,0.0026561755847554014,0.0018041857435656145,0.0001554012381747661,2.0132671592347032e-05
B05_min_2021_autumn,0.0012159019559395833,0.0031567330162635588,0.0028649070245357756,0.0004630390001519826,0.0005862168511985074,6.793823277263562e-05,0.00015657761071503985
NDVI_median_2020_spring,0.001182244613669246,0.004278192497917248,0.001076766361785523,0.0011547433981202579,0.0005439076784877699,3.0641193379688266e-05,9.216552324988235e-06
NDRE1_q75_2021_summer,0.0011673639008780178,0.0038089490050017562,0.0022205845176036503,0.00019560033336112187,0.0006564370536475932,0.00012029407285030514,2.3184228036799734e-06
NDTI_median_2020_spring,0.0011595982156129348,0.004285023187111037,0.00031810726341765816,0.0013600177554041572,0.0008717621221806145,0.00011223308360221964,1.0445881961921258e-05
B05_median_2021_summer,0.0011569633710107692,0.0037758966791601144,0.0015975957660838017,0.0006581664948697449,0.0008550902353591477,4.701686585015774e-05,8.01418474164895e-06
B05_min_2020_spring,0.0011283578444958992,0.0015038418145997279,0.0014537161235979356,0.0011798248320278558,0.002213526870328816,0.000255518111957738,0.00016371931446332162
NDRE2_std_2020_autumn,0.0011264715363102135,0.0004938538739991846,0.0005738847145104504,0.0014802355404270892,0.0037695652503534865,7.135469508070211e-05,0.00036993514349036765
TC_bright_mean_2020_autumn,0.0011252825513498716,0.0007558073845267258,0.00018933458756159943,0.005596705467510603,0.00018020668905586068,1.4409979052416081e-05,1.5231200392024377e-05
NDVI_q75_2021_autumn,0.0011034136980210211,0.0004319987258206282,0.0018916408052044222,0.00035274985534388304,0.0038762185889714674,1.633270266521541e-05,5.154151012051166e-05
TC_green_std_2020_summer,0.001089226557580485,0.0023598367185596603,0.0007289632217051218,0.0024672965870027753,0.0009118843509101001,5.0159926912517795e-05,1.7218540392734023e-05
B8A_min_2021_summer,0.0010790653860552493,0.0002058441029148171,0.0003474312482345108,0.000577268004975756,0.005009277776841927,6.332904451685121e-05,0.0002712421388476337
NDRE1_q75_2020_autumn,0.0010749327731852107,0.0020452274040391855,0.0006617227563147719,8.247470270735934e-05,0.0036407527092546005,1.652337632469331e-05,2.8956904706529595e-06
IRECI_q75_2021_summer,0.0010478532123268222,0.001106741707281326,0.0004584338691241943,0.0005335072465599682,0.004156718359833518,2.619999238293781e-05,5.518098778988805e-06
CRI1_std_2020_spring,0.0010294751133786402,0.00033740620032559216,0.0005441765100607725,0.004363092691571027,0.0008061298615067093,5.920565671305431e-05,6.683976009468617e-05
B05_q25_2020_autumn,0.0009926079414869754,0.004075350401338254,0.0005722116014659958,0.00019629265879639166,0.0010831178597154878,2.1259780513101973e-05,7.415347092621826e-06
IRECI_mean_2021_summer,0.0009883953306824742,0.00035106882874252324,0.00015375655148352783,3.9539620838222956e-05,0.005306552261830004,7.06134787137136e-05,8.841242486853543e-06
NDRE2_std_2021_spring,0.000974785220397168,0.001063815689687951,0.0007153105084884003,0.00254551133026739,0.0010541175485948024,4.774701795607796e-05,0.00042220922738838546
IRECI_std_2021_autumn,0.0009700713206811404,0.000675154708314685,0.0006816024966014897,0.0006153643521052941,0.0038190115922417263,1.5232864182390328e-05,1.4061910641256863e-05
B05_median_2020_summer,0.0009686488593181435,0.004921350111992149,0.00024420989285212096,0.00032530224898294816,0.0002818051020028868,3.426974508512974e-05,4.9560549936262246e-06
NDVI_q25_2021_spring,0.0009622601828150633,0.003402701214478925,0.00019996562846858918,0.00036039312660586206,0.0017406524690022716,4.6556008836557604e-05,2.329264949817415e-05
B05_median_2021_autumn,0.0009567815793916997,0.0024928667809366255,0.0017322602128668379,0.0003306618812182357,0.001129228646840903,3.80896319353731e-05,1.7582322552223126e-05
NDRE2_q25_2021_autumn,0.0009530031754796145,0.00022727964815762457,0.0035068699258528316,0.0008456066353869455,0.0010550834194844277,2.708930228573221e-05,5.6090121710125844e-05
CRI1_q25_2020_summer,0.0009500653363535973,0.0002276883930674976,0.0008381031102337099,0.004155591988971276,0.0003362363167240473,0.00010870083983552369,3.407136928953003e-05
B05_median_2021_spring,0.000936475734141291,0.00063290830936253,0.00041801429525595535,0.003917371943448767,0.00047365542302892343,0.00015611663973974166,2.0787794011827997e-05
IRECI_mean_2020_autumn,0.0009282641870751184,0.0003070817383343659,0.00025247899444099265,0.00023085700432111812,0.0047597100026270265,1.5020719320650994e-05,4.4366634065566995e-06
NDRE2_median_2021_autumn,0.000882095833682419,0.0002334196788757953,0.0037030645658914967,0.0010152700214408703,0.00021608786314555208,0.00011175999209391978,1.297288064688038e-05
NDRE1_q25_2020_spring,0.0008793305639815496,0.0024581018064708375,0.000213626749335332,0.0016965881556601163,0.0008509713742733254,3.962781272151172e-05,1.706748542817448e-05
NDVI_q25_2020_summer,0.0008710945167561438,0.0029323972578371342,5.3877283174996926e-05,0.002012791082568855,0.00018997350533202158,3.196550971655982e-05,5.562461907296176e-06
NDRE1_q25_2020_autumn,0.0008593682892948742,0.003695061992260953,0.0007153420589366937,0.00017762772716621025,0.0005493028099294001,9.110675356916071e-06,9.764472119071576e-06
NDRE2_std_2020_summer,0.0008553983820410819,0.0005270179314179246,0.0003600160471191878,0.0007404564084844863,0.00298809441887263,4.5586997823727074e-05,0.00047121848852853563
NDTI_mean_2021_summer,0.0008465773188323268,0.00014205284707404542,0.0006876140487791756,0.00028952672281039543,0.0038477011233924966,0.00011016362841637357,2.4055425214747193e-06
IRECI_std_2020_summer,0.0008463904195932554,0.002901321685353693,0.0009228109277325089,0.0005333702623025778,0.0006804560782883443,2.7653243010840147e-05,1.2730320871567569e-05
B05_min_2021_spring,0.0008431470486836368,0.00030760854412035203,0.0008893991919436636,0.0004589373954782273,0.0029893302442130705,0.00010558787701427303,0.0003080190393322354
TC_bright_mean_2020_summer,0.000824283909922408,0.003194472518217243,0.0005599727694930743,0.0007651506975387818,0.0003531418844095305,2.7141922832884304e-05,4.582366704293443e-05
CRI1_std_2020_summer,0.0008202663624935548,0.002154555867675181,0.00024341592794990008,0.0010579305919125852,0.0013876558017102967,4.329103272065239e-05,3.474895299271244e-05
IRECI_std_2021_summer,0.0007987517168760535,0.0014030932435535302,0.0017379014555491765,0.0002104424744634514,0.0013281806894301432,8.081152045383272e-05,3.2080917806186037e-05
B05_q25_2020_spring,0.0007886165637245424,0.001127421031681009,0.0007950139451707215,0.00126781169159288,0.001254704574803485,6.67547540103013e-05,0.00021999338508885737
IRECI_median_2021_autumn,0.0007790851929520094,0.0008789871373512527,0.00032083668617869564,0.00018981842278884199,0.0032217445817112346,4.9522577043279483e-05,1.360175263875165e-05
NDRE1_q75_2021_autumn,0.0007702291039329732,0.0005758054102790594,0.0008963928183252499,0.0006800109034772698,0.0023501208453792412,0.00011485557093715042,4.189075199868547e-06
CRI1_q25_2020_autumn,0.0007622349205918273,0.0016014006681339338,0.0016232278540544204,0.0002716567960720003,0.001031880753411429,1.7799303840340973e-05,2.7444148038839823e-05
NDTI_mean_2020_spring,0.0007564728357286288,0.0016162667203093136,0.001221482727308657,0.0009809771977776643,0.0006189551684889227,4.975841831047234e-05,5.139678217674198e-05
NDVI_std_2020_spring,0.0007548493212904162,0.002071637299857267,0.0003118932042404624,0.0005544799835789574,0.0014939334812977558,3.4808692883945175e-05,6.234326588410803e-05
NDTI_q25_2020_autumn,0.0007460609110409587,0.00021577645767739548,0.0008924411409312722,0.0018020637589549013,0.0014218433736692443,0.00012386706256139747,2.0373672451541085e-05
B05_median_2020_spring,0.0007452570705760768,0.0013987863983118672,0.0008260709134867204,0.001695647496517686,0.00046751024428490754,4.963290658094937e-05,3.38944642743309e-05
IRECI_median_2021_summer,0.0007392740686655162,0.0009735964538340288,7.377960036933058e-05,0.00013597653587795426,0.002940914677518212,0.00030177360129394473,9.603543099627558e-06
CRI1_std_2021_autumn,0.0007357977319954736,0.002895526072537832,0.00025713184022093267,0.0006358405830313026,0.0005432323552650734,2.8243495494927488e-05,5.481204542277256e-05
NDVI_median_2021_autumn,0.000729766416431314,0.0003205256649013793,0.00024204063679549915,0.0009251320313940422,0.0028046795123569885,8.395215933712378e-05,2.2684938028504864e-06
SAVI_mean_2020_autumn,0.0007296180368217432,5.502175702223365e-05,0.00015400142981559196,8.356675390609991e-05,0.003963749910931995,0.00011592311098808376,5.4452582664548866e-06
NDRE2_std_2021_autumn,0.0007257933409828766,0.0021919002530568442,0.0008156718498664858,0.00039385874041101773,0.00076910181723329,5.611275543475998e-05,0.00012811462989486045
CRI1_median_2020_summer,0.0007169818134083627,0.0009940975136410403,0.0003768079144931103,0.00242593535619409,0.0004565404230284526,4.269692280837681e-05,5.812750285106261e-06
B06_max_2021_summer,0.000710218559006619,0.0005561468084790381,0.0027895908945480023,0.0006392409591085867,0.0002555490627163482,1.0516433797283875e-05,1.0267195390453976e-05
NDVI_std_2020_summer,0.0007042914860706734,0.0026154401932780643,0.000351877569331827,0.0005180454718010616,0.0006533852252428332,2.6515676871668638e-05,6.048477989858664e-05
CRI1_median_2020_spring,0.0007001652696184026,0.003205023658932741,0.00023013892301459085,0.00011004384813442397,0.00036408184241161864,5.2104019163554276e-05,0.0002395993260534866
IRECI_median_2020_autumn,0.0006963711755697085,0.0014822988481248542,0.00017355804606702284,0.0001635053873440518,0.0022873706266806197,6.432616311946477e-05,7.167982082237654e-06
NDVI_std_2021_summer,0.0006952837114438949,0.0006918344828142688,0.000537429551841719,0.0006970134333639694,0.0019880418136609527,0.00021957268462053167,3.781030236192794e-05
CRI1_median_2021_summer,0.0006884698107553177,0.0001822537163257957,5.1658783756070344e-05,0.003410953924170856,0.00043192880491215997,4.552040529387807e-05,8.50323007314702e-06
SAVI_median_2020_autumn,0.0006870576106113606,0.0007051801178962998,0.0007230151615389579,7.637999943579913e-05,0.0020547424928769116,0.0005575860819716775,5.441809948517171e-06
B06_max_2020_spring,0.0006867422692744203,0.0015883479245906267,0.00018312958688201228,0.001873654306414051,0.00035862444764552887,0.00010005096397348244,1.6646386140819995e-05
B06_max_2021_autumn,0.0006782395981369782,0.0005408627998461443,0.0022778727469577697,0.0008098969143832106,0.00040753108207304865,2.3374377856071055e-05,9.899667705624743e-06
TC_bright_mean_2021_autumn,0.0006773850066959337,0.0009936361221805359,0.000522409242093187,0.0008858197568634932,0.0015865541165228313,4.379199349039962e-05,3.209880902515494e-05
B05_max_2020_summer,0.0006767799960546465,0.0015747867479738477,0.0012571826897255858,0.0002952337446785279,0.0004841193138973488,0.0004214757774488743,2.7881702603694e-05
CRI1_median_2020_autumn,0.0006701467644626237,0.0025066476636477993,0.0006959007782478834,0.0004238059125119983,0.00023753148385916796,7.011332272163229e-05,8.688142578725982e-05
B05_max_2020_spring,0.0006684316591703049,0.0012378490292079786,0.0008892034548442781,0.0007478888623672882,0.0010609480836374094,4.548043062829393e-05,2.9220094336580704e-05
SAVI_std_2020_spring,0.0006627412392535391,0.0017420789541019962,0.0009594367349168863,0.0001923006774672216,0.0009555356337324002,3.691448977581644e-05,9.018094552691362e-05
B05_max_2021_summer,0.0006602658785634024,0.0019572368928833096,0.0009039654545444705,0.0005197219451672909,0.0003216562093751213,0.0002280938056062278,3.092096380399393e-05
CRI1_q75_2020_spring,0.0006556830788385853,0.0013154984314616826,0.0005163446355124998,0.001183956716084889,0.0006892779050971345,0.00020326758706202836,2.5753197813278103e-05
B05_q75_2021_spring,0.0006504381928110407,0.0005172789034107731,0.00020677775270323698,0.001741602452874846,0.0003843330768108278,0.0010418427823729052,1.0794188693655036e-05
IRECI_std_2020_autumn,0.0006502335610024252,0.0007524588499931767,0.00026257162213110094,0.0017805940057118508,0.0010601524475155838,7.650975587153981e-06,3.797346507568574e-05
NDRE1_mean_2020_summer,0.0006477789538085389,0.0031668501251225895,0.0002543181793807067,3.172549593948763e-05,0.0001890236198114588,0.0001988907607492227,4.586554184776853e-05
SAVI_q25_2020_autumn,0.0006453314204715755,0.000506304493027011,0.0005689234734823748,0.0013555224933495223,0.0012553687935364412,0.00015064333349003282,3.5225935944070865e-05
NDRE1_q25_2021_autumn,0.0006396579670518973,0.0012163862561795327,0.00041576519106407067,0.001266143680654549,0.0008677583746099074,5.704490995784189e-05,1.4849389845482276e-05
SAVI_median_2021_spring,0.0006349673411831646,0.0007131948320429463,0.0007036680652285968,0.0003604318983993305,0.0019519615943626432,7.359067572673221e-05,6.956981338738521e-06
TC_wet_std_2020_spring,0.0006299167640146096,0.00042514351777124136,0.001474745474274724,0.00040676989996797023,0.0008065576637248421,0.0003957125370654737,0.0002705714912834063
NDTI_mean_2020_summer,0.0006268591448669497,0.00022806954403737165,0.0014369769571417927,0.0014578729818721544,0.0004217510984111092,0.0002112897394929236,5.194548246346805e-06
NDTI_median_2020_autumn,0.0006191723512477429,0.0005372658245602947,0.0008570439459391054,0.0009240980286624075,0.0013162239968697157,7.869754784785478e-05,1.7047636070789244e-06
B07_std_2020_spring,0.0006179606800419736,0.0013962570483872895,0.00030661455512256134,0.0016559122063792343,0.00031180245786362263,1.704983317139139e-05,2.0127979327741916e-05
NDVI_median_2020_autumn,0.0006173625228124707,0.0005214867906483375,0.000225273845154782,0.00010538008218972148,0.0027869263932248445,5.8488242000952446e-05,6.619783656186829e-06
NDVI_std_2021_spring,0.0006126932800214277,0.0008819909983055661,0.00038960999607795673,0.0008893006996929628,0.0012600521631656865,0.00019282841486236403,6.237740802403013e-05
TC_green_mean_2021_autumn,0.0006017275836891835,0.002090099296457503,0.0007814746307130856,0.0004963714284190235,0.00020425232553477794,3.5001789300209826e-05,3.166031710501378e-06
NDRE1_q75_2021_spring,0.0005976081134084422,0.00016693024903247599,0.0002586025167554547,0.00038758009538219194,0.0024882366872515773,0.0002704344720836413,1.3864659945311445e-05
B07_median_2021_autumn,0.0005953108725450764,0.00045290914808762456,0.0002635543172460044,0.0025403583769173636,0.00029833433567590264,1.0528383104427125e-05,6.180674239135428e-06
SAVI_q75_2021_spring,0.0005935311211062663,0.0001353340866499381,0.001642330172961791,0.00025631936020409623,0.001453947800245896,7.044071675297617e-05,2.814589822900342e-06
TC_green_mean_2020_summer,0.0005855869557685035,0.00045414631761638913,0.0002933086716880741,0.002424171078259237,0.00020305507690678606,0.00012669501699098644,1.214557314954831e-05
NDTI_mean_2020_autumn,0.0005826373327492415,0.00023144384729917937,0.00020005899807185016,0.002616779667076423,0.00037939797484725816,6.132801615475057e-05,6.815493045987434e-06
CRI1_q75_2020_summer,0.0005803092777760399,0.001916464563578524,0.0008309770164018096,0.0004565776237797002,0.00020971500087384572,4.738700393301533e-05,2.073445808934438e-05
B05_q75_2020_autumn,0.0005784458575314213,0.0020482444823253267,0.0001528266973622864,0.0003961928664090466,0.0006743909230407326,0.00017043887580366342,2.8581300247472602e-05
NDRE1_q75_2020_spring,0.0005760577666435939,0.0010149506431422187,0.0007639127988741716,0.0005368500303112814,0.0007924601340111166,0.0003196332818357357,2.8539711687039954e-05
NDRE1_median_2020_autumn,0.0005720423101112853,0.001091704148654299,0.0002487332987958398,8.606666217226365e-05,0.0018463663714624536,0.00012677784860061354,3.260553098224224e-05
TC_bright_std_2020_summer,0.0005711129807601931,0.001253518836859387,0.00030891380468666356,0.001073025355215841,0.0006707347168080468,4.784323981527164e-05,7.264193117594862e-05
NDTI_q75_2021_autumn,0.0005664250913827788,0.00036632272487244867,0.0017588819850945607,0.001068555104418367,0.00016585536810297618,1.3117374353838227e-05,2.5817991454481374e-05
TC_green_mean_2021_spring,0.0005575525880710911,0.0002080239711980346,0.0006470906090679004,0.00017840832971079013,0.002083584753994243,0.00016437034887173876,6.383751558383877e-05
CRI1_mean_2020_autumn,0.0005547734446249566,0.0010051108586549883,0.0012494513255341436,0.0007667357860926862,0.00023414818219221633,1.7797547229001323e-05,5.539696804670416e-05
B05_std_2021_autumn,0.0005517616581133374,0.0004496827860386972,0.0017810425917064608,0.0003801577959567313,0.0005494186379652329,0.00013315399093011512,1.7114146082786586e-05
SAVI_q75_2020_spring,0.0005508122455770203,0.0001533256522037191,0.0006217316081866337,0.00010899718014745635,0.0023424918030730897,6.329628030698796e-05,1.5030949544235558e-05
IRECI_std_2020_spring,0.0005501107398186606,0.00042319234045326505,0.00029539447996890326,0.0018850039787212296,0.0005524506789619213,0.00010870954227206974,3.59134185345746e-05
TC_green_std_2021_spring,0.0005477476403429994,0.000504596048634233,0.00021872724529105406,0.0012334570414374772,0.0010756780635378974,0.00021131323763268447,4.2714205524650546e-05
TC_green_std_2020_spring,0.00054605451551523,0.0008439215270897711,0.0009556209052796137,0.00044003631144383647,0.000524003339638541,0.0004718904627653902,4.08545468742276e-05
NDRE2_median_2021_spring,0.0005444801968756855,0.0002710376293652381,0.0021468752565489855,0.00033034385241794355,0.0003961637457357047,0.00010266376880268815,1.9796928383553415e-05
NDRE1_std_2021_autumn,0.0005428873672989341,0.0009840143059167536,0.000482271914805721,0.001154537395580543,0.0005806178214133164,2.799004274069194e-05,2.789272333657852e-05
NDRE1_std_2020_spring,0.000539629631880355,0.001008538489065072,0.00011708246973546807,0.0009748066483957176,0.0010177230227123447,3.937474947083454e-05,8.025241190269307e-05
NDTI_std_2021_summer,0.0005395539510283205,0.0004934217156662102,0.0005485980281229249,0.0015769337572961585,0.0005690902095661505,2.1200305753508087e-05,2.807968976497129e-05
TC_green_mean_2020_spring,0.0005390855447747214,0.000676750669465034,0.0007847815684536125,0.00030594811416810244,0.0013063611183926293,0.00013591114421215001,2.4760653956800573e-05
B05_median_2020_autumn,0.0005351044648688952,0.0019334605869245254,0.00011801526282050325,0.0005843889238257712,0.0003253350279720335,0.00016628097960691757,8.314600806362025e-05
B8A_q25_2020_summer,0.0005334080245018355,0.0009207986392108054,0.0002588910415532346,0.0007153982724290985,0.0012311345717046212,4.298249096989857e-05,3.1243131143355675e-05
TC_wet_std_2021_autumn,0.0005278807281386987,0.001260757557810109,0.0003675048635053611,0.0008249579023674745,0.0004627449533571341,0.00012705540296841232,0.00012426368882370166
NDRE2_q75_2021_summer,0.000525401917874466,0.0006153989228370359,0.0011440229700878939,0.0010278160302159523,0.0003285947245640969,2.6865547609332694e-05,9.713311932484784e-06
NDVI_std_2020_autumn,0.0005247062761219839,0.0014291916770002486,0.00018851118934974743,0.00020939245747670057,0.0012540808733901955,2.1105143978816485e-05,4.595631553619484e-05
NDRE1_median_2020_summer,0.0005242684506214993,0.0022918091316367567,0.0002442421892984743,0.00020300240475431714,0.0003933020073300999,1.0814948962527943e-05,2.440021746819603e-06
SAVI_std_2020_summer,0.0005225691140164901,0.000564428549884805,0.000632287620813553,0.0009571534671053843,0.0009275682517827277,2.972344484406467e-05,2.4253349668406253e-05
B8A_q25_2021_summer,0.0005220237382732997,0.00040245904496046886,0.00010677925954450953,0.00044879374813768116,0.0019624827989613547,6.065942064397156e-05,0.00015096815739181293
B8A_std_2021_spring,0.0005196990571606201,0.00026610731350984885,0.0014706343892787203,0.0008701423184129484,0.000392598062878743,2.128102588392258e-05,9.74312329995376e-05
B8A_q25_2020_spring,0.0005105447520696466,0.0002995489190396166,0.0008211210177328117,0.0012454376929006653,0.0005806920208525214,3.21614570149473e-05,8.430740487731756e-05
NDRE1_mean_2021_summer,0.0005058568433299265,0.0024147121150572153,0.00021223209923939586,6.580097610774811e-05,0.0003044770580217547,3.776990864526876e-05,1.489029081757999e-07
IRECI_q25_2021_summer,0.0005052360209968,0.002490629394485543,6.406243361060338e-05,0.00019281745523142403,0.0002353835102497303,4.6172618432481614e-05,2.3507139710176617e-06
IRECI_mean_2021_autumn,0.0005022711523709537,0.0003474854470038298,8.055948142804538e-05,0.00017333838060091056,0.0023460941258217176,6.514477232600508e-05,1.0047070452139242e-06
TC_green_std_2020_autumn,0.0005017694869428295,0.0005020808085309278,0.00023048134799859082,0.0006812426213009502,0.0013880417701433332,0.0001718947513304033,3.687562235277144e-05
B07_q25_2020_summer,0.0004975615687178937,0.0018965976799940995,0.0006889508517567618,0.0001180264855636468,0.00017348073864249404,2.4986211050582963e-05,8.332744529977668e-05
B8A_q75_2021_autumn,0.0004969377698915556,0.000518240202766407,0.0015372741198916916,0.0006713420052955377,0.00022764655833175932,2.4763926178089737e-05,2.359806885847838e-06
NDVI_q75_2020_autumn,0.0004914006423526169,0.0004635711072664989,0.0003541872580168445,7.094055404901597e-05,0.0020288370095918416,2.5134413681729822e-05,5.73351150977049e-06
B06_std_2021_summer,0.00048263606145129565,0.0003384049920018456,0.0010564116665289283,0.0009083236744213437,0.0005336715546853452,3.172311483211048e-05,2.7281366238200355e-05
SAVI_median_2020_spring,0.0004788645291286168,0.0016386347737667364,0.00018557061857145315,0.00017889802066776408,0.0008046566624247498,4.225974708427659e-05,2.316735225672029e-05
NDRE2_q75_2020_autumn,0.00047694891132340594,0.000826164810050168,0.0009385411167895058,0.00043299507515364235,0.0005491659496429053,5.4567664017989954e-05,6.025885228622416e-05
NDTI_median_2020_summer,0.0004739999441524612,0.0001438601974466262,0.001696741158336186,0.000517555100453233,0.0002580422705918999,0.00022117996736994842,6.6209707168730105e-06
TC_bright_mean_2021_summer,0.00047359681448688723,0.0016685423845598268,0.0005945811831755484,0.0001407149747588793,0.0001981291937378049,0.00023065638196205406,8.956768727210507e-06
B8A_max_2020_spring,0.00047314875386207097,0.0016805875252873673,0.0006120529766764373,0.00028248688056788324,0.00018015421425889936,7.394290633439812e-05,9.668020047440748e-06
TC_green_std_2021_autumn,0.00047214256325515806,0.0008984321364753649,0.00035001846855102796,0.0007511138401254475,0.0006942229235437166,7.584819905863805e-05,6.321981177675306e-05
B06_q25_2020_summer,0.0004720186964343339,0.001793579783014155,0.00033419530646526963,0.0001776750674148889,0.00047244329716919487,2.7556967472371322e-05,2.6661757070123403e-05
NDRE1_q25_2021_summer,0.0004696302222647436,0.00038976429902544906,0.000197732385943751,0.0013514236965763752,0.0006651935140740654,0.0001783953466536878,3.52720913151328e-05
SAVI_q75_2021_summer,0.00046910928327211567,0.0004477004229190365,0.0002902687641175338,0.00025861379844323166,0.0017172835478829875,3.985493250046704e-05,6.0934233769437486e-05
NDVI_q25_2021_summer,0.0004674109706449577,0.0002744468798854764,0.0009161600297493115,0.0005049546461381887,0.0004893929149396614,0.0006052067058813513,1.4304647275757167e-05
TC_bright_mean_2021_spring,0.0004576953609525898,0.00018000257918345653,0.0003987300085806434,0.001115590439128145,0.00036298621034026467,0.000679690783220788,9.172145262241268e-06
B8A_max_2021_spring,0.00045723496381069943,0.00022342751462189905,0.0006943202033176814,0.000830663076018728,0.0009408148215606418,4.8067793313273945e-05,6.116374031972712e-06
B06_min_2021_summer,0.00045404533226170397,0.0006420259540729251,0.0001288494066495277,0.0003127244974702348,0.0006780491582973076,3.7593252569501375e-06,0.0009588636518232783
NDTI_mean_2021_autumn,0.0004538706924584429,0.0003732146195524096,0.0013588005078324576,0.000652042490251683,0.0003074354147853758,1.6687212825507022e-05,1.5043909503224567e-05
CRI1_mean_2021_summer,0.00045349613033905564,0.00011396664007056388,0.00020008024630978655,0.0009525961730276388,0.0013940391484777387,4.440032015391403e-05,1.5894253994691626e-05
B06_std_2020_spring,0.00045298788549947536,0.0006839483085829187,0.000802624000290796,0.00021006093075125976,0.000877369020589973,0.00012071316551310583,2.3211887268798874e-05
IRECI_q75_2020_summer,0.00044620114583690404,0.0003584375648892056,0.0013341563822699778,0.0003819838564520583,0.0005845670623155782,1.6093070154883937e-05,1.968938939720402e-06
NDVI_q75_2021_summer,0.0004437445767532892,0.00023081215391773454,0.0008939510524274233,0.0003530595557369218,0.0011471758170013724,2.2306737814334327e-05,1.5162143621948334e-05
B06_q75_2020_spring,0.0004430222057213462,0.000980576165799573,0.0006752852281168157,0.0006928935599403887,0.00021986431056056891,8.016395491922057e-05,9.350014991510956e-06
IRECI_q25_2020_autumn,0.0004321231647479724,0.001410580531735434,0.0005776097366412233,0.00016433808859135106,0.00036118450979115283,3.8553905240739595e-05,4.0472216487933125e-05
B8A_min_2020_spring,0.00042928375887925195,0.00022001034490995696,0.0004957289484509566,0.0007526917973955598,0.0006419497974465887,4.853467009051424e-06,0.0004604681980633975
NDRE1_std_2020_summer,0.00042925098190729234,0.0010081246997272278,0.0010994600201933605,0.00021077847926460666,0.0001748931133592513,4.33402757503674e-05,3.8909303148940144e-05
NDRE2_median_2021_summer,0.00042886394915746495,0.0006525403666427947,0.0006890372483192252,0.000660604920908426,0.0004596909549592888,7.586120543036563e-05,3.5448998684689407e-05
B06_q25_2021_summer,0.0004281076557106826,0.0001631916867572754,0.0017843949084961441,0.00019572251759120753,0.00022694399313165418,5.4826968595151506e-05,0.00014356585969266253
SAVI_median_2021_summer,0.0004195085361707466,0.0006366797219293386,0.0002071075997528965,0.0014106369038836453,0.00012925784326875783,1.7084972077114232e-05,0.00011628417611272698
NDTI_q75_2020_summer,0.000418422764722585,0.0004842906351995549,0.0011619348002442857,0.00038527529180216324,0.00037043356757685014,0.00010312106493731731,5.481228575338845e-06
TC_wet_std_2021_summer,0.00041841421334134745,0.00034171780621890913,0.0008231098789380716,0.0003399788996652265,0.0007970953434565416,8.339141214851211e-05,0.00012519193962082353
IRECI_std_2021_spring,0.0004160044755794291,0.00048776135905623117,0.0006481049062830896,0.0009104643192436214,0.0003729826382464759,4.735108132231768e-05,2.936254932483893e-05
IRECI_q25_2021_autumn,0.00041500666626713407,0.0006370759413073633,0.0004785993034184821,0.0002643122676099445,0.0010711768677406223,1.696973939896942e-05,2.1905878127422805e-05
CRI1_mean_2021_autumn,0.0004141621316754534,0.0009134766130905053,0.0007994466912507024,0.00012683952097358413,0.0005791608405521664,8.52521936228701e-06,5.752390482347497e-05
NDTI_std_2021_spring,0.0004133845064419089,0.0006087337410112659,0.000395794205116322,0.0005818106714009928,0.0008041250866094522,4.602482797754335e-05,4.381850653587698e-05
B06_q25_2021_autumn,0.0004125980304667746,0.001207045133854875,0.00018176644810312658,0.0009329952042373974,0.00010572167143238655,1.7408609049755077e-05,3.0651116123106975e-05
NDRE2_mean_2020_spring,0.00041098605552776583,0.000611705132182716,0.0009828222914115578,0.0002996744574804799,0.00043368923734826584,8.419568046160418e-05,5.382953428197123e-05
TC_bright_std_2020_spring,0.0004107960291296474,0.00021677420231935447,0.0011026041230066778,0.0004540972104182226,0.0005897204778310305,7.60947775807761e-05,2.548538362182271e-05
B05_max_2021_spring,0.0004059319988392423,0.0006557447562188224,0.0010166275297758434,0.0002493139950843181,0.00023272610449546018,0.00025615097522715616,2.5028632233853698e-05
CRI1_q25_2021_spring,0.00040496400979794876,0.0010386195794992292,0.00012486474672327062,0.00035815895617405223,0.000740666135331724,0.00016236866375513473,5.105977304281669e-06
SAVI_std_2021_autumn,0.00040278177976766386,0.0005973372714052568,0.0004311267019193991,0.000636138596058925,0.0006431754095514465,5.343510525363123e-05,5.547759441732436e-05
B06_std_2021_spring,0.00040207110426708324,0.0005490363508859563,0.0012259581748353292,0.00022589810875459063,0.00026441875730918193,7.688451321837198e-05,7.023072059906945e-05
SAVI_mean_2021_spring,0.0004020322704323892,0.0003500748255299339,0.0015790167351058635,0.00015128602154713917,0.00021261748353767029,0.00011340619295125106,5.792363922477015e-06
NDTI_median_2021_autumn,0.0003999881672888448,0.0005062460946607139,0.0007946698982995618,0.000776437388949116,0.00029189232146584676,1.270418255156217e-05,1.7979117806268133e-05
B05_std_2021_summer,0.0003936099025859899,0.00045073341379116435,0.0002954117746537831,0.0008911353253426174,0.0006257426374273613,7.596825639314916e-05,2.2668007907863922e-05
NDRE1_q25_2021_spring,0.0003934282151827821,0.0010422706338351414,0.0001724597206492481,0.0005036418599691361,0.00027833224616944724,0.0003195138965155323,4.435093395818708e-05
NDVI_std_2021_autumn,0.00039263326804032933,0.00042887125985626324,0.00029780141714240817,0.000772017566932634,0.0007636635757286044,5.5098446707738826e-05,3.8347341874327036e-05
NDRE2_q75_2021_spring,0.00038783179026051154,0.00015774118996199083,0.0006639683250136608,0.0003016739820903098,0.0011381590266810774,4.825049225279498e-05,1.719772556323553e-05
B06_max_2021_spring,0.0003878102708203866,0.0006040611901129652,0.0006651954991414191,0.0007917158373489622,0.00018588569398349434,4.1593394444236354e-05,3.8410009891242874e-05
NDRE1_std_2021_summer,0.0003876232453761705,0.0003672454362889843,0.0006041155315881075,0.000568186551859833,0.0007008501564988439,4.4159255081796406e-05,4.1182540939458205e-05
NDVI_median_2021_spring,0.00038500580742785174,0.00037254397498333054,0.00035859456625027237,0.0011180098027232493,0.00018938541881790064,0.0002646409396725414,6.860142119815875e-06
IRECI_q25_2020_spring,0.0003843098324203815,0.0006801407799093912,0.00021306901295366492,0.00022806796775907457,0.001030460599531059,0.00012257047539600705,3.155015897309193e-05
NDTI_std_2020_spring,0.00038364175957135145,0.00044256305837645654,0.0003536887265285973,0.0004907209273268453,0.0008693636051173252,7.81785812970289e-05,6.73356587818551e-05
NDVI_median_2021_summer,0.0003815554192119974,0.0008214357074733618,0.0002943372866319441,0.00018727842776001172,0.0009432671830571786,2.785599539943931e-05,1.5157914950049116e-05
B8A_q25_2020_autumn,0.00037919165043581265,0.0003904987644090676,0.0004981955215532437,0.0005000175412379506,0.0008190632780769588,1.6273268315801226e-05,5.110152902185421e-05
IRECI_q25_2021_spring,0.0003790390923960678,0.0009181966376636253,0.00035502769077546813,0.00040685341146189124,0.0004920896374972307,7.698650077222083e-05,2.508067620597044e-05
B07_min_2020_spring,0.00037481465358435987,0.0003654310094178061,0.00016672568992840878,0.0012571490403736844,0.00028601837808330156,4.8739463470870544e-05,0.00012482434023208802
B07_max_2020_autumn,0.00037329718529775113,0.00035686099264248424,0.0003365769573768888,0.0012079184723571552,0.0002620007722545305,2.052405462132764e-05,5.59018625341206e-05
B07_q75_2020_spring,0.0003720571918230426,0.0006707128353607391,0.00045153027270823393,0.0009794691014616706,0.00010716360228439987,1.6170234939988748e-05,7.297104183223374e-06
B07_max_2020_summer,0.00037166548404050757,0.0005265459634552118,0.0008738332349156778,0.00023735670600065565,0.0005459491849721977,7.145930476860439e-06,3.916188442244201e-05
NDRE1_median_2021_autumn,0.0003699147633610565,0.00047855417190991416,0.0004452235759191079,0.00021510286871716204,0.0006877382025084598,0.00037599908034363053,1.6870680768064878e-05
B8A_q25_2021_autumn,0.0003679375406122529,0.00026813918528206365,0.0011952689390051926,0.00024160523027440224,0.0003812268816162083,1.7053502621061952e-05,0.000104331504874589
B07_std_2021_spring,0.0003659252797624635,0.0002243074576832351,0.0012863778495050943,0.0003285734104948037,0.00030303505053539304,2.7777599037375868e-05,2.5480311318878984e-05
SAVI_q25_2021_autumn,0.0003637989897041219,0.00018359649429364584,0.0010111657774694877,4.665349831623024e-05,0.0008846838245628959,4.137365144270039e-05,1.532069213977117e-05
B05_max_2020_autumn,0.0003616084157681779,0.0002799321418427901,0.0003655990284929376,0.0004214347156092509,0.00029574682130108877,0.0007943265210571409,1.2611266305858867e-05
SAVI_std_2021_summer,0.0003614801015828959,0.0003760738754447418,0.0004147394547120637,0.0007897024360856579,0.00044747579858940426,0.00010572198946494181,3.516705520056597e-05
NDRE1_median_2020_spring,0.0003575092865756695,0.00014476873447492666,0.0005261056273690951,0.0007070846770044357,0.0006000437313721615,0.00014880111900379453,1.8251830229603753e-05
IRECI_q75_2020_spring,0.0003526714997050541,0.0007975786308858093,0.0007857609415673102,0.00012249725868365097,0.0002386813899967648,7.627144529670301e-05,9.523933180008634e-05
B07_q75_2021_autumn,0.000351158368164319,0.0006445216738569249,0.0003984277370934635,0.0004744912026431755,0.0005428848469337099,2.155013071941263e-05,2.5074617739227197e-05
B06_min_2020_autumn,0.0003502576181605079,0.0007004825110034867,8.281659557462072e-05,0.0007271310884372423,0.0004832438345413008,7.82349563237029e-06,0.00010004818377402658
B06_median_2020_autumn,0.00034976293687753084,0.00014274694225066868,0.001063401139512507,0.00033728063049600515,0.0005341721613122833,1.8745033260106513e-05,2.231714433614231e-06
NDVI_q25_2020_autumn,0.00034944355649226786,0.00023941396381993178,0.0004971361433211781,5.928990355087617e-05,0.0012089562371783247,8.033083184438585e-05,1.1534259238910493e-05
B07_min_2021_autumn,0.0003435645025723038,0.000301865388247362,0.0011756933838944152,0.0002515616562665306,0.00019390437135060443,4.215853647551876e-05,9.620367919939181e-05
TC_wet_std_2021_spring,0.0003423859291525914,0.0003600734183009488,0.0005742480094782863,0.00030034761148835183,0.0003842104537011496,0.0001619468298980354,0.00027348925204877646
NDRE1_std_2021_spring,0.00034128472161545795,0.0003687973820111826,0.0002106740443485396,0.0007933896187943803,0.00043536973123448107,0.00013091602891731794,0.00010856152438684581
NDRE2_q75_2020_summer,0.0003409760646747821,0.00030307663884430335,0.00023142226426349754,0.0003485122086542226,0.0010847949474108156,5.997997395197011e-05,1.807035492388296e-05
NDTI_std_2020_autumn,0.0003381674251410362,0.0003320587849919996,0.00047238911680749367,0.0006561848894914017,0.0004972058582235957,2.6969082132326265e-05,4.419681919940026e-05
CRI1_mean_2020_summer,0.0003358477428015253,0.00015397832215737414,0.0007082543030118652,0.0008094624235431633,0.0002848897770278884,3.384232963119602e-05,2.4659301437664745e-05
B06_min_2021_autumn,0.0003343749208993689,0.000564282979189205,0.0003073460407142302,0.00021006535305607185,0.00034337280608640356,1.3350874441177363e-05,0.0005678314719091253
NDRE1_std_2020_autumn,0.00033281936968676003,0.0007388012827401356,0.00031494101091167326,0.0006918435116090965,0.00015513248754293947,3.2466410558109865e-05,6.373151475860577e-05
B06_median_2021_autumn,0.0003269969084512354,0.0007944859885232633,0.0007321297983564741,0.00025804988529757065,0.00015413235916326434,1.4982076632202416e-05,8.201342734637132e-06
NDTI_q75_2020_autumn,0.0003260085491926764,0.0003674123641840092,0.0006620613611142366,0.000298176333583968,0.0006019734927719616,1.773008828406618e-05,8.69765521781663e-06
SAVI_std_2020_autumn,0.0003207511453484562,0.000308887367686925,0.0007039189664565923,0.00023230938562993043,0.0006566180478597474,1.0036600418520189e-05,1.2736504039022156e-05
B8A_q75_2020_autumn,0.0003165176522796198,0.0008364507419347737,0.00041044174495547746,0.00041746046437108946,0.00015920983412921104,1.2952107733048608e-05,6.259102055411846e-05
NDTI_std_2020_summer,0.0003159817297982821,0.0003682054649423328,0.0003582502406166217,0.000740148035338489,0.0003309455218602754,4.576573869016945e-05,5.2575377341804013e-05
NDTI_std_2021_autumn,0.00031535681466946197,0.00027037510746985555,0.0004158234699282098,0.0005191113198917187,0.0005957120720682023,1.620901586721879e-05,7.490990279156648e-05
B05_q25_2020_summer,0.00031517551516592186,0.0007564194542437606,0.0006350933192898968,0.0001237853455647739,0.00029816504336766957,5.3805260277636165e-05,2.3784668251794237e-05
IRECI_q75_2021_autumn,0.0003123238141383189,0.00024181489813731804,0.00024009955095407383,0.0006600686271564738,0.0007077616390366918,1.5016898150655909e-05,9.18127139470001e-06
CRI1_q75_2021_spring,0.00031165182053195496,0.00031061543771971245,0.0006392516718846478,0.0001829432525579086,0.0005736825611713281,0.00016077079791324206,2.647201944890624e-06
B06_max_2020_autumn,0.0003090214567375588,0.0002830537693698425,0.00017369903549282562,0.0011840865423506453,0.00015947309472952442,3.9479215793808366e-05,1.4337082688706205e-05
B06_q75_2021_autumn,0.00030796795162512037,0.0003974059980758101,0.0007180189996958906,0.00025114007514029607,0.00030565246342194823,1.0552511520447005e-05,0.00016503766189633032
B05_mean_2021_autumn,0.00030176270796412945,0.000976834713126317,0.0002911501572093943,0.00044998253859447737,6.028237972650289e-05,8.073374761631011e-06,2.425308436645413e-05
B8A_std_2021_autumn,0.0003013879752414884,0.00011714777040910098,0.0009024951419137176,0.0002596591870388868,0.0005070623065476156,8.476855567455129e-06,1.348658997215435e-05
B05_mean_2020_spring,0.0003005406712157923,0.0003532590186133653,0.00019143463756183783,0.0003036692782562372,0.0008359871101686913,4.89389857191163e-05,6.995499697550565e-05
B8A_q75_2020_summer,0.0002991161987427659,0.0006843328355900606,0.00017318317788422516,4.942120680524989e-05,0.0008812723061913382,6.487665985721273e-06,0.0
IRECI_q75_2021_spring,0.0002987556080924248,0.00023201310276056708,0.0005527175673447919,0.0003750847492590962,0.0002950686914159944,0.00033627954756219896,1.36999021190013e-06
IRECI_mean_2020_summer,0.0002986688422003458,0.0005335216777085528,0.0006486224301695231,0.00030652987174163384,0.0002749904502600581,4.621154752958037e-06,2.3727468569348935e-05
NDVI_q75_2021_spring,0.0002981569901776484,0.00029831714292510625,0.00047706642463936724,0.0003663358378514457,0.0006133152809967321,3.118319150582303e-05,2.724063147416108e-06
NDRE2_q75_2021_autumn,0.00029786126651122933,0.00035898500877101346,0.0007839851561060195,0.00042076798234258353,0.00016629496648289574,1.4316125267778965e-05,4.281836009708485e-05
NDRE1_median_2021_summer,0.00029601346614025343,0.0010083336443344156,0.00033858201140215323,5.626971816344323e-05,0.00013713252571363654,0.00022390756946562867,1.18553277622433e-05
B8A_median_2021_summer,0.00029543176356595035,0.0002875185135070228,0.00012300696597810344,0.00027158641289344885,0.001075011556154842,6.004832715040109e-06,9.462300147244825e-06
B05_std_2020_autumn,0.0002949207899900417,0.0001898657105353524,0.00022178869782926074,0.0009593181312413429,0.00030917672080004057,7.025561104674896e-05,1.9119868487504557e-05
NDVI_mean_2020_autumn,0.00029465675132774624,0.0003140329347327726,0.0003232635881537101,1.2430318784318192e-05,0.0010674400220273804,1.5631153055852057e-05,3.5142491212444374e-05
SAVI_mean_2021_summer,0.0002937034342705692,0.00021605965426142257,8.786667985734275e-05,0.0006283292407391681,0.0007788123327104471,2.748093571628928e-05,2.3671762338745208e-05
NDRE2_q25_2020_autumn,0.00029253202346705645,0.0004943783178599938,0.0003868146321059252,0.0004343833674456138,0.00023887207699140086,0.00015036439858036047,5.037934781904456e-05
NDVI_q25_2021_autumn,0.0002916430906860086,0.0002961793447639139,0.00028171132671098555,0.0004319044632269213,0.0007060995502000167,3.0246989576161152e-05,3.716869638053033e-06
SAVI_q25_2021_spring,0.00028963234504364145,0.0006975845290462437,0.00020903217604966568,0.00019599570217960198,0.0005647135303108789,4.338706037486134e-05,2.7081072300597045e-05
IRECI_median_2020_spring,0.0002882607000775741,0.0007088205372086795,0.00028271693305796446,0.00046120944902715316,0.00021207074353339191,4.052371267304023e-05,2.422282496521541e-05
IRECI_q25_2020_summer,0.0002881191335570317,0.0007982168675901562,0.00012314922022560384,0.00040724249616989574,0.00030048270934015077,5.9973119948413266e-05,3.965038806797025e-05
NDVI_median_2020_summer,0.0002866816236032668,0.0010134093372652178,0.00017390805552482938,0.0001522298725655464,0.0002999670403392466,6.474076085565632e-05,1.5834675069104364e-05
B05_mean_2020_summer,0.00028544132161560236,0.0011302239461462014,0.00023628911751215147,0.00021386096497778988,0.00010429087097453409,2.147791643590046e-05,6.505113647036622e-06
B06_q75_2021_summer,0.00028343220602754856,0.000530025500751302,0.0005658620132359477,0.00033418113224266464,0.00018297938529678447,6.971085010867895e-05,1.7834354529913713e-05
B05_std_2020_spring,0.00028229932656364073,0.0003275998475360873,0.0003755429996062837,0.00034848167095387247,0.0005643940081768449,5.067995097079126e-05,2.7097482137964798e-05
B06_std_2020_autumn,0.00028147781903114274,0.0009938950069027469,0.00019570608586670375,0.00017567089598590467,0.00028542695256366957,1.5154439912208782e-05,2.3013532955622883e-05
NDRE2_mean_2020_summer,0.0002814408303041637,0.0005647973368452887,0.00020547681264891798,0.00048192078082444947,0.000383456948035436,3.4868516336198134e-05,1.8124587134691747e-05
B06_median_2020_summer,0.0002807546839306993,0.00043172080044801014,0.000640363625021547,0.00010303367703471218,0.000484748214125137,2.2590570695363358e-05,2.07121625942621e-06
B8A_max_2021_summer,0.00028024588730108513,0.0007374421231998357,0.0003053518916676877,0.00013288278135814232,0.000490912566590583,6.061866973291759e-06,8.824094016970396e-06
B07_std_2021_autumn,0.0002797619387441373,0.0010857860691605916,0.0001975403070848498,0.0001962569254983802,0.00017728306356882455,1.5346132092397935e-05,6.359135059779472e-06
TC_bright_std_2021_spring,0.00027963873523463524,0.0001439581914332115,0.0002918414938233771,0.0004074216214292701,0.0007604922678378286,6.506006211208828e-05,9.058774772035785e-06
B05_min_2020_summer,0.0002795555598116213,0.0002840520571139241,0.0006834230311756641,0.00023738698003722766,0.00037551212256986457,6.224310497365608e-05,3.471606299939123e-05
NDVI_mean_2021_spring,0.000279437478327663,0.0003424112641426949,0.00032132404020801113,0.00020235893771626136,0.00047632901557152855,0.00032551389668640957,8.687715641072447e-06
B07_min_2020_summer,0.0002769325172739347,0.0004593833862603331,0.00047213314762571044,0.00016884910015124057,0.00034379430979789466,4.125865533003602e-05,0.0001761765044783931
CRI1_median_2021_spring,0.00027550793842608665,0.0006700824486299557,0.00026440853607642527,0.00017844460569081758,0.0001585631269503756,0.00014726941409699197,0.00023427949911195372
B07_min_2020_autumn,0.00027473503575113693,0.00016793709238893144,0.00011391887010689104,0.0007116332601690705,0.0003387673678700461,1.590723899714426e-05,0.0003002463849747383
B06_min_2021_spring,0.00027349385840397283,0.0007781793369118872,0.00022868392553866305,0.0003013836389988248,0.0002116574954795529,2.6219626676114082e-05,9.483912681879508e-05
SAVI_median_2020_summer,0.00026948464065459644,0.0010150800775443518,0.00012560914935471422,0.0001296103927104363,0.0002934957161615643,4.954071519918429e-05,3.571792957327762e-06
NDVI_mean_2021_summer,0.0002650104319330073,0.0002826122285098661,0.0002260942425223749,0.0002617769304128805,0.0007574009928948794,5.979089166817382e-05,2.387305589869161e-06
B06_q25_2020_spring,0.00026409759963444824,0.0007456285312649919,0.00028898013143826694,0.0001639206167119367,0.00015826514285553712,2.7729880571714773e-05,0.00020006129496424213
TC_green_mean_2020_autumn,0.0002640969315096166,0.00014303721182404322,9.508975630691094e-05,0.000643247921426769,0.0005895671253680065,0.000108880699172768,4.758874959201459e-06
TC_bright_std_2021_autumn,0.00026204105433588125,0.0007881400417285442,0.0001096462370524243,0.0002941745625985628,0.0003070595032006971,5.168374776980813e-05,2.1542233665251114e-05
SAVI_std_2021_spring,0.0002609943578679044,0.00025496647188010717,0.0004545637144284454,0.0003139496948575263,0.00033135415354130333,0.00013506818983130894,7.606392266873545e-05
B8A_std_2020_autumn,0.00026080458290707456,0.0008225057601065664,0.00018766887860849457,0.00022842759698109025,0.0002910430033585228,1.4358867238920751e-05,2.082339114885266e-05
B8A_min_2020_autumn,0.00025958922835215566,0.0002098943540421191,0.00010045901328671436,0.00029102869935399033,0.00038103555164050454,6.0239280687079154e-05,0.0005148784711025266
B8A_min_2021_spring,0.00025853745922369367,0.00021236775710937274,0.00027054161116453116,0.00015136150198638928,0.00018507550883959572,6.917304977925986e-06,0.000724961071264347
B06_mean_2020_autumn,0.00025795462190467773,0.00022082778781806403,0.00013237450415443705,0.0009202642003159846,0.0002585781638532469,6.845113048451329e-06,8.837962237882534e-06
B05_q75_2020_summer,0.0002569450593341611,0.0005171789607642498,0.00022415490434421118,0.0003378761495709964,0.00023359376341386935,0.00018758289541361955,4.1283682498020384e-05
CRI1_std_2021_spring,0.000256157117398617,0.00029524951896669436,0.00043243999009706424,0.0004202527945059303,0.00033036273652374293,2.3261181569751486e-05,3.5376482728518706e-05
NDRE1_mean_2021_spring,0.00025261588284499295,0.00013459351605378433,0.00022281862942919402,0.00036587714863481325,0.0006375772266373527,0.00010257171099243885,5.225706532237451e-05
B07_max_2020_spring,0.00025121123045833773,0.0007030930490095995,0.00014123951616730397,0.0004928412022795923,9.100656322196595e-05,6.229676004522973e-05,1.6790292026334755e-05
B07_q75_2020_autumn,0.0002509460277818963,0.0003160764017601647,0.00011194601913136057,0.0008334638389199956,0.00022061312879204643,7.149595932463055e-06,1.6427182155347426e-05
B05_mean_2021_spring,0.0002486224620507939,0.0001921054914626285,0.0002641015036682364,0.00019354685674496507,0.0002764149615514719,0.0005464992166589786,1.9066742218482625e-05
B07_q75_2020_summer,0.00024752599741357015,0.0006274564006792037,0.00044709140209968964,0.00014792459647297373,0.00024877540603373,3.2810127400544605e-06,1.0627166455769661e-05
B06_mean_2021_autumn,0.00024529764492087187,0.0001865614839019471,0.00020901666926015383,0.0009559745406112168,9.133370374025809e-05,6.428512517862487e-06,2.2470959493792893e-05
SAVI_q25_2020_spring,0.0002452861129628304,0.0007167565406782276,0.00019983766282214024,0.00012111241163723664,0.0003564323220823215,5.334380795975014e-05,2.42339325973065e-05
CRI1_mean_2020_spring,0.00024303235257470924,0.0005058029370929156,0.00011555272566014808,0.0001222595745565311,0.0005610113991575848,9.244774596447363e-05,6.111973301660246e-05
B07_q25_2020_spring,0.0002422845512742606,0.00017198295292214467,0.00012378073313631032,0.0008067113986924585,0.00027188904752708165,4.278010382145973e-05,3.656307154610873e-05
NDRE2_median_2020_autumn,0.0002416457287480394,0.0003630455714616385,0.0003166038832246642,0.0004848013262501349,0.00016304065191332008,9.923001793712772e-05,2.315292170135065e-05
TC_bright_std_2021_summer,0.00024064897290003223,0.0002726248585872288,0.0005888947862178256,0.0003320765404518753,0.00018156532776255217,3.9705938472938975e-05,2.9026385907772534e-05
B8A_min_2021_autumn,0.0002377663111763589,0.0002445402469791572,9.752489472902118e-05,0.0002236546072843587,0.0005871715909449192,8.071425549087681e-05,0.00019299227162982013
NDRE2_mean_2021_summer,0.00023743664266812905,0.0003085211196426906,0.0003925804545308998,0.00016842101354066767,0.0005282706734775358,3.873899232256314e-06,2.2952695584724104e-05
B07_mean_2020_autumn,0.0002295812038681234,0.0001402019739247461,0.0001546527680257662,0.0007352319721307137,0.0002817554471012642,7.216622182077279e-06,5.8428439844172684e-05
B06_median_2020_spring,0.00022842905932495003,0.00040280713313896105,0.0003011433566421644,0.00038393228551556125,0.00023785277671701158,3.45435884190211e-05,1.0295215516980675e-05
B06_max_2020_summer,0.00022735784569371487,0.0001332277018012866,0.0006853540584887853,0.00032050204364058704,0.000179541259079733,1.1208346502381368e-05,3.4313664649515806e-05
B8A_median_2020_spring,0.00022711964375477138,0.00037319789458356366,0.0005271973471957772,0.00021395452851920754,0.00015546311469810987,8.789861824031077e-05,5.006359291659045e-06
NDRE2_mean_2021_spring,0.00022643254439744739,0.00041331611234173764,0.00015034220522867285,0.00018844026019807937,0.0004563442843865094,9.878816047106165e-05,5.136424375862351e-05
SAVI_q75_2020_summer,0.0002250181267441122,0.00035555855419648527,0.00020765985740246878,6.502034305549843e-05,0.0007148675641371522,2.308933272668609e-06,4.6935084003997725e-06
CRI1_mean_2021_spring,0.00022198346247710816,0.0005431793990090979,0.0002457634451526391,8.927347970049899e-05,0.0004090802233165891,2.7872011010008287e-06,4.1817026582822894e-05
B8A_std_2020_summer,0.0002212902046243774,0.000240205316072886,0.00032968301619879745,0.00048479072723136413,0.00021352115830854988,3.094531675799241e-05,2.8595693176674646e-05
B06_q25_2020_autumn,0.0002206052069348248,0.00014441152429466259,0.0001757055531641146,0.0005015289971327946,0.0002956415506453346,9.417387890051335e-06,0.00019692622848199124
B07_max_2021_autumn,0.00021990507473660376,0.0003696940204261895,0.00025022593963171816,0.00042159422037995535,0.0002347837249290749,3.722987370050589e-05,5.902669352178843e-06
B8A_max_2021_autumn,0.00021876011234520996,0.0003371183111560311,0.0001979211857521137,0.000491265038347342,0.00019908686515036876,6.169609510079843e-05,2.5473178564605927e-05
B8A_mean_2020_summer,0.0002186421111683625,6.655547836224732e-05,0.00019068686626219633,0.00011927761249487019,0.0009290806787997377,3.0714373407679576e-06,3.1805937503557658e-06
B07_max_2021_spring,0.00021836288275247335,0.00032765955349410537,0.0003799804322162473,0.0003835991015925223,0.0001951143576534743,1.5328251317358352e-05,8.495600241132395e-06
NDVI_mean_2020_spring,0.0002170370697029714,0.00032243533662529853,0.00019879291552543673,0.00014823184198660525,0.00039927639990675496,0.0002270203821767963,6.465541996936593e-06
B07_q25_2021_autumn,0.0002137608875724072,0.00035289546275548924,7.224486038373666e-05,0.0004258244933981309,0.00025481366928806415,8.994518136743045e-05,8.684165824159199e-05
TC_bright_std_2020_autumn,0.0002113054028491934,0.0001673425822414573,0.0002761919792569567,0.00027235911160942576,0.00026942717592197895,0.0002006310663835261,8.188050168181588e-05
B06_mean_2020_summer,0.0002108335400473425,0.0004240761856822477,0.000548466955599297,0.00010894643231154034,0.00013889775871353142,1.6690838369683905e-05,2.792306960775439e-05
B07_min_2021_spring,0.000209280212212415,0.0004884826980315442,0.00026114477915062677,0.00018679528647139548,0.00019454167969989856,1.556197362010055e-05,0.00010915485630092432
B07_q25_2021_summer,0.0002091471298721237,0.0005256514927321805,6.468252209259861e-05,0.0001758964399628006,0.0002987433151673011,5.973616998797371e-05,0.00013017283928988774
B05_std_2021_spring,0.0002070196183668827,0.00017359145251529654,0.000277439975827762,0.000379376587262536,0.00025494546094365864,0.00012811853664503655,2.864569700700646e-05
IRECI_mean_2021_spring,0.00020533010819985434,0.00036990951041920557,0.00017465100970766735,0.0002931268687880576,0.00033217915341918436,5.50012949032256e-05,7.112811961785362e-06
B06_std_2021_autumn,0.00019811611942589086,0.0003735498336402304,0.00030130338014876674,0.00024070843690955206,0.00015074705915157232,4.748472824022151e-05,7.490327846500209e-05
B8A_std_2021_summer,0.00019768106621457796,0.00036551751969357484,0.00017918802766681572,0.0003588920057322904,0.0002430069004022793,3.1249116767701924e-05,8.232827024805549e-06
B07_q75_2021_summer,0.00019559605929518796,0.000360191332853819,9.394139947539898e-05,0.00035025105872702427,0.0003245966772262839,4.000076747207747e-05,4.595120016524021e-06
B06_q75_2020_autumn,0.00019491992689808836,0.0004585576655496701,0.00031476772074567346,0.00013086815966779027,0.00023748368098911108,1.4542129875670003e-05,1.3300204560615107e-05
IRECI_median_2020_summer,0.0001947422441652289,0.0002559774539872779,0.00014579509606860432,0.00011374833122456688,0.0005807455338065664,6.657983166699811e-05,5.607218237359995e-06
B8A_median_2020_summer,0.0001933719060495932,0.00019238062139250006,0.00012716837684159212,0.0003575404946332494,0.00023867953649905606,7.947421658505067e-06,0.00023651498527265644
NDRE1_mean_2021_autumn,0.0001932802858603866,0.0006934914238804565,9.677859947210836e-05,0.00022774023771279868,6.953868439655551e-05,6.896096117586048e-05,3.1718085245399516e-06
NDRE2_q25_2020_summer,0.00019327700470576635,0.00018783137273261144,0.00011529986536923079,0.00022201442442913632,0.0005507080794401188,6.561652691937495e-06,7.724663357156317e-05
B06_std_2020_summer,0.00019325834506315453,0.0003700334707647386,0.00026213971873010716,0.00024034220492766473,0.00025563429283957976,1.867104216326441e-05,1.2729340953572338e-05
B07_median_2021_summer,0.00019179182211357627,0.0002351968852821593,0.0003617631110402444,0.00031212379970732156,0.00021696608687232687,8.176670818748102e-06,1.6524378960657288e-05
B8A_mean_2021_spring,0.0001912750086318335,6.596541901743385e-05,0.000513871691210226,0.00018255209911349134,0.0003461037855970856,3.773519331517224e-05,1.4218635375921458e-06
B07_min_2021_summer,0.00019008434203152848,0.00016077863708596456,0.000270000684225464,0.00016412358334400894,0.00032964557381019125,4.7389992170190564e-06,0.000211218574506523
B07_mean_2020_summer,0.00018959764543418094,0.0003029040445586314,0.00046550840395981715,0.0001877507125911492,0.0001622711323800241,1.789235700913008e-05,1.259222106333783e-06
B06_q75_2020_summer,0.00018912477775312824,0.0003940740834523237,0.00010417321431300238,0.0002620135430834108,0.000331531893968167,2.9018499916205904e-05,1.393743178565983e-05
SAVI_q25_2020_summer,0.0001864858677623451,0.00035130151810291635,9.85729172686647e-05,0.00010958290008502143,0.0005361801447426024,1.9527488013813193e-05,3.750238361052222e-06
NDRE2_mean_2021_autumn,0.00018544359184569992,0.0004370692293617747,0.0002706640437328424,0.0001802192206874878,0.00010963632937348093,0.00011300480956308827,2.0679183555254085e-06
B07_q25_2020_autumn,0.00018474308108481043,0.00040049106941200137,0.00019424790231806156,0.0003094663732587153,0.00012810049048230342,2.2391475959489567e-05,5.376117507829141e-05
SAVI_mean_2020_spring,0.00018426587853529583,0.00016474883733856723,0.00018148949681718275,3.437761032789862e-05,0.000656026261050691,4.821240719861469e-05,2.0740658478820865e-05
B07_max_2021_summer,0.000182944601291097,0.0001938205635376073,0.00020731666949215505,0.00048060748783360834,0.00016820142998860986,2.94490995155585e-05,1.8272357379042874e-05
SAVI_mean_2020_summer,0.0001821736541556177,0.000466688998081209,9.322584979681636e-05,0.0003240659532283148,0.00020799876316422958,1.0623606631365397e-06,0.0
B07_median_2020_summer,0.00018062269349742698,0.00028717857445695875,0.00037389269383281766,0.0002737316344618392,0.00013623646994514777,2.3976527275732203e-06,1.0299135560225287e-05
B8A_max_2020_summer,0.00017914942762284702,0.00014663663837378237,0.00018222639721673586,0.00014436608323861516,0.0005790174960281962,8.991341811427335e-06,1.365860906832497e-05
B05_std_2020_summer,0.00017560748648289798,0.00024040034978056062,0.000204948374517062,0.0003433250765618422,0.00016412353301562872,7.238253769220491e-05,2.8465047330089327e-05
B05_mean_2020_autumn,0.00017527374246155194,0.0004202686939237921,7.257549079017683e-05,0.00037801918315654494,0.0001403115413130432,2.360943063959204e-05,1.6858114946162404e-05
NDRE2_mean_2020_autumn,0.00017459075738966452,0.00038233685812459676,0.00018331423666732155,0.00015535884345165032,0.00019690446973224095,7.489190934143186e-05,5.473822702074576e-05
NDVI_mean_2021_autumn,0.00017441611684231048,0.0005096324435382342,0.0002227575969911884,6.807717176075324e-05,0.00018970125236240725,4.0099960394567425e-05,1.622827600671218e-05
NDRE1_mean_2020_spring,0.00017181782127428987,0.00025555166439657147,0.0003203939902988528,5.336613272725046e-05,0.00014417844176908904,0.00021592451295629836,4.1492185497677266e-05
B06_median_2021_spring,0.00017040574793830885,0.00013553989089718882,0.0006061774421024267,9.174020019425072e-05,0.00011282553320307878,3.0215104364690638e-05,4.593631686821748e-05
B8A_median_2020_autumn,0.00017010980145328923,0.00017352467808831403,0.00021253391627916346,0.00030838045927792995,0.00022595024802126427,1.8939110185060514e-05,8.133039686800312e-05
IRECI_mean_2020_spring,0.00017009669428713628,0.00010327375947695023,0.0003991600445916123,9.907248662260452e-05,0.0003101044611295145,8.944081571506494e-05,1.952859818707126e-05
B8A_mean_2021_autumn,0.00016849102005922522,0.00010839982820494172,0.00030375431883577315,0.00030775524363025307,0.00028282889000981844,1.1283734016136322e-06,7.079466272951276e-06
B07_std_2021_summer,0.00016828046642580895,0.0004591814576883893,9.405698183386631e-05,0.00017624006854547394,0.00022277898241548894,3.956613058317011e-05,1.7859177488465266e-05
NDRE2_median_2020_summer,0.00016648220137744857,0.00010114681540664482,0.00011392893841411554,0.0004612459644671591,0.00029084754425792454,1.9085530673953648e-05,1.2638415044893556e-05
NDRE1_mean_2020_autumn,0.00016436107167834676,0.00015443257624714543,0.00022197961930438221,0.0003882906039496816,0.00016178229461302258,5.748486872183708e-05,2.1964672340114735e-06
B07_median_2020_spring,0.00016417028351793032,0.00012077283309602684,0.0001001705512837771,0.00023129919449313188,0.00048385043664314045,3.136417639502751e-05,1.75645091964782e-05
B06_mean_2020_spring,0.00016297587308244403,0.00019758563335820398,0.0004543488149100408,6.233380851101395e-05,0.0002223523849847998,1.890824305422027e-05,2.232635367638548e-05
B07_mean_2021_autumn,0.00016126810687368655,0.0002360626221595642,0.000264852685317996,0.00036317516679966266,9.213893665895566e-05,1.9596162120353892e-06,9.419614093905453e-06
IRECI_median_2021_spring,0.00015928082296336895,8.454879310302185e-05,0.00047655850662671093,7.688023303539866e-05,0.0002751491758533169,3.406636511062047e-05,8.481864051144951e-06
B8A_q75_2021_summer,0.00015817836825525211,0.0002620592353981781,0.00011668437281438953,0.0002269384459547934,0.00031103243472133764,2.5772054345703556e-05,6.583666297110522e-06
B8A_mean_2020_spring,0.00015813327849050553,0.00016374718441696253,0.00013108143921449907,0.00023514759049562996,0.0003729167463647037,6.763880445024216e-06,3.9142830006213715e-05
B07_q75_2021_spring,0.00015027727936140216,0.00014416409380722388,0.00014314013489914366,0.0003732989451144138,0.00020829042182275473,2.6498750707902498e-05,6.271329816974283e-06
B8A_mean_2020_autumn,0.00014648006846715246,0.00015127830729419231,0.00010719444336395866,0.000296185428838304,0.00028734076974736564,6.43167735614896e-06,3.044978420294515e-05
B07_std_2020_autumn,0.0001460906092082274,0.00014043764464029404,0.00012920363525145007,0.000199274605681736,0.00033853678740479296,4.447133851232562e-05,2.461964375876575e-05
B07_std_2020_summer,0.00014589718441427772,0.00016781215275499635,0.0002809050699094094,0.0001920429888548549,0.00020402909687367151,1.9804017267099794e-05,1.0789780825634366e-05
B06_q25_2021_spring,0.0001403573133295878,0.0003474773825578772,0.00012773883582607503,0.00014084070974846376,8.048648966201578e-05,1.8235912181889797e-05,0.00012736455000120531
B07_mean_2021_spring,0.00013709876869854673,0.00018483870373730071,0.0003678879900339539,0.00015751202032563178,0.00010543819764065005,4.3253154604868784e-06,2.590384993257152e-06
B8A_mean_2021_summer,0.00013270119631001822,8.10527544266372e-05,0.00013914627333391574,0.0003240860723486505,0.0001877166548762091,9.77065955143738e-06,5.443476332325936e-05
NDVI_mean_2020_summer,0.00013065172195608695,0.00039249757607060306,8.406998458045735e-05,0.00015345238289564525,8.131040470910464e-05,1.1813996820354489e-05,6.076598666035678e-05
B8A_max_2020_autumn,0.00012969019775352302,0.00036325553057675033,0.00012782882512761386,0.00012966017857711208,0.00011646729643716677,8.956492430089528e-06,3.1972863372405474e-05
B07_median_2020_autumn,0.0001244961109460481,0.00014933346697540558,7.345747836341633e-05,0.0002092717027714932,0.000283132948992912,5.234346853516139e-06,2.6546721719545092e-05
NDRE1_median_2021_spring,0.00012367416640487444,0.0002130102474521848,0.00011473210127790155,4.356291681746475e-05,0.00022442350063072187,0.0001302190227528677,1.6097209498106002e-05
B8A_median_2021_autumn,0.00012266083305362694,0.00014718338322976168,0.00025560586942893797,7.564478475219946e-05,0.0002287143271612469,3.4300828165786937e-06,2.538655093303694e-05
B8A_q75_2021_spring,0.00012133473834014515,0.00013543070687457122,0.0001999785106502149,0.0001186204413918624,0.00022454888938501803,4.683858122599585e-05,2.5913005132085007e-06
B07_mean_2021_summer,0.00011943550942445509,0.00013186399430232152,0.0002259004759240694,0.00012417682728833076,0.00022703265983525924,4.335568697554107e-06,3.3035304991956413e-06
B07_median_2021_spring,0.00011786520582282704,0.00017806590134546198,0.0003226888098497661,1.9887922566749786e-05,0.00014878942800878827,2.6327944117666154e-05,1.1431229048529912e-05
SAVI_mean_2021_autumn,0.00011437903902086717,0.0001039368147038336,0.0001945524255594236,0.00030072394112199097,6.026128962642851e-05,2.0015933681057684e-05,6.783829432468641e-06
B8A_median_2021_spring,0.00010594652820178134,9.683184588332252e-05,0.00022275783218312706,0.0001193858326032116,0.0001459996711724371,2.696089554706404e-05,2.37430918215256e-05
B07_mean_2020_spring,0.00010108111762828505,0.00021309609923283389,0.00010226955626114368,0.00012089533095302554,0.00015672911951590695,6.695374064543785e-06,6.801225742256449e-06
B07_q25_2021_spring,9.474417931522127e-05,0.0002481594499144697,0.00014162852228348955,4.8472656551560236e-05,0.0001060798053547362,7.662996745933156e-06,1.6461645041138867e-05
B8A_q25_2021_spring,9.09715637217538e-05,0.00015425832979569794,0.00015739462402036402,7.330210416676923e-05,0.00011902234754507432,1.6763573428933777e-05,2.508840337368351e-05
B06_mean_2021_spring,8.17628634528541e-05,4.5368410662563345e-05,0.00019933110987685254,0.00016095426937957474,5.6614670887124334e-05,2.1385933265435262e-05,6.922786645574381e-06
B05_finite_frac_2021_spring,5.138553709807972e-05,8.985124058065562e-05,2.2245307981167636e-05,5.800359479209931e-05,5.3987517935459214e-05,8.20328914430714e-06,7.602227215478937e-05
B05_finite_frac_2020_autumn,3.8335260480498714e-05,0.00011259096415499944,3.668502082520106e-05,0.0,6.262471144542032e-05,8.100628170240647e-06,1.0010238287130791e-05
B05_finite_frac_2021_autumn,3.605736270375916e-05,7.503457872432898e-05,2.7832926062048118e-05,8.33122505247342e-06,5.733859507279987e-05,1.168740250350959e-06,4.663811106055362e-05
B05_finite_frac_2021_summer,1.803160868159873e-05,1.1748868657679805e-05,7.91996832434308e-06,0.0,4.0163663204681265e-05,1.3380791768884567e-06,4.701907272599978e-05
B06_finite_frac_2020_autumn,1.3590838154557703e-05,5.95601228970459e-05,4.186766280305732e-06,0.0,1.717064418600804e-05,0.0,6.274955639865455e-07
B05_finite_frac_2020_summer,1.3510725317731673e-05,1.9690084104110594e-05,2.2622810015076587e-05,0.0,3.4590187500162734e-05,0.0,4.161270287040125e-06
B05_finite_frac_2020_spring,1.1344113599117607e-05,2.013988345847416e-05,4.831886707754227e-06,0.0,3.249992547190646e-05,4.7106655136112967e-07,1.0121919405209665e-05
B06_finite_frac_2021_spring,9.590525513091491e-06,9.012802590198554e-06,6.8312306474594e-06,1.114841179044534e-05,2.3397057859098683e-05,0.0,7.153650191346966e-06
B06_finite_frac_2021_autumn,5.108586296157985e-06,0.0,0.0,5.695121192961421e-06,1.926797864785915e-05,0.0,5.688417936127342e-06
B06_finite_frac_2021_summer,4.975770993037103e-06,5.936633954749242e-06,1.7937601567767387e-06,0.0,8.584459930670175e-06,5.018643576854185e-07,1.303790755834105e-05
B07_finite_frac_2020_autumn,3.6881069500427226e-06,0.0,0.0,0.0,2.2128641700256336e-05,0.0,0.0
B06_finite_frac_2020_summer,3.435159450484632e-06,1.110491536201901e-05,0.0,0.0,5.721072719309773e-06,0.0,3.7849686215790086e-06
B07_finite_frac_2021_autumn,2.873641330787303e-06,7.419322284189921e-06,0.0,0.0,4.13052865010689e-06,0.0,5.691997050427006e-06
B06_finite_frac_2020_spring,2.814490796426224e-06,8.320890642140695e-06,0.0,0.0,6.228752121023281e-06,0.0,2.337302015393367e-06
B07_finite_frac_2020_summer,2.4854572013087056e-06,8.33093461097839e-06,6.581808596873844e-06,0.0,0.0,0.0,0.0
B07_finite_frac_2021_spring,1.7210914133519392e-06,8.605887960912366e-06,0.0,0.0,0.0,0.0,1.7206605191992689e-06
B07_finite_frac_2021_summer,7.33219834534334e-07,0.0,0.0,0.0,0.0,0.0,4.399319007206004e-06
B8A_finite_frac_2021_spring,0.0,0.0,0.0,0.0,0.0,0.0,0.0
B8A_finite_frac_2020_autumn,0.0,0.0,0.0,0.0,0.0,0.0,0.0
B8A_finite_frac_2020_summer,0.0,0.0,0.0,0.0,0.0,0.0,0.0
B8A_finite_frac_2020_spring,0.0,0.0,0.0,0.0,0.0,0.0,0.0
B8A_finite_frac_2021_autumn,0.0,0.0,0.0,0.0,0.0,0.0,0.0
B8A_finite_frac_2021_summer,0.0,0.0,0.0,0.0,0.0,0.0,0.0
B07_finite_frac_2020_spring,0.0,0.0,0.0,0.0,0.0,0.0,0.0
